lakename,sampledate,depth,tn_ug,tp_ug,po4,temperature_C
Paul Lake,1984-05-27,0.0,,,,14.5
Paul Lake,1984-05-27,0.25,,,,
Paul Lake,1984-05-27,0.5,,,,
Paul Lake,1984-05-27,0.75,,,,
Paul Lake,1984-05-27,1.0,,,,14.5
Paul Lake,1984-05-27,1.5,,,,
Paul Lake,1984-05-27,2.0,,,,14.2
Paul Lake,1984-05-27,3.0,,,,11.0
Paul Lake,1984-05-27,4.0,,,,7.0
Paul Lake,1984-05-27,5.0,,,,6.1
Paul Lake,1984-05-27,6.0,,,,5.5
Paul Lake,1984-05-27,7.0,,,,5.0
Paul Lake,1984-05-27,8.0,,,,4.5
Paul Lake,1984-05-27,9.0,,,,4.5
Paul Lake,1984-05-27,10.0,,,,4.5
Paul Lake,1984-05-27,11.0,,,,4.5
Paul Lake,1984-05-27,12.0,,,,4.5
Paul Lake,1984-06-03,0.0,,,,18.8
Paul Lake,1984-06-03,0.25,,,,
Paul Lake,1984-06-03,0.5,,,,18.8
Paul Lake,1984-06-03,0.75,,,,
Paul Lake,1984-06-03,1.0,,,,18.7
Paul Lake,1984-06-03,1.5,,,,18.3
Paul Lake,1984-06-03,2.0,,,,17.0
Paul Lake,1984-06-03,2.5,,,,15.2
Paul Lake,1984-06-03,3.0,,,,13.0
Paul Lake,1984-06-03,3.5,,,,10.8
Paul Lake,1984-06-03,4.0,,,,9.0
Paul Lake,1984-06-03,5.0,,,,6.7
Paul Lake,1984-06-03,6.0,,,,5.8
Paul Lake,1984-06-03,7.0,,,,5.0
Paul Lake,1984-06-03,8.0,,,,4.8
Paul Lake,1984-06-03,10.0,,,,4.7
Paul Lake,1984-06-10,0.0,,,,19.6
Paul Lake,1984-06-10,0.25,,,,
Paul Lake,1984-06-10,0.5,,,,19.6
Paul Lake,1984-06-10,0.75,,,,
Paul Lake,1984-06-10,1.0,,,,19.6
Paul Lake,1984-06-10,1.5,,,,19.4
Paul Lake,1984-06-10,2.0,,,,19.2
Paul Lake,1984-06-10,2.5,,,,16.8
Paul Lake,1984-06-10,3.0,,,,14.4
Paul Lake,1984-06-10,3.5,,,,12.0
Paul Lake,1984-06-10,4.0,,,,10.0
Paul Lake,1984-06-10,5.0,,,,7.3
Paul Lake,1984-06-10,6.0,,,,6.2
Paul Lake,1984-06-10,7.0,,,,5.2
Paul Lake,1984-06-10,8.0,,,,4.9
Paul Lake,1984-06-10,9.0,,,,4.8
Paul Lake,1984-06-10,10.0,,,,4.8
Paul Lake,1984-06-17,0.0,,,,21.0
Paul Lake,1984-06-17,0.25,,,,
Paul Lake,1984-06-17,0.5,,,,21.0
Paul Lake,1984-06-17,0.75,,,,
Paul Lake,1984-06-17,1.0,,,,20.8
Paul Lake,1984-06-17,1.5,,,,20.5
Paul Lake,1984-06-17,2.0,,,,20.2
Paul Lake,1984-06-17,2.5,,,,18.1
Paul Lake,1984-06-17,3.0,,,,15.7
Paul Lake,1984-06-17,3.5,,,,13.0
Paul Lake,1984-06-17,4.0,,,,10.7
Paul Lake,1984-06-17,5.0,,,,7.8
Paul Lake,1984-06-17,6.0,,,,6.5
Paul Lake,1984-06-17,7.0,,,,5.4
Paul Lake,1984-06-17,8.0,,,,5.0
Paul Lake,1984-06-17,9.0,,,,5.0
Paul Lake,1984-06-17,10.0,,,,4.9
Paul Lake,1984-06-24,0.0,,,,19.9
Paul Lake,1984-06-24,0.25,,,,
Paul Lake,1984-06-24,0.5,,,,20.0
Paul Lake,1984-06-24,0.75,,,,
Paul Lake,1984-06-24,1.0,,,,20.0
Paul Lake,1984-06-24,1.5,,,,20.0
Paul Lake,1984-06-24,2.0,,,,19.8
Paul Lake,1984-06-24,2.5,,,,19.7
Paul Lake,1984-06-24,3.0,,,,16.1
Paul Lake,1984-06-24,3.5,,,,13.6
Paul Lake,1984-06-24,4.0,,,,11.3
Paul Lake,1984-06-24,5.0,,,,7.0
Paul Lake,1984-06-24,6.0,,,,6.6
Paul Lake,1984-06-24,7.0,,,,5.5
Paul Lake,1984-06-24,8.0,,,,5.1
Paul Lake,1984-06-24,10.0,,,,4.9
Paul Lake,1984-07-01,0.0,,,,22.8
Paul Lake,1984-07-01,0.25,,,,
Paul Lake,1984-07-01,0.5,,,,22.9
Paul Lake,1984-07-01,0.75,,,,
Paul Lake,1984-07-01,1.0,,,,22.8
Paul Lake,1984-07-01,1.5,,,,22.7
Paul Lake,1984-07-01,2.0,,,,21.7
Paul Lake,1984-07-01,2.5,,,,20.3
Paul Lake,1984-07-01,3.0,,,,18.2
Paul Lake,1984-07-01,3.5,,,,14.8
Paul Lake,1984-07-01,4.0,,,,12.3
Paul Lake,1984-07-01,5.0,,,,8.9
Paul Lake,1984-07-01,6.0,,,,6.9
Paul Lake,1984-07-01,7.0,,,,5.7
Paul Lake,1984-07-01,8.0,,,,5.2
Paul Lake,1984-07-01,9.0,,,,5.0
Paul Lake,1984-07-01,10.0,,,,4.9
Paul Lake,1984-07-08,0.0,,,,20.1
Paul Lake,1984-07-08,0.25,,,,
Paul Lake,1984-07-08,0.5,,,,20.1
Paul Lake,1984-07-08,0.75,,,,
Paul Lake,1984-07-08,1.0,,,,20.1
Paul Lake,1984-07-08,1.5,,,,20.1
Paul Lake,1984-07-08,2.0,,,,20.0
Paul Lake,1984-07-08,2.5,,,,20.0
Paul Lake,1984-07-08,3.0,,,,18.7
Paul Lake,1984-07-08,3.5,,,,15.8
Paul Lake,1984-07-08,4.0,,,,13.2
Paul Lake,1984-07-08,5.0,,,,9.4
Paul Lake,1984-07-08,6.0,,,,7.0
Paul Lake,1984-07-08,7.0,,,,5.9
Paul Lake,1984-07-08,8.0,,,,5.3
Paul Lake,1984-07-08,9.0,,,,5.0
Paul Lake,1984-07-08,10.0,,,,5.0
Paul Lake,1984-07-15,0.0,,,,21.5
Paul Lake,1984-07-15,0.25,,,,
Paul Lake,1984-07-15,0.5,,,,21.6
Paul Lake,1984-07-15,0.75,,,,
Paul Lake,1984-07-15,1.0,,,,21.6
Paul Lake,1984-07-15,1.5,,,,21.6
Paul Lake,1984-07-15,2.0,,,,21.5
Paul Lake,1984-07-15,2.5,,,,21.2
Paul Lake,1984-07-15,3.0,,,,18.8
Paul Lake,1984-07-15,3.5,,,,16.2
Paul Lake,1984-07-15,4.0,,,,13.5
Paul Lake,1984-07-15,5.0,,,,9.4
Paul Lake,1984-07-15,6.0,,,,7.2
Paul Lake,1984-07-15,6.5,,,,
Paul Lake,1984-07-15,7.0,,,,5.8
Paul Lake,1984-07-15,8.0,,,,5.2
Paul Lake,1984-07-15,10.0,,,,5.0
Paul Lake,1984-07-22,0.0,,,,23.2
Paul Lake,1984-07-22,0.25,,,,
Paul Lake,1984-07-22,0.5,,,,23.2
Paul Lake,1984-07-22,0.75,,,,
Paul Lake,1984-07-22,1.0,,,,23.2
Paul Lake,1984-07-22,1.5,,,,22.7
Paul Lake,1984-07-22,2.0,,,,21.8
Paul Lake,1984-07-22,2.5,,,,21.0
Paul Lake,1984-07-22,3.0,,,,19.7
Paul Lake,1984-07-22,3.5,,,,17.0
Paul Lake,1984-07-22,4.0,,,,14.2
Paul Lake,1984-07-22,5.0,,,,10.0
Paul Lake,1984-07-22,6.0,,,,7.7
Paul Lake,1984-07-22,6.5,,,,
Paul Lake,1984-07-22,7.0,,,,5.9
Paul Lake,1984-07-22,8.0,,,,5.3
Paul Lake,1984-07-22,10.0,,,,5.0
Paul Lake,1984-07-29,0.0,,,,22.7
Paul Lake,1984-07-29,0.25,,,,
Paul Lake,1984-07-29,0.5,,,,22.8
Paul Lake,1984-07-29,0.75,,,,
Paul Lake,1984-07-29,1.0,,,,22.8
Paul Lake,1984-07-29,1.5,,,,22.8
Paul Lake,1984-07-29,2.0,,,,22.7
Paul Lake,1984-07-29,2.5,,,,22.3
Paul Lake,1984-07-29,3.0,,,,20.5
Paul Lake,1984-07-29,3.5,,,,17.6
Paul Lake,1984-07-29,4.0,,,,14.9
Paul Lake,1984-07-29,5.0,,,,11.4
Paul Lake,1984-07-29,5.5,,,,
Paul Lake,1984-07-29,6.0,,,,7.8
Paul Lake,1984-07-29,6.5,,,,
Paul Lake,1984-07-29,7.0,,,,6.3
Paul Lake,1984-07-29,8.0,,,,5.4
Paul Lake,1984-07-29,10.0,,,,5.1
Paul Lake,1984-08-05,0.0,,,,23.4
Paul Lake,1984-08-05,0.25,,,,
Paul Lake,1984-08-05,0.5,,,,23.4
Paul Lake,1984-08-05,0.75,,,,
Paul Lake,1984-08-05,1.0,,,,23.4
Paul Lake,1984-08-05,1.5,,,,23.4
Paul Lake,1984-08-05,2.0,,,,23.3
Paul Lake,1984-08-05,2.5,,,,23.0
Paul Lake,1984-08-05,3.0,,,,21.6
Paul Lake,1984-08-05,3.5,,,,18.2
Paul Lake,1984-08-05,4.0,,,,15.9
Paul Lake,1984-08-05,5.0,,,,11.3
Paul Lake,1984-08-05,5.5,,,,
Paul Lake,1984-08-05,6.0,,,,8.0
Paul Lake,1984-08-05,6.5,,,,
Paul Lake,1984-08-05,7.0,,,,6.3
Paul Lake,1984-08-05,8.0,,,,5.5
Paul Lake,1984-08-05,10.0,,,,5.0
Paul Lake,1984-08-12,0.0,,,,22.4
Paul Lake,1984-08-12,0.25,,,,
Paul Lake,1984-08-12,0.5,,,,22.5
Paul Lake,1984-08-12,0.75,,,,
Paul Lake,1984-08-12,1.0,,,,22.5
Paul Lake,1984-08-12,1.5,,,,22.5
Paul Lake,1984-08-12,2.0,,,,22.4
Paul Lake,1984-08-12,2.5,,,,22.3
Paul Lake,1984-08-12,3.0,,,,21.8
Paul Lake,1984-08-12,3.5,,,,19.3
Paul Lake,1984-08-12,4.0,,,,16.3
Paul Lake,1984-08-12,4.5,,,,
Paul Lake,1984-08-12,5.0,,,,11.6
Paul Lake,1984-08-12,5.5,,,,
Paul Lake,1984-08-12,6.0,,,,8.5
Paul Lake,1984-08-12,6.5,,,,
Paul Lake,1984-08-12,7.0,,,,6.4
Paul Lake,1984-08-12,8.0,,,,5.7
Paul Lake,1984-08-12,10.0,,,,5.1
Paul Lake,1984-08-19,0.0,,,,22.6
Paul Lake,1984-08-19,0.25,,,,
Paul Lake,1984-08-19,0.5,,,,22.6
Paul Lake,1984-08-19,0.75,,,,
Paul Lake,1984-08-19,1.0,,,,22.6
Paul Lake,1984-08-19,1.5,,,,22.6
Paul Lake,1984-08-19,2.0,,,,22.6
Paul Lake,1984-08-19,2.5,,,,22.6
Paul Lake,1984-08-19,3.0,,,,22.4
Paul Lake,1984-08-19,3.5,,,,20.3
Paul Lake,1984-08-19,4.0,,,,17.8
Paul Lake,1984-08-19,5.0,,,,12.0
Paul Lake,1984-08-19,5.5,,,,
Paul Lake,1984-08-19,6.0,,,,8.7
Paul Lake,1984-08-19,6.5,,,,
Paul Lake,1984-08-19,7.0,,,,6.6
Paul Lake,1984-08-19,8.0,,,,5.8
Paul Lake,1984-08-19,10.0,,,,5.2
Paul Lake,1984-08-26,0.0,,,,20.0
Paul Lake,1984-08-26,0.5,,,,20.0
Paul Lake,1984-08-26,1.0,,,,20.0
Paul Lake,1984-08-26,1.5,,,,20.0
Paul Lake,1984-08-26,2.0,,,,20.0
Paul Lake,1984-08-26,2.5,,,,20.0
Paul Lake,1984-08-26,3.0,,,,19.9
Paul Lake,1984-08-26,3.5,,,,19.8
Paul Lake,1984-08-26,4.0,,,,18.1
Paul Lake,1984-08-26,5.0,,,,12.6
Paul Lake,1984-08-26,6.0,,,,8.9
Paul Lake,1984-08-26,7.0,,,,6.6
Paul Lake,1984-08-26,8.0,,,,5.7
Paul Lake,1984-08-26,20.0,,,,5.1
Paul Lake,1985-05-17,0.0,,,,14.5
Paul Lake,1985-05-17,1.0,,,,14.2
Paul Lake,1985-05-17,2.0,,,,14.2
Paul Lake,1985-05-17,3.0,,,,8.5
Paul Lake,1985-05-17,4.0,,,,6.2
Paul Lake,1985-05-17,5.0,,,,5.0
Paul Lake,1985-05-17,6.0,,,,4.9
Paul Lake,1985-05-17,7.0,,,,4.5
Paul Lake,1985-05-17,8.0,,,,4.5
Paul Lake,1985-05-17,10.0,,,,4.5
Paul Lake,1985-05-17,11.0,,,,4.5
Paul Lake,1985-05-20,0.0,,,,14.9
Paul Lake,1985-05-20,0.25,,,,
Paul Lake,1985-05-20,0.5,,,,
Paul Lake,1985-05-20,0.75,,,,
Paul Lake,1985-05-20,1.0,,,,15.3
Paul Lake,1985-05-20,1.5,,,,
Paul Lake,1985-05-20,2.0,,,,15.1
Paul Lake,1985-05-20,2.5,,,,
Paul Lake,1985-05-20,3.0,,,,9.2
Paul Lake,1985-05-20,4.0,,,,6.6
Paul Lake,1985-05-20,5.0,,,,5.0
Paul Lake,1985-05-20,6.0,,,,4.8
Paul Lake,1985-05-20,7.0,,,,4.5
Paul Lake,1985-05-20,8.0,,,,4.4
Paul Lake,1985-05-20,10.0,,,,4.3
Paul Lake,1985-05-27,0.0,,,,15.5
Paul Lake,1985-05-27,0.25,,,,
Paul Lake,1985-05-27,0.5,,,,15.5
Paul Lake,1985-05-27,0.75,,,,
Paul Lake,1985-05-27,1.0,,,,15.6
Paul Lake,1985-05-27,1.5,,,,15.7
Paul Lake,1985-05-27,2.0,,,,15.7
Paul Lake,1985-05-27,2.5,,,,14.3
Paul Lake,1985-05-27,3.0,,,,11.2
Paul Lake,1985-05-27,3.5,,,,9.2
Paul Lake,1985-05-27,4.0,,,,7.5
Paul Lake,1985-05-27,5.0,,,,5.8
Paul Lake,1985-05-27,6.0,,,,5.0
Paul Lake,1985-05-27,7.0,,,,4.8
Paul Lake,1985-05-27,8.0,,,,4.5
Paul Lake,1985-05-27,10.0,,,,4.5
Paul Lake,1985-06-03,0.0,,,,14.8
Paul Lake,1985-06-03,0.25,,,,
Paul Lake,1985-06-03,0.5,,,,15.1
Paul Lake,1985-06-03,0.75,,,,
Paul Lake,1985-06-03,1.0,,,,15.1
Paul Lake,1985-06-03,1.5,,,,15.1
Paul Lake,1985-06-03,2.0,,,,15.0
Paul Lake,1985-06-03,2.5,,,,14.8
Paul Lake,1985-06-03,3.0,,,,13.9
Paul Lake,1985-06-03,3.5,,,,10.6
Paul Lake,1985-06-03,4.0,,,,8.4
Paul Lake,1985-06-03,4.5,,,,
Paul Lake,1985-06-03,5.0,,,,6.3
Paul Lake,1985-06-03,5.5,,,,
Paul Lake,1985-06-03,6.0,,,,5.3
Paul Lake,1985-06-03,7.0,,,,
Paul Lake,1985-06-03,8.0,,,,4.6
Paul Lake,1985-06-03,10.0,,,,4.6
Paul Lake,1985-06-10,0.0,,,,17.8
Paul Lake,1985-06-10,0.25,,,,
Paul Lake,1985-06-10,0.5,,,,17.8
Paul Lake,1985-06-10,0.75,,,,
Paul Lake,1985-06-10,1.0,,,,18.0
Paul Lake,1985-06-10,1.5,,,,17.8
Paul Lake,1985-06-10,2.0,,,,17.5
Paul Lake,1985-06-10,2.5,,,,16.0
Paul Lake,1985-06-10,3.0,,,,14.0
Paul Lake,1985-06-10,3.5,,,,11.3
Paul Lake,1985-06-10,4.0,,,,9.0
Paul Lake,1985-06-10,5.0,,,,6.8
Paul Lake,1985-06-10,6.0,,,,5.2
Paul Lake,1985-06-10,7.0,,,,4.9
Paul Lake,1985-06-10,8.0,,,,4.5
Paul Lake,1985-06-10,10.0,,,,4.2
Paul Lake,1985-06-17,0.0,,,,18.4
Paul Lake,1985-06-17,0.5,,,,18.4
Paul Lake,1985-06-17,1.0,,,,18.4
Paul Lake,1985-06-17,1.5,,,,18.3
Paul Lake,1985-06-17,2.0,,,,18.2
Paul Lake,1985-06-17,2.5,,,,17.8
Paul Lake,1985-06-17,3.0,,,,16.0
Paul Lake,1985-06-17,3.5,,,,12.3
Paul Lake,1985-06-17,4.0,,,,10.2
Paul Lake,1985-06-17,5.0,,,,6.7
Paul Lake,1985-06-17,6.0,,,,5.6
Paul Lake,1985-06-17,7.0,,,,5.1
Paul Lake,1985-06-17,8.0,,,,4.9
Paul Lake,1985-06-17,9.0,,,,4.8
Paul Lake,1985-06-17,10.0,,,,4.7
Paul Lake,1985-06-24,0.0,,,,19.0
Paul Lake,1985-06-24,0.25,,,,
Paul Lake,1985-06-24,0.5,,,,18.5
Paul Lake,1985-06-24,0.75,,,,
Paul Lake,1985-06-24,1.0,,,,18.5
Paul Lake,1985-06-24,1.5,,,,
Paul Lake,1985-06-24,2.0,,,,17.2
Paul Lake,1985-06-24,2.5,,,,
Paul Lake,1985-06-24,3.0,,,,16.0
Paul Lake,1985-06-24,3.5,,,,
Paul Lake,1985-06-24,4.0,,,,11.3
Paul Lake,1985-06-24,4.5,,,,
Paul Lake,1985-06-24,5.0,,,,7.6
Paul Lake,1985-06-24,5.5,,,,
Paul Lake,1985-06-24,6.0,,,,5.1
Paul Lake,1985-06-24,7.0,,,,4.9
Paul Lake,1985-06-24,8.0,,,,4.2
Paul Lake,1985-06-24,9.0,,,,3.9
Paul Lake,1985-06-24,10.0,,,,
Paul Lake,1985-07-01,0.0,,,,21.9
Paul Lake,1985-07-01,0.25,,,,
Paul Lake,1985-07-01,0.5,,,,22.0
Paul Lake,1985-07-01,0.75,,,,
Paul Lake,1985-07-01,1.0,,,,22.0
Paul Lake,1985-07-01,1.5,,,,22.0
Paul Lake,1985-07-01,2.0,,,,21.5
Paul Lake,1985-07-01,2.5,,,,20.2
Paul Lake,1985-07-01,3.0,,,,17.9
Paul Lake,1985-07-01,3.5,,,,16.0
Paul Lake,1985-07-01,4.0,,,,13.0
Paul Lake,1985-07-01,4.5,,,,
Paul Lake,1985-07-01,5.0,,,,9.9
Paul Lake,1985-07-01,6.0,,,,7.5
Paul Lake,1985-07-01,7.0,,,,6.3
Paul Lake,1985-07-01,8.0,,,,5.8
Paul Lake,1985-07-01,10.0,,,,5.0
Paul Lake,1985-07-01,12.0,,,,5.0
Paul Lake,1985-07-08,0.0,,,,22.7
Paul Lake,1985-07-08,0.25,,,,
Paul Lake,1985-07-08,0.5,,,,22.8
Paul Lake,1985-07-08,0.75,,,,
Paul Lake,1985-07-08,1.0,,,,22.4
Paul Lake,1985-07-08,1.5,,,,21.9
Paul Lake,1985-07-08,2.0,,,,21.6
Paul Lake,1985-07-08,2.5,,,,21.0
Paul Lake,1985-07-08,3.0,,,,19.3
Paul Lake,1985-07-08,3.5,,,,16.9
Paul Lake,1985-07-08,4.0,,,,13.0
Paul Lake,1985-07-08,4.5,,,,11.0
Paul Lake,1985-07-08,5.0,,,,9.0
Paul Lake,1985-07-08,5.5,,,,7.2
Paul Lake,1985-07-08,6.0,,,,6.7
Paul Lake,1985-07-08,6.5,,,,
Paul Lake,1985-07-08,7.0,,,,5.5
Paul Lake,1985-07-08,8.0,,,,5.0
Paul Lake,1985-07-08,9.0,,,,4.8
Paul Lake,1985-07-08,10.0,,,,4.7
Paul Lake,1985-07-15,0.0,,,,22.7
Paul Lake,1985-07-15,0.25,,,,
Paul Lake,1985-07-15,0.5,,,,22.8
Paul Lake,1985-07-15,0.75,,,,
Paul Lake,1985-07-15,1.0,,,,22.8
Paul Lake,1985-07-15,1.5,,,,22.8
Paul Lake,1985-07-15,2.0,,,,22.5
Paul Lake,1985-07-15,2.5,,,,22.0
Paul Lake,1985-07-15,3.0,,,,20.0
Paul Lake,1985-07-15,3.5,,,,17.0
Paul Lake,1985-07-15,4.0,,,,14.1
Paul Lake,1985-07-15,4.5,,,,11.8
Paul Lake,1985-07-15,5.0,,,,9.3
Paul Lake,1985-07-15,5.5,,,,
Paul Lake,1985-07-15,6.0,,,,6.9
Paul Lake,1985-07-15,6.5,,,,
Paul Lake,1985-07-15,7.0,,,,6.0
Paul Lake,1985-07-15,8.0,,,,5.2
Paul Lake,1985-07-15,10.0,,,,4.8
Paul Lake,1985-07-22,0.0,,,,21.7
Paul Lake,1985-07-22,0.25,,,,
Paul Lake,1985-07-22,0.5,,,,21.8
Paul Lake,1985-07-22,0.75,,,,
Paul Lake,1985-07-22,1.0,,,,21.8
Paul Lake,1985-07-22,1.5,,,,21.8
Paul Lake,1985-07-22,2.0,,,,21.8
Paul Lake,1985-07-22,2.5,,,,21.6
Paul Lake,1985-07-22,3.0,,,,21.1
Paul Lake,1985-07-22,3.5,,,,16.9
Paul Lake,1985-07-22,4.0,,,,14.4
Paul Lake,1985-07-22,4.5,,,,11.4
Paul Lake,1985-07-22,5.0,,,,9.1
Paul Lake,1985-07-22,5.5,,,,
Paul Lake,1985-07-22,6.0,,,,6.6
Paul Lake,1985-07-22,6.5,,,,
Paul Lake,1985-07-22,7.0,,,,5.6
Paul Lake,1985-07-22,8.0,,,,5.2
Paul Lake,1985-07-22,10.0,,,,5.0
Paul Lake,1985-07-29,0.0,,,,22.3
Paul Lake,1985-07-29,0.25,,,,
Paul Lake,1985-07-29,0.5,,,,22.3
Paul Lake,1985-07-29,0.75,,,,
Paul Lake,1985-07-29,1.0,,,,22.3
Paul Lake,1985-07-29,1.5,,,,22.4
Paul Lake,1985-07-29,2.0,,,,22.3
Paul Lake,1985-07-29,2.5,,,,22.0
Paul Lake,1985-07-29,3.0,,,,21.1
Paul Lake,1985-07-29,3.5,,,,18.4
Paul Lake,1985-07-29,4.0,,,,15.2
Paul Lake,1985-07-29,4.5,,,,12.4
Paul Lake,1985-07-29,5.0,,,,10.1
Paul Lake,1985-07-29,5.5,,,,
Paul Lake,1985-07-29,6.0,,,,7.3
Paul Lake,1985-07-29,7.0,,,,5.7
Paul Lake,1985-07-29,8.0,,,,5.3
Paul Lake,1985-07-29,10.0,,,,5.0
Paul Lake,1985-08-05,0.0,,,,23.1
Paul Lake,1985-08-05,0.25,,,,
Paul Lake,1985-08-05,0.5,,,,23.2
Paul Lake,1985-08-05,0.75,,,,
Paul Lake,1985-08-05,1.0,,,,23.2
Paul Lake,1985-08-05,1.5,,,,23.2
Paul Lake,1985-08-05,2.0,,,,23.0
Paul Lake,1985-08-05,2.5,,,,22.6
Paul Lake,1985-08-05,3.0,,,,21.7
Paul Lake,1985-08-05,3.5,,,,19.2
Paul Lake,1985-08-05,4.0,,,,16.4
Paul Lake,1985-08-05,4.5,,,,12.8
Paul Lake,1985-08-05,5.0,,,,10.6
Paul Lake,1985-08-05,5.5,,,,
Paul Lake,1985-08-05,6.0,,,,7.9
Paul Lake,1985-08-05,6.5,,,,
Paul Lake,1985-08-05,7.0,,,,6.0
Paul Lake,1985-08-05,8.0,,,,5.3
Paul Lake,1985-08-05,10.0,,,,5.1
Paul Lake,1985-08-12,0.0,,,,20.9
Paul Lake,1985-08-12,0.25,,,,
Paul Lake,1985-08-12,0.5,,,,21.0
Paul Lake,1985-08-12,0.75,,,,
Paul Lake,1985-08-12,1.0,,,,21.0
Paul Lake,1985-08-12,1.5,,,,21.0
Paul Lake,1985-08-12,2.0,,,,21.0
Paul Lake,1985-08-12,2.5,,,,20.9
Paul Lake,1985-08-12,3.0,,,,20.8
Paul Lake,1985-08-12,3.5,,,,20.4
Paul Lake,1985-08-12,4.0,,,,16.7
Paul Lake,1985-08-12,4.5,,,,14.0
Paul Lake,1985-08-12,5.0,,,,11.6
Paul Lake,1985-08-12,5.5,,,,
Paul Lake,1985-08-12,6.0,,,,8.6
Paul Lake,1985-08-12,7.0,,,,6.0
Paul Lake,1985-08-12,8.0,,,,5.4
Paul Lake,1985-08-12,10.0,,,,5.2
Paul Lake,1985-08-19,0.0,,,,18.3
Paul Lake,1985-08-19,0.25,,,,
Paul Lake,1985-08-19,0.5,,,,18.3
Paul Lake,1985-08-19,0.75,,,,
Paul Lake,1985-08-19,1.0,,,,18.3
Paul Lake,1985-08-19,1.5,,,,18.3
Paul Lake,1985-08-19,2.0,,,,18.3
Paul Lake,1985-08-19,2.5,,,,18.3
Paul Lake,1985-08-19,3.0,,,,18.3
Paul Lake,1985-08-19,3.5,,,,18.3
Paul Lake,1985-08-19,4.0,,,,17.9
Paul Lake,1985-08-19,4.5,,,,14.2
Paul Lake,1985-08-19,5.0,,,,11.6
Paul Lake,1985-08-19,5.5,,,,
Paul Lake,1985-08-19,6.0,,,,7.0
Paul Lake,1985-08-19,7.0,,,,6.0
Paul Lake,1985-08-19,8.0,,,,5.3
Paul Lake,1985-08-19,9.0,,,,5.0
Paul Lake,1985-08-19,10.0,,,,5.0
Paul Lake,1985-08-26,0.0,,,,17.4
Paul Lake,1985-08-26,0.25,,,,
Paul Lake,1985-08-26,0.5,,,,17.4
Paul Lake,1985-08-26,0.75,,,,
Paul Lake,1985-08-26,1.0,,,,17.4
Paul Lake,1985-08-26,1.5,,,,17.4
Paul Lake,1985-08-26,2.0,,,,17.2
Paul Lake,1985-08-26,2.5,,,,17.1
Paul Lake,1985-08-26,3.0,,,,17.1
Paul Lake,1985-08-26,3.5,,,,17.0
Paul Lake,1985-08-26,4.0,,,,16.9
Paul Lake,1985-08-26,4.5,,,,
Paul Lake,1985-08-26,5.0,,,,13.0
Paul Lake,1985-08-26,6.0,,,,9.3
Paul Lake,1985-08-26,7.0,,,,7.1
Paul Lake,1985-08-26,8.0,,,,5.8
Paul Lake,1985-08-26,10.0,,,,5.1
Paul Lake,1985-09-02,0.0,,,,18.7
Paul Lake,1985-09-02,0.25,,,,
Paul Lake,1985-09-02,0.5,,,,18.8
Paul Lake,1985-09-02,0.75,,,,
Paul Lake,1985-09-02,1.0,,,,18.8
Paul Lake,1985-09-02,1.5,,,,18.8
Paul Lake,1985-09-02,2.0,,,,18.7
Paul Lake,1985-09-02,2.5,,,,18.6
Paul Lake,1985-09-02,3.0,,,,18.0
Paul Lake,1985-09-02,3.5,,,,17.6
Paul Lake,1985-09-02,4.0,,,,16.8
Paul Lake,1985-09-02,4.5,,,,15.1
Paul Lake,1985-09-02,5.0,,,,13.0
Paul Lake,1985-09-02,5.5,,,,
Paul Lake,1985-09-02,6.0,,,,8.6
Paul Lake,1985-09-02,7.0,,,,6.7
Paul Lake,1985-09-02,8.0,,,,5.7
Paul Lake,1985-09-02,10.0,,,,5.1
Paul Lake,1985-09-16,0.0,,,,15.8
Paul Lake,1985-09-16,0.25,,,,
Paul Lake,1985-09-16,0.5,,,,15.9
Paul Lake,1985-09-16,0.75,,,,
Paul Lake,1985-09-16,1.0,,,,15.9
Paul Lake,1985-09-16,1.5,,,,15.9
Paul Lake,1985-09-16,2.0,,,,15.9
Paul Lake,1985-09-16,2.5,,,,15.8
Paul Lake,1985-09-16,3.0,,,,15.8
Paul Lake,1985-09-16,3.5,,,,15.7
Paul Lake,1985-09-16,4.0,,,,15.7
Paul Lake,1985-09-16,4.5,,,,
Paul Lake,1985-09-16,5.0,,,,13.7
Paul Lake,1985-09-16,5.5,,,,
Paul Lake,1985-09-16,6.0,,,,9.3
Paul Lake,1985-09-16,7.0,,,,7.2
Paul Lake,1985-09-16,8.0,,,,6.0
Paul Lake,1985-09-16,10.0,,,,5.1
Paul Lake,1986-05-26,0.0,,,,17.2
Paul Lake,1986-05-26,0.25,,,,
Paul Lake,1986-05-26,0.5,,,,17.2
Paul Lake,1986-05-26,0.75,,,,
Paul Lake,1986-05-26,1.0,,,,17.0
Paul Lake,1986-05-26,1.5,,,,
Paul Lake,1986-05-26,2.0,,,,16.3
Paul Lake,1986-05-26,2.5,,,,15.2
Paul Lake,1986-05-26,3.0,,,,12.8
Paul Lake,1986-05-26,3.5,,,,10.6
Paul Lake,1986-05-26,4.0,,,,8.6
Paul Lake,1986-05-26,4.5,,,,
Paul Lake,1986-05-26,5.0,,,,6.6
Paul Lake,1986-05-26,5.5,,,,
Paul Lake,1986-05-26,6.0,,,,5.6
Paul Lake,1986-05-26,7.0,,,,5.0
Paul Lake,1986-05-26,8.0,,,,4.9
Paul Lake,1986-05-26,10.0,,,,4.9
Paul Lake,1986-06-02,0.0,,,,18.2
Paul Lake,1986-06-02,0.25,,,,
Paul Lake,1986-06-02,0.5,,,,18.2
Paul Lake,1986-06-02,0.75,,,,
Paul Lake,1986-06-02,1.0,,,,18.2
Paul Lake,1986-06-02,1.5,,,,18.2
Paul Lake,1986-06-02,2.0,,,,18.1
Paul Lake,1986-06-02,2.5,,,,17.0
Paul Lake,1986-06-02,3.0,,,,13.8
Paul Lake,1986-06-02,3.5,,,,11.9
Paul Lake,1986-06-02,4.0,,,,9.5
Paul Lake,1986-06-02,4.5,,,,8.3
Paul Lake,1986-06-02,5.0,,,,7.3
Paul Lake,1986-06-02,5.5,,,,
Paul Lake,1986-06-02,6.0,,,,5.8
Paul Lake,1986-06-02,7.0,,,,5.3
Paul Lake,1986-06-02,8.0,,,,5.0
Paul Lake,1986-06-02,10.0,,,,5.0
Paul Lake,1986-06-02,12.0,,,,5.0
Paul Lake,1986-06-09,0.0,,,,19.0
Paul Lake,1986-06-09,0.25,,,,
Paul Lake,1986-06-09,0.5,,,,19.1
Paul Lake,1986-06-09,0.75,,,,
Paul Lake,1986-06-09,1.0,,,,19.1
Paul Lake,1986-06-09,1.5,,,,19.0
Paul Lake,1986-06-09,2.0,,,,18.8
Paul Lake,1986-06-09,2.5,,,,18.3
Paul Lake,1986-06-09,3.0,,,,15.5
Paul Lake,1986-06-09,3.5,,,,13.1
Paul Lake,1986-06-09,4.0,,,,10.9
Paul Lake,1986-06-09,4.5,,,,8.8
Paul Lake,1986-06-09,5.0,,,,7.2
Paul Lake,1986-06-09,5.5,,,,6.5
Paul Lake,1986-06-09,6.0,,,,6.0
Paul Lake,1986-06-09,6.5,,,,
Paul Lake,1986-06-09,7.0,,,,5.1
Paul Lake,1986-06-09,8.0,,,,5.0
Paul Lake,1986-06-09,10.0,,,,5.0
Paul Lake,1986-06-09,12.0,,,,5.0
Paul Lake,1986-06-16,0.0,,,,19.3
Paul Lake,1986-06-16,0.25,,,,
Paul Lake,1986-06-16,0.5,,,,19.3
Paul Lake,1986-06-16,0.75,,,,
Paul Lake,1986-06-16,1.0,,,,19.3
Paul Lake,1986-06-16,1.5,,,,19.3
Paul Lake,1986-06-16,2.0,,,,19.0
Paul Lake,1986-06-16,2.5,,,,18.2
Paul Lake,1986-06-16,3.0,,,,16.8
Paul Lake,1986-06-16,3.5,,,,14.5
Paul Lake,1986-06-16,4.0,,,,11.2
Paul Lake,1986-06-16,4.5,,,,9.2
Paul Lake,1986-06-16,5.0,,,,7.8
Paul Lake,1986-06-16,5.5,,,,7.0
Paul Lake,1986-06-16,5.8,,,,
Paul Lake,1986-06-16,6.0,,,,6.5
Paul Lake,1986-06-16,7.0,,,,5.8
Paul Lake,1986-06-16,8.0,,,,5.3
Paul Lake,1986-06-16,9.0,,,,5.1
Paul Lake,1986-06-16,10.0,,,,5.1
Paul Lake,1986-06-23,0.0,,,,21.2
Paul Lake,1986-06-23,0.25,,,,
Paul Lake,1986-06-23,0.5,,,,21.1
Paul Lake,1986-06-23,0.75,,,,
Paul Lake,1986-06-23,1.0,,,,21.2
Paul Lake,1986-06-23,1.5,,,,21.0
Paul Lake,1986-06-23,2.0,,,,20.8
Paul Lake,1986-06-23,2.5,,,,19.0
Paul Lake,1986-06-23,3.0,,,,18.0
Paul Lake,1986-06-23,3.5,,,,14.7
Paul Lake,1986-06-23,4.0,,,,11.8
Paul Lake,1986-06-23,4.5,,,,9.5
Paul Lake,1986-06-23,5.0,,,,8.2
Paul Lake,1986-06-23,5.5,,,,6.9
Paul Lake,1986-06-23,6.0,,,,6.0
Paul Lake,1986-06-23,6.5,,,,
Paul Lake,1986-06-23,7.0,,,,5.0
Paul Lake,1986-06-23,8.0,,,,4.8
Paul Lake,1986-06-23,10.0,,,,4.6
Paul Lake,1986-06-30,0.0,,,,22.0
Paul Lake,1986-06-30,0.25,,,,
Paul Lake,1986-06-30,0.5,,,,21.9
Paul Lake,1986-06-30,0.75,,,,
Paul Lake,1986-06-30,1.0,,,,21.7
Paul Lake,1986-06-30,1.5,,,,21.5
Paul Lake,1986-06-30,2.0,,,,21.2
Paul Lake,1986-06-30,2.5,,,,20.5
Paul Lake,1986-06-30,3.0,,,,18.5
Paul Lake,1986-06-30,3.5,,,,15.8
Paul Lake,1986-06-30,4.0,,,,13.0
Paul Lake,1986-06-30,4.5,,,,10.1
Paul Lake,1986-06-30,5.0,,,,8.5
Paul Lake,1986-06-30,5.5,,,,
Paul Lake,1986-06-30,6.0,,,,6.6
Paul Lake,1986-06-30,7.0,,,,
Paul Lake,1986-07-07,0.0,,,,24.0
Paul Lake,1986-07-07,0.25,,,,
Paul Lake,1986-07-07,0.5,,,,24.0
Paul Lake,1986-07-07,0.75,,,,
Paul Lake,1986-07-07,1.0,,,,24.0
Paul Lake,1986-07-07,1.5,,,,23.5
Paul Lake,1986-07-07,2.0,,,,22.1
Paul Lake,1986-07-07,2.5,,,,21.2
Paul Lake,1986-07-07,3.0,,,,18.5
Paul Lake,1986-07-07,3.5,,,,16.5
Paul Lake,1986-07-07,4.0,,,,13.1
Paul Lake,1986-07-07,4.5,,,,11.0
Paul Lake,1986-07-07,5.0,,,,9.0
Paul Lake,1986-07-07,5.5,,,,
Paul Lake,1986-07-07,6.0,,,,7.0
Paul Lake,1986-07-07,7.0,,,,6.0
Paul Lake,1986-07-07,8.0,,,,5.2
Paul Lake,1986-07-07,9.0,,,,5.0
Paul Lake,1986-07-14,0.0,,,,18.8
Paul Lake,1986-07-14,0.25,,,,
Paul Lake,1986-07-14,0.5,,,,18.9
Paul Lake,1986-07-14,0.75,,,,
Paul Lake,1986-07-14,1.0,,,,19.0
Paul Lake,1986-07-14,1.5,,,,19.0
Paul Lake,1986-07-14,2.0,,,,19.0
Paul Lake,1986-07-14,2.5,,,,19.0
Paul Lake,1986-07-14,3.0,,,,18.9
Paul Lake,1986-07-14,3.5,,,,16.3
Paul Lake,1986-07-14,4.0,,,,13.7
Paul Lake,1986-07-14,4.5,,,,11.3
Paul Lake,1986-07-14,5.0,,,,9.6
Paul Lake,1986-07-14,5.5,,,,
Paul Lake,1986-07-14,6.0,,,,7.0
Paul Lake,1986-07-14,6.5,,,,
Paul Lake,1986-07-14,7.0,,,,5.9
Paul Lake,1986-07-14,8.0,,,,5.2
Paul Lake,1986-07-14,10.0,,,,4.9
Paul Lake,1986-07-21,0.0,,,,23.0
Paul Lake,1986-07-21,0.25,,,,
Paul Lake,1986-07-21,0.5,,,,23.0
Paul Lake,1986-07-21,0.75,,,,
Paul Lake,1986-07-21,1.0,,,,22.9
Paul Lake,1986-07-21,1.5,,,,22.8
Paul Lake,1986-07-21,2.0,,,,21.9
Paul Lake,1986-07-21,2.5,,,,20.8
Paul Lake,1986-07-21,3.0,,,,19.9
Paul Lake,1986-07-21,3.5,,,,17.1
Paul Lake,1986-07-21,4.0,,,,14.4
Paul Lake,1986-07-21,4.5,,,,11.5
Paul Lake,1986-07-21,5.0,,,,10.5
Paul Lake,1986-07-21,5.5,,,,
Paul Lake,1986-07-21,6.0,,,,7.1
Paul Lake,1986-07-21,7.0,,,,6.1
Paul Lake,1986-07-21,8.0,,,,5.6
Paul Lake,1986-07-21,10.0,,,,5.0
Paul Lake,1986-07-21,12.0,,,,5.0
Paul Lake,1986-07-28,0.0,,,,23.8
Paul Lake,1986-07-28,0.25,,,,
Paul Lake,1986-07-28,0.5,,,,23.7
Paul Lake,1986-07-28,0.75,,,,
Paul Lake,1986-07-28,1.0,,,,23.6
Paul Lake,1986-07-28,1.5,,,,23.6
Paul Lake,1986-07-28,2.0,,,,23.3
Paul Lake,1986-07-28,2.5,,,,22.7
Paul Lake,1986-07-28,3.0,,,,20.1
Paul Lake,1986-07-28,3.5,,,,17.3
Paul Lake,1986-07-28,4.0,,,,15.0
Paul Lake,1986-07-28,4.5,,,,12.8
Paul Lake,1986-07-28,5.0,,,,10.9
Paul Lake,1986-07-28,5.5,,,,9.1
Paul Lake,1986-07-28,6.0,,,,7.2
Paul Lake,1986-07-28,7.0,,,,6.1
Paul Lake,1986-07-28,8.0,,,,5.7
Paul Lake,1986-07-28,10.0,,,,5.2
Paul Lake,1986-07-28,12.0,,,,5.1
Paul Lake,1986-08-04,0.0,,,,21.6
Paul Lake,1986-08-04,0.25,,,,
Paul Lake,1986-08-04,0.5,,,,21.6
Paul Lake,1986-08-04,0.75,,,,
Paul Lake,1986-08-04,1.0,,,,21.6
Paul Lake,1986-08-04,1.5,,,,21.5
Paul Lake,1986-08-04,2.0,,,,21.5
Paul Lake,1986-08-04,2.5,,,,21.4
Paul Lake,1986-08-04,3.0,,,,21.2
Paul Lake,1986-08-04,3.5,,,,18.5
Paul Lake,1986-08-04,4.0,,,,16.3
Paul Lake,1986-08-04,4.5,,,,12.5
Paul Lake,1986-08-04,5.0,,,,11.0
Paul Lake,1986-08-04,5.5,,,,8.9
Paul Lake,1986-08-04,6.0,,,,7.6
Paul Lake,1986-08-04,7.0,,,,6.2
Paul Lake,1986-08-04,8.0,,,,5.5
Paul Lake,1986-08-04,10.0,,,,5.0
Paul Lake,1986-08-04,12.0,,,,5.0
Paul Lake,1986-08-11,0.0,,,,20.4
Paul Lake,1986-08-11,0.25,,,,
Paul Lake,1986-08-11,0.5,,,,20.4
Paul Lake,1986-08-11,0.75,,,,
Paul Lake,1986-08-11,1.0,,,,20.4
Paul Lake,1986-08-11,1.5,,,,20.4
Paul Lake,1986-08-11,2.0,,,,20.4
Paul Lake,1986-08-11,2.5,,,,20.3
Paul Lake,1986-08-11,3.0,,,,20.2
Paul Lake,1986-08-11,3.5,,,,20.0
Paul Lake,1986-08-11,4.0,,,,16.3
Paul Lake,1986-08-11,4.5,,,,14.0
Paul Lake,1986-08-11,5.0,,,,11.2
Paul Lake,1986-08-11,5.5,,,,9.9
Paul Lake,1986-08-11,6.0,,,,8.8
Paul Lake,1986-08-11,7.0,,,,6.9
Paul Lake,1986-08-11,8.0,,,,6.0
Paul Lake,1986-08-11,10.0,,,,5.4
Paul Lake,1986-08-11,12.0,,,,5.5
Paul Lake,1986-08-18,0.0,,,,21.0
Paul Lake,1986-08-18,0.25,,,,
Paul Lake,1986-08-18,0.5,,,,21.0
Paul Lake,1986-08-18,0.75,,,,
Paul Lake,1986-08-18,1.0,,,,21.0
Paul Lake,1986-08-18,1.5,,,,21.0
Paul Lake,1986-08-18,2.0,,,,21.0
Paul Lake,1986-08-18,2.5,,,,20.9
Paul Lake,1986-08-18,3.0,,,,20.5
Paul Lake,1986-08-18,3.5,,,,19.6
Paul Lake,1986-08-18,4.0,,,,15.8
Paul Lake,1986-08-18,4.5,,,,14.9
Paul Lake,1986-08-18,5.0,,,,12.0
Paul Lake,1986-08-18,5.5,,,,10.7
Paul Lake,1986-08-18,6.0,,,,8.7
Paul Lake,1986-08-18,7.0,,,,6.9
Paul Lake,1986-08-18,8.0,,,,6.0
Paul Lake,1986-08-18,10.0,,,,5.6
Paul Lake,1986-08-18,12.0,,,,5.6
Paul Lake,1986-08-25,0.0,,,,18.9
Paul Lake,1986-08-25,0.25,,,,
Paul Lake,1986-08-25,0.5,,,,18.9
Paul Lake,1986-08-25,0.75,,,,
Paul Lake,1986-08-25,1.0,,,,19.0
Paul Lake,1986-08-25,1.5,,,,19.0
Paul Lake,1986-08-25,2.0,,,,19.0
Paul Lake,1986-08-25,2.5,,,,18.9
Paul Lake,1986-08-25,3.0,,,,18.9
Paul Lake,1986-08-25,3.5,,,,18.9
Paul Lake,1986-08-25,4.0,,,,18.0
Paul Lake,1986-08-25,4.5,,,,15.1
Paul Lake,1986-08-25,5.0,,,,12.9
Paul Lake,1986-08-25,5.5,,,,11.1
Paul Lake,1986-08-25,6.0,,,,9.2
Paul Lake,1986-08-25,6.5,,,,7.8
Paul Lake,1986-08-25,7.0,,,,6.9
Paul Lake,1986-08-25,8.0,,,,6.2
Paul Lake,1986-08-25,10.0,,,,5.7
Paul Lake,1986-08-25,12.0,,,,5.6
Paul Lake,1986-09-01,0.0,,,,18.9
Paul Lake,1986-09-01,0.25,,,,
Paul Lake,1986-09-01,0.5,,,,18.7
Paul Lake,1986-09-01,0.75,,,,
Paul Lake,1986-09-01,1.0,,,,18.5
Paul Lake,1986-09-01,1.5,,,,18.1
Paul Lake,1986-09-01,2.0,,,,17.6
Paul Lake,1986-09-01,2.5,,,,17.3
Paul Lake,1986-09-01,3.0,,,,17.0
Paul Lake,1986-09-01,3.5,,,,17.0
Paul Lake,1986-09-01,4.0,,,,16.8
Paul Lake,1986-09-01,4.5,,,,15.8
Paul Lake,1986-09-01,5.0,,,,13.0
Paul Lake,1986-09-01,5.5,,,,
Paul Lake,1986-09-01,6.0,,,,9.3
Paul Lake,1986-09-01,6.5,,,,
Paul Lake,1986-09-01,7.0,,,,7.2
Paul Lake,1986-09-01,8.0,,,,6.1
Paul Lake,1986-09-01,10.0,,,,5.8
Paul Lake,1986-09-01,12.0,,,,5.9
Paul Lake,1987-05-10,0.0,,,,17.0
Paul Lake,1987-05-10,0.5,,,,17.0
Paul Lake,1987-05-10,1.0,,,,16.9
Paul Lake,1987-05-10,1.5,,,,16.2
Paul Lake,1987-05-10,2.0,,,,14.2
Paul Lake,1987-05-10,2.5,,,,10.0
Paul Lake,1987-05-10,3.0,,,,8.8
Paul Lake,1987-05-10,3.5,,,,7.0
Paul Lake,1987-05-10,4.0,,,,6.5
Paul Lake,1987-05-10,4.5,,,,6.2
Paul Lake,1987-05-10,5.0,,,,5.8
Paul Lake,1987-05-10,5.5,,,,5.2
Paul Lake,1987-05-10,6.0,,,,5.0
Paul Lake,1987-05-10,6.5,,,,5.0
Paul Lake,1987-05-10,7.0,,,,5.0
Paul Lake,1987-05-10,8.0,,,,5.0
Paul Lake,1987-05-10,9.0,,,,4.9
Paul Lake,1987-05-10,10.0,,,,4.9
Paul Lake,1987-05-10,11.0,,,,4.9
Paul Lake,1987-05-10,12.0,,,,4.9
Paul Lake,1987-05-24,0.0,,,,17.2
Paul Lake,1987-05-24,0.25,,,,
Paul Lake,1987-05-24,0.5,,,,17.1
Paul Lake,1987-05-24,0.75,,,,
Paul Lake,1987-05-24,1.0,,,,17.1
Paul Lake,1987-05-24,1.5,,,,16.7
Paul Lake,1987-05-24,2.0,,,,15.1
Paul Lake,1987-05-24,2.5,,,,13.2
Paul Lake,1987-05-24,3.0,,,,11.2
Paul Lake,1987-05-24,3.5,,,,9.0
Paul Lake,1987-05-24,4.0,,,,7.8
Paul Lake,1987-05-24,4.5,,,,6.7
Paul Lake,1987-05-24,5.0,,,,6.0
Paul Lake,1987-05-24,5.5,,,,5.6
Paul Lake,1987-05-24,6.0,,,,5.4
Paul Lake,1987-05-24,7.0,,,,5.1
Paul Lake,1987-05-24,8.0,,,,4.9
Paul Lake,1987-05-24,10.0,,,,4.9
Paul Lake,1987-05-25,0.0,,,,14.4
Paul Lake,1987-05-25,0.25,,,,
Paul Lake,1987-05-25,0.5,,,,14.5
Paul Lake,1987-05-25,0.75,,,,
Paul Lake,1987-05-25,1.0,,,,14.4
Paul Lake,1987-05-25,1.5,,,,13.9
Paul Lake,1987-05-25,2.0,,,,13.7
Paul Lake,1987-05-25,2.5,,,,13.4
Paul Lake,1987-05-25,3.0,,,,13.3
Paul Lake,1987-05-25,3.5,,,,12.6
Paul Lake,1987-05-25,4.0,,,,9.7
Paul Lake,1987-05-25,4.5,,,,8.1
Paul Lake,1987-05-25,5.0,,,,7.0
Paul Lake,1987-05-25,5.5,,,,6.1
Paul Lake,1987-05-25,6.0,,,,5.6
Paul Lake,1987-05-25,6.5,,,,5.3
Paul Lake,1987-05-31,0.0,,,,22.0
Paul Lake,1987-05-31,0.25,,,,
Paul Lake,1987-05-31,0.5,,,,22.7
Paul Lake,1987-05-31,0.75,,,,
Paul Lake,1987-05-31,1.0,,,,22.4
Paul Lake,1987-05-31,1.5,,,,20.2
Paul Lake,1987-05-31,2.0,,,,17.2
Paul Lake,1987-05-31,2.5,,,,15.4
Paul Lake,1987-05-31,3.0,,,,12.0
Paul Lake,1987-05-31,3.5,,,,10.0
Paul Lake,1987-05-31,4.0,,,,8.5
Paul Lake,1987-05-31,4.5,,,,7.5
Paul Lake,1987-05-31,5.0,,,,6.6
Paul Lake,1987-05-31,5.5,,,,5.9
Paul Lake,1987-05-31,6.0,,,,5.6
Paul Lake,1987-05-31,7.0,,,,5.1
Paul Lake,1987-05-31,8.0,,,,5.0
Paul Lake,1987-05-31,9.0,,,,4.9
Paul Lake,1987-05-31,10.0,,,,4.9
Paul Lake,1987-05-31,12.0,,,,4.9
Paul Lake,1987-06-01,0.0,,,,21.7
Paul Lake,1987-06-01,0.25,,,,
Paul Lake,1987-06-01,0.5,,,,21.6
Paul Lake,1987-06-01,0.75,,,,
Paul Lake,1987-06-01,1.0,,,,20.8
Paul Lake,1987-06-01,1.5,,,,18.2
Paul Lake,1987-06-01,2.0,,,,16.5
Paul Lake,1987-06-01,2.5,,,,15.6
Paul Lake,1987-06-01,3.0,,,,14.6
Paul Lake,1987-06-01,3.5,,,,12.8
Paul Lake,1987-06-01,4.0,,,,11.3
Paul Lake,1987-06-01,4.5,,,,8.9
Paul Lake,1987-06-01,5.0,,,,7.3
Paul Lake,1987-06-01,5.5,,,,6.3
Paul Lake,1987-06-01,6.0,,,,5.8
Paul Lake,1987-06-01,6.5,,,,5.4
Paul Lake,1987-06-01,7.0,,,,5.2
Paul Lake,1987-06-01,8.0,,,,5.0
Paul Lake,1987-06-01,9.0,,,,4.9
Paul Lake,1987-06-01,10.0,,,,4.9
Paul Lake,1987-06-07,0.0,,,,23.7
Paul Lake,1987-06-07,0.25,,,,
Paul Lake,1987-06-07,0.5,,,,23.7
Paul Lake,1987-06-07,0.75,,,,
Paul Lake,1987-06-07,1.0,,,,23.2
Paul Lake,1987-06-07,1.5,,,,22.3
Paul Lake,1987-06-07,2.0,,,,19.8
Paul Lake,1987-06-07,2.5,,,,16.6
Paul Lake,1987-06-07,3.0,,,,13.0
Paul Lake,1987-06-07,3.5,,,,11.2
Paul Lake,1987-06-07,4.0,,,,9.1
Paul Lake,1987-06-07,4.5,,,,7.9
Paul Lake,1987-06-07,5.0,,,,6.8
Paul Lake,1987-06-07,5.5,,,,6.2
Paul Lake,1987-06-07,6.0,,,,5.8
Paul Lake,1987-06-07,7.0,,,,5.2
Paul Lake,1987-06-07,8.0,,,,5.0
Paul Lake,1987-06-07,10.0,,,,4.9
Paul Lake,1987-06-07,12.0,,,,5.0
Paul Lake,1987-06-08,0.0,,,,20.4
Paul Lake,1987-06-08,0.25,,,,
Paul Lake,1987-06-08,0.5,,,,20.6
Paul Lake,1987-06-08,0.75,,,,
Paul Lake,1987-06-08,1.0,,,,20.6
Paul Lake,1987-06-08,1.5,,,,20.0
Paul Lake,1987-06-08,2.0,,,,18.8
Paul Lake,1987-06-08,2.5,,,,17.5
Paul Lake,1987-06-08,3.0,,,,15.5
Paul Lake,1987-06-08,3.5,,,,13.7
Paul Lake,1987-06-08,4.0,,,,11.3
Paul Lake,1987-06-08,4.5,,,,10.0
Paul Lake,1987-06-08,5.0,,,,8.2
Paul Lake,1987-06-08,5.5,,,,6.0
Paul Lake,1987-06-08,6.0,,,,6.3
Paul Lake,1987-06-08,6.5,,,,5.7
Paul Lake,1987-06-08,7.0,,,,5.4
Paul Lake,1987-06-08,8.0,,,,5.1
Paul Lake,1987-06-08,10.0,,,,5.0
Paul Lake,1987-06-08,12.0,,,,5.0
Paul Lake,1987-06-14,0.0,,,,22.9
Paul Lake,1987-06-14,0.25,,,,
Paul Lake,1987-06-14,0.5,,,,22.7
Paul Lake,1987-06-14,0.75,,,,
Paul Lake,1987-06-14,1.0,,,,22.4
Paul Lake,1987-06-14,1.5,,,,22.2
Paul Lake,1987-06-14,2.0,,,,21.2
Paul Lake,1987-06-14,2.5,,,,18.6
Paul Lake,1987-06-14,3.0,,,,14.6
Paul Lake,1987-06-14,3.5,,,,12.2
Paul Lake,1987-06-14,4.0,,,,10.4
Paul Lake,1987-06-14,4.5,,,,8.4
Paul Lake,1987-06-14,5.0,,,,7.4
Paul Lake,1987-06-14,5.5,,,,6.4
Paul Lake,1987-06-14,6.0,,,,5.9
Paul Lake,1987-06-14,7.0,,,,5.3
Paul Lake,1987-06-14,8.0,,,,5.1
Paul Lake,1987-06-14,9.0,,,,5.0
Paul Lake,1987-06-14,10.0,,,,4.9
Paul Lake,1987-06-14,12.0,,,,5.0
Paul Lake,1987-06-15,0.0,,,,23.1
Paul Lake,1987-06-15,0.25,,,,
Paul Lake,1987-06-15,0.5,,,,23.1
Paul Lake,1987-06-15,0.75,,,,
Paul Lake,1987-06-15,1.0,,,,22.9
Paul Lake,1987-06-15,1.5,,,,22.1
Paul Lake,1987-06-15,2.0,,,,20.7
Paul Lake,1987-06-15,2.5,,,,19.1
Paul Lake,1987-06-15,3.0,,,,16.4
Paul Lake,1987-06-15,3.5,,,,14.7
Paul Lake,1987-06-15,4.0,,,,12.7
Paul Lake,1987-06-15,4.5,,,,10.4
Paul Lake,1987-06-15,5.0,,,,8.5
Paul Lake,1987-06-15,5.5,,,,7.4
Paul Lake,1987-06-15,6.0,,,,6.4
Paul Lake,1987-06-15,6.5,,,,5.9
Paul Lake,1987-06-15,7.0,,,,5.4
Paul Lake,1987-06-15,8.0,,,,5.1
Paul Lake,1987-06-15,9.0,,,,5.2
Paul Lake,1987-06-15,10.0,,,,5.3
Paul Lake,1987-06-15,11.0,,,,5.3
Paul Lake,1987-06-21,0.0,,,,24.4
Paul Lake,1987-06-21,0.25,,,,
Paul Lake,1987-06-21,0.5,,,,24.5
Paul Lake,1987-06-21,0.75,,,,
Paul Lake,1987-06-21,1.0,,,,24.2
Paul Lake,1987-06-21,1.5,,,,23.0
Paul Lake,1987-06-21,2.0,,,,21.7
Paul Lake,1987-06-21,2.5,,,,19.5
Paul Lake,1987-06-21,3.0,,,,16.7
Paul Lake,1987-06-21,3.5,,,,12.8
Paul Lake,1987-06-21,4.0,,,,10.7
Paul Lake,1987-06-21,4.5,,,,9.0
Paul Lake,1987-06-21,5.0,,,,7.5
Paul Lake,1987-06-21,5.5,,,,6.9
Paul Lake,1987-06-21,6.0,,,,6.1
Paul Lake,1987-06-21,7.0,,,,5.5
Paul Lake,1987-06-21,8.0,,,,5.2
Paul Lake,1987-06-21,10.0,,,,5.0
Paul Lake,1987-06-21,12.0,,,,5.0
Paul Lake,1987-06-22,0.0,,,,23.7
Paul Lake,1987-06-22,0.25,,,,
Paul Lake,1987-06-22,0.5,,,,23.7
Paul Lake,1987-06-22,0.75,,,,
Paul Lake,1987-06-22,1.0,,,,23.6
Paul Lake,1987-06-22,1.5,,,,23.5
Paul Lake,1987-06-22,2.0,,,,23.2
Paul Lake,1987-06-22,2.5,,,,20.5
Paul Lake,1987-06-22,3.0,,,,18.0
Paul Lake,1987-06-22,3.5,,,,15.7
Paul Lake,1987-06-22,4.0,,,,13.2
Paul Lake,1987-06-22,4.5,,,,10.8
Paul Lake,1987-06-22,5.0,,,,9.5
Paul Lake,1987-06-22,5.5,,,,7.8
Paul Lake,1987-06-22,6.0,,,,6.7
Paul Lake,1987-06-22,6.5,,,,6.1
Paul Lake,1987-06-22,7.0,,,,5.7
Paul Lake,1987-06-22,8.0,,,,5.2
Paul Lake,1987-06-22,9.0,,,,5.0
Paul Lake,1987-06-22,10.0,,,,5.0
Paul Lake,1987-06-28,0.0,,,,21.5
Paul Lake,1987-06-28,0.25,,,,
Paul Lake,1987-06-28,0.5,,,,21.5
Paul Lake,1987-06-28,0.75,,,,
Paul Lake,1987-06-28,1.0,,,,21.6
Paul Lake,1987-06-28,1.5,,,,21.6
Paul Lake,1987-06-28,2.0,,,,21.5
Paul Lake,1987-06-28,2.5,,,,21.1
Paul Lake,1987-06-28,3.0,,,,18.1
Paul Lake,1987-06-28,3.5,,,,13.9
Paul Lake,1987-06-28,4.0,,,,11.3
Paul Lake,1987-06-28,4.5,,,,9.7
Paul Lake,1987-06-28,5.0,,,,8.3
Paul Lake,1987-06-28,5.5,,,,6.8
Paul Lake,1987-06-28,6.0,,,,6.4
Paul Lake,1987-06-28,7.0,,,,5.5
Paul Lake,1987-06-28,8.0,,,,5.3
Paul Lake,1987-06-28,9.0,,,,5.1
Paul Lake,1987-06-28,10.0,,,,5.0
Paul Lake,1987-06-28,12.0,,,,5.0
Paul Lake,1987-06-29,0.0,,,,21.4
Paul Lake,1987-06-29,0.25,,,,
Paul Lake,1987-06-29,0.5,,,,21.4
Paul Lake,1987-06-29,0.75,,,,
Paul Lake,1987-06-29,1.0,,,,21.4
Paul Lake,1987-06-29,1.5,,,,21.2
Paul Lake,1987-06-29,2.0,,,,20.8
Paul Lake,1987-06-29,2.5,,,,20.5
Paul Lake,1987-06-29,3.0,,,,18.7
Paul Lake,1987-06-29,3.5,,,,16.7
Paul Lake,1987-06-29,4.0,,,,13.6
Paul Lake,1987-06-29,4.5,,,,11.1
Paul Lake,1987-06-29,5.0,,,,9.5
Paul Lake,1987-06-29,5.5,,,,7.9
Paul Lake,1987-06-29,6.0,,,,7.0
Paul Lake,1987-06-29,7.0,,,,5.6
Paul Lake,1987-06-29,8.0,,,,5.3
Paul Lake,1987-06-29,10.0,,,,5.1
Paul Lake,1987-06-29,12.0,,,,5.1
Paul Lake,1987-07-05,0.0,,,,22.6
Paul Lake,1987-07-05,0.25,,,,
Paul Lake,1987-07-05,0.5,,,,22.5
Paul Lake,1987-07-05,0.75,,,,
Paul Lake,1987-07-05,1.0,,,,22.3
Paul Lake,1987-07-05,1.5,,,,21.9
Paul Lake,1987-07-05,2.0,,,,20.8
Paul Lake,1987-07-05,2.5,,,,20.2
Paul Lake,1987-07-05,3.0,,,,18.0
Paul Lake,1987-07-05,3.5,,,,14.9
Paul Lake,1987-07-05,4.0,,,,12.8
Paul Lake,1987-07-05,4.5,,,,10.4
Paul Lake,1987-07-05,5.0,,,,8.4
Paul Lake,1987-07-05,6.0,,,,6.4
Paul Lake,1987-07-05,7.0,,,,5.8
Paul Lake,1987-07-05,8.0,,,,5.3
Paul Lake,1987-07-05,10.0,,,,5.1
Paul Lake,1987-07-05,12.0,,,,5.1
Paul Lake,1987-07-06,0.0,,,,21.8
Paul Lake,1987-07-06,0.25,,,,
Paul Lake,1987-07-06,0.5,,,,21.8
Paul Lake,1987-07-06,0.75,,,,
Paul Lake,1987-07-06,1.0,,,,21.8
Paul Lake,1987-07-06,1.5,,,,21.7
Paul Lake,1987-07-06,2.0,,,,21.0
Paul Lake,1987-07-06,2.5,,,,20.5
Paul Lake,1987-07-06,3.0,,,,19.9
Paul Lake,1987-07-06,3.5,,,,16.9
Paul Lake,1987-07-06,4.0,,,,14.3
Paul Lake,1987-07-06,4.5,,,,12.1
Paul Lake,1987-07-06,5.0,,,,9.7
Paul Lake,1987-07-06,5.5,,,,8.3
Paul Lake,1987-07-06,6.0,,,,7.1
Paul Lake,1987-07-06,6.5,,,,6.4
Paul Lake,1987-07-06,7.0,,,,5.9
Paul Lake,1987-07-06,8.0,,,,5.3
Paul Lake,1987-07-06,10.0,,,,5.1
Paul Lake,1987-07-12,0.0,,,,24.1
Paul Lake,1987-07-12,0.25,,,,
Paul Lake,1987-07-12,0.5,,,,24.1
Paul Lake,1987-07-12,0.75,,,,
Paul Lake,1987-07-12,1.0,,,,24.1
Paul Lake,1987-07-12,1.5,,,,24.1
Paul Lake,1987-07-12,2.0,,,,23.6
Paul Lake,1987-07-12,2.5,,,,21.5
Paul Lake,1987-07-12,3.0,,,,18.6
Paul Lake,1987-07-12,3.5,,,,15.1
Paul Lake,1987-07-12,4.0,,,,13.4
Paul Lake,1987-07-12,4.5,,,,10.2
Paul Lake,1987-07-12,5.0,,,,8.8
Paul Lake,1987-07-12,5.5,,,,7.8
Paul Lake,1987-07-12,6.0,,,,6.7
Paul Lake,1987-07-12,6.5,,,,6.2
Paul Lake,1987-07-12,7.0,,,,5.8
Paul Lake,1987-07-12,8.0,,,,5.4
Paul Lake,1987-07-12,10.0,,,,5.1
Paul Lake,1987-07-12,12.0,,,,5.1
Paul Lake,1987-07-13,0.0,,,,21.9
Paul Lake,1987-07-13,0.25,,,,
Paul Lake,1987-07-13,0.5,,,,22.0
Paul Lake,1987-07-13,0.75,,,,
Paul Lake,1987-07-13,1.0,,,,22.0
Paul Lake,1987-07-13,1.5,,,,22.0
Paul Lake,1987-07-13,2.0,,,,22.0
Paul Lake,1987-07-13,2.5,,,,21.5
Paul Lake,1987-07-13,3.0,,,,20.1
Paul Lake,1987-07-13,3.5,,,,17.4
Paul Lake,1987-07-13,4.0,,,,14.8
Paul Lake,1987-07-13,4.5,,,,12.3
Paul Lake,1987-07-13,5.0,,,,10.5
Paul Lake,1987-07-13,5.5,,,,8.8
Paul Lake,1987-07-13,6.0,,,,7.6
Paul Lake,1987-07-13,6.5,,,,6.5
Paul Lake,1987-07-13,7.0,,,,6.0
Paul Lake,1987-07-13,7.5,,,,5.6
Paul Lake,1987-07-13,8.0,,,,5.4
Paul Lake,1987-07-13,10.0,,,,5.1
Paul Lake,1987-07-13,12.0,,,,5.3
Paul Lake,1987-07-19,0.0,,,,23.2
Paul Lake,1987-07-19,0.25,,,,
Paul Lake,1987-07-19,0.5,,,,23.3
Paul Lake,1987-07-19,0.75,,,,
Paul Lake,1987-07-19,1.0,,,,23.2
Paul Lake,1987-07-19,1.5,,,,23.2
Paul Lake,1987-07-19,2.0,,,,23.1
Paul Lake,1987-07-19,2.5,,,,22.0
Paul Lake,1987-07-19,3.0,,,,19.2
Paul Lake,1987-07-19,3.5,,,,16.3
Paul Lake,1987-07-19,4.0,,,,13.3
Paul Lake,1987-07-19,4.5,,,,10.6
Paul Lake,1987-07-19,5.0,,,,9.1
Paul Lake,1987-07-19,5.5,,,,7.6
Paul Lake,1987-07-19,6.0,,,,6.8
Paul Lake,1987-07-19,7.0,,,,5.9
Paul Lake,1987-07-19,8.0,,,,5.3
Paul Lake,1987-07-20,0.0,,,,24.3
Paul Lake,1987-07-20,0.25,,,,
Paul Lake,1987-07-20,0.5,,,,24.3
Paul Lake,1987-07-20,0.75,,,,
Paul Lake,1987-07-20,1.0,,,,24.0
Paul Lake,1987-07-20,1.5,,,,22.3
Paul Lake,1987-07-20,2.0,,,,21.4
Paul Lake,1987-07-20,2.5,,,,20.8
Paul Lake,1987-07-20,3.0,,,,20.0
Paul Lake,1987-07-20,3.5,,,,17.6
Paul Lake,1987-07-20,4.0,,,,14.7
Paul Lake,1987-07-20,4.5,,,,12.5
Paul Lake,1987-07-20,5.0,,,,10.2
Paul Lake,1987-07-20,5.5,,,,8.9
Paul Lake,1987-07-20,6.0,,,,7.8
Paul Lake,1987-07-20,7.0,,,,6.3
Paul Lake,1987-07-20,8.0,,,,5.6
Paul Lake,1987-07-20,10.0,,,,5.2
Paul Lake,1987-07-20,12.0,,,,5.2
Paul Lake,1987-07-26,0.0,,,,23.5
Paul Lake,1987-07-26,0.25,,,,
Paul Lake,1987-07-26,0.5,,,,23.4
Paul Lake,1987-07-26,0.75,,,,
Paul Lake,1987-07-26,1.0,,,,23.4
Paul Lake,1987-07-26,1.5,,,,23.3
Paul Lake,1987-07-26,2.0,,,,23.2
Paul Lake,1987-07-26,2.5,,,,22.8
Paul Lake,1987-07-26,3.0,,,,20.1
Paul Lake,1987-07-26,3.5,,,,16.5
Paul Lake,1987-07-26,4.0,,,,13.5
Paul Lake,1987-07-26,4.5,,,,11.0
Paul Lake,1987-07-26,5.0,,,,9.9
Paul Lake,1987-07-26,5.5,,,,7.9
Paul Lake,1987-07-26,6.0,,,,7.0
Paul Lake,1987-07-26,7.0,,,,6.1
Paul Lake,1987-07-26,8.0,,,,5.4
Paul Lake,1987-07-26,10.0,,,,5.2
Paul Lake,1987-07-26,12.0,,,,5.2
Paul Lake,1987-07-27,0.0,,,,24.2
Paul Lake,1987-07-27,0.25,,,,
Paul Lake,1987-07-27,0.5,,,,24.2
Paul Lake,1987-07-27,0.75,,,,
Paul Lake,1987-07-27,1.0,,,,24.1
Paul Lake,1987-07-27,1.5,,,,24.0
Paul Lake,1987-07-27,2.0,,,,23.7
Paul Lake,1987-07-27,2.5,,,,21.9
Paul Lake,1987-07-27,3.0,,,,20.1
Paul Lake,1987-07-27,3.5,,,,18.0
Paul Lake,1987-07-27,4.0,,,,15.7
Paul Lake,1987-07-27,4.5,,,,13.0
Paul Lake,1987-07-27,5.0,,,,10.8
Paul Lake,1987-07-27,5.5,,,,9.0
Paul Lake,1987-07-27,6.0,,,,7.6
Paul Lake,1987-07-27,7.0,,,,6.2
Paul Lake,1987-07-27,8.0,,,,5.6
Paul Lake,1987-07-27,9.0,,,,5.5
Paul Lake,1987-07-27,10.0,,,,5.4
Paul Lake,1987-08-02,0.0,,,,24.0
Paul Lake,1987-08-02,0.25,,,,
Paul Lake,1987-08-02,0.5,,,,24.0
Paul Lake,1987-08-02,0.75,,,,
Paul Lake,1987-08-02,1.0,,,,24.0
Paul Lake,1987-08-02,1.5,,,,23.9
Paul Lake,1987-08-02,2.0,,,,23.9
Paul Lake,1987-08-02,2.5,,,,22.7
Paul Lake,1987-08-02,3.0,,,,19.6
Paul Lake,1987-08-02,3.5,,,,17.4
Paul Lake,1987-08-02,4.0,,,,13.9
Paul Lake,1987-08-02,4.5,,,,11.6
Paul Lake,1987-08-02,5.0,,,,9.8
Paul Lake,1987-08-02,5.5,,,,8.6
Paul Lake,1987-08-02,6.0,,,,7.3
Paul Lake,1987-08-02,7.0,,,,6.0
Paul Lake,1987-08-02,8.0,,,,5.5
Paul Lake,1987-08-02,10.0,,,,5.3
Paul Lake,1987-08-03,0.0,,,,25.4
Paul Lake,1987-08-03,0.25,,,,
Paul Lake,1987-08-03,0.5,,,,25.5
Paul Lake,1987-08-03,0.75,,,,
Paul Lake,1987-08-03,1.0,,,,25.4
Paul Lake,1987-08-03,1.5,,,,25.3
Paul Lake,1987-08-03,2.0,,,,25.0
Paul Lake,1987-08-03,2.5,,,,22.8
Paul Lake,1987-08-03,3.0,,,,20.9
Paul Lake,1987-08-03,3.5,,,,18.3
Paul Lake,1987-08-03,4.0,,,,15.8
Paul Lake,1987-08-03,4.5,,,,13.7
Paul Lake,1987-08-03,5.0,,,,11.1
Paul Lake,1987-08-03,6.0,,,,8.5
Paul Lake,1987-08-03,7.0,,,,6.5
Paul Lake,1987-08-03,8.0,,,,5.8
Paul Lake,1987-08-03,10.0,,,,5.3
Paul Lake,1987-08-03,12.0,,,,5.3
Paul Lake,1987-08-09,0.0,,,,24.9
Paul Lake,1987-08-09,0.25,,,,
Paul Lake,1987-08-09,0.5,,,,25.0
Paul Lake,1987-08-09,0.75,,,,
Paul Lake,1987-08-09,1.0,,,,25.0
Paul Lake,1987-08-09,1.5,,,,24.8
Paul Lake,1987-08-09,2.0,,,,24.4
Paul Lake,1987-08-09,2.5,,,,23.7
Paul Lake,1987-08-09,3.0,,,,21.1
Paul Lake,1987-08-09,3.5,,,,18.3
Paul Lake,1987-08-09,4.0,,,,15.0
Paul Lake,1987-08-09,4.5,,,,12.1
Paul Lake,1987-08-09,5.0,,,,10.2
Paul Lake,1987-08-09,5.5,,,,8.4
Paul Lake,1987-08-09,6.0,,,,7.3
Paul Lake,1987-08-09,6.5,,,,6.4
Paul Lake,1987-08-09,7.0,,,,5.8
Paul Lake,1987-08-09,8.0,,,,5.7
Paul Lake,1987-08-09,10.0,,,,5.4
Paul Lake,1987-08-09,12.0,,,,5.3
Paul Lake,1987-08-10,0.0,,,,22.7
Paul Lake,1987-08-10,0.25,,,,
Paul Lake,1987-08-10,0.5,,,,22.8
Paul Lake,1987-08-10,0.75,,,,
Paul Lake,1987-08-10,1.0,,,,22.8
Paul Lake,1987-08-10,1.5,,,,22.8
Paul Lake,1987-08-10,2.0,,,,22.8
Paul Lake,1987-08-10,2.5,,,,22.4
Paul Lake,1987-08-10,3.0,,,,21.2
Paul Lake,1987-08-10,3.5,,,,18.1
Paul Lake,1987-08-10,4.0,,,,16.6
Paul Lake,1987-08-10,4.5,,,,13.6
Paul Lake,1987-08-10,5.0,,,,11.8
Paul Lake,1987-08-10,5.5,,,,10.0
Paul Lake,1987-08-10,6.0,,,,8.7
Paul Lake,1987-08-10,7.0,,,,6.4
Paul Lake,1987-08-10,8.0,,,,5.7
Paul Lake,1987-08-10,9.0,,,,5.4
Paul Lake,1987-08-16,0.0,,,,24.0
Paul Lake,1987-08-16,0.25,,,,
Paul Lake,1987-08-16,0.5,,,,24.0
Paul Lake,1987-08-16,0.75,,,,
Paul Lake,1987-08-16,1.0,,,,23.9
Paul Lake,1987-08-16,1.5,,,,23.9
Paul Lake,1987-08-16,2.0,,,,23.8
Paul Lake,1987-08-16,2.5,,,,23.7
Paul Lake,1987-08-16,3.0,,,,21.5
Paul Lake,1987-08-16,3.5,,,,18.6
Paul Lake,1987-08-16,4.0,,,,15.5
Paul Lake,1987-08-16,4.5,,,,12.8
Paul Lake,1987-08-16,5.0,,,,10.4
Paul Lake,1987-08-16,6.0,,,,7.8
Paul Lake,1987-08-16,7.0,,,,6.2
Paul Lake,1987-08-16,8.0,,,,5.7
Paul Lake,1987-08-16,10.0,,,,5.4
Paul Lake,1987-08-16,12.0,,,,5.3
Paul Lake,1987-08-17,0.0,,,,22.7
Paul Lake,1987-08-17,0.25,,,,
Paul Lake,1987-08-17,0.5,,,,22.8
Paul Lake,1987-08-17,0.75,,,,
Paul Lake,1987-08-17,1.0,,,,22.8
Paul Lake,1987-08-17,1.5,,,,22.7
Paul Lake,1987-08-17,2.0,,,,22.6
Paul Lake,1987-08-17,2.5,,,,22.3
Paul Lake,1987-08-17,3.0,,,,20.7
Paul Lake,1987-08-17,3.5,,,,18.2
Paul Lake,1987-08-17,4.0,,,,15.9
Paul Lake,1987-08-17,4.5,,,,13.3
Paul Lake,1987-08-17,5.0,,,,11.4
Paul Lake,1987-08-17,5.5,,,,9.6
Paul Lake,1987-08-17,6.0,,,,8.0
Paul Lake,1987-08-17,7.0,,,,6.8
Paul Lake,1987-08-17,8.0,,,,5.8
Paul Lake,1987-08-17,10.0,,,,5.5
Paul Lake,1987-08-17,12.0,,,,5.5
Paul Lake,1987-08-23,0.0,,,,21.4
Paul Lake,1987-08-23,0.25,,,,
Paul Lake,1987-08-23,0.5,,,,21.4
Paul Lake,1987-08-23,0.75,,,,
Paul Lake,1987-08-23,1.0,,,,21.5
Paul Lake,1987-08-23,1.5,,,,21.4
Paul Lake,1987-08-23,2.0,,,,21.4
Paul Lake,1987-08-23,2.5,,,,21.4
Paul Lake,1987-08-23,3.0,,,,21.2
Paul Lake,1987-08-23,3.5,,,,19.1
Paul Lake,1987-08-23,4.0,,,,15.4
Paul Lake,1987-08-23,4.5,,,,12.9
Paul Lake,1987-08-23,5.0,,,,11.1
Paul Lake,1987-08-23,5.5,,,,9.1
Paul Lake,1987-08-23,6.0,,,,7.7
Paul Lake,1987-08-23,6.5,,,,7.0
Paul Lake,1987-08-23,7.0,,,,6.3
Paul Lake,1987-08-23,8.0,,,,5.7
Paul Lake,1987-08-23,10.0,,,,5.5
Paul Lake,1987-08-23,12.0,,,,5.6
Paul Lake,1987-08-24,0.0,,,,19.0
Paul Lake,1987-08-24,0.25,,,,
Paul Lake,1987-08-24,0.5,,,,19.0
Paul Lake,1987-08-24,0.75,,,,
Paul Lake,1987-08-24,1.0,,,,19.0
Paul Lake,1987-08-24,1.5,,,,19.0
Paul Lake,1987-08-24,2.0,,,,19.0
Paul Lake,1987-08-24,2.5,,,,18.9
Paul Lake,1987-08-24,3.0,,,,18.9
Paul Lake,1987-08-24,3.5,,,,18.6
Paul Lake,1987-08-24,4.0,,,,18.0
Paul Lake,1987-08-24,4.5,,,,14.6
Paul Lake,1987-08-24,5.0,,,,12.2
Paul Lake,1987-08-24,5.5,,,,9.7
Paul Lake,1987-08-24,6.0,,,,8.9
Paul Lake,1987-08-24,7.0,,,,6.8
Paul Lake,1987-08-24,8.0,,,,5.9
Paul Lake,1987-08-24,10.0,,,,5.5
Paul Lake,1987-08-24,12.0,,,,5.5
Paul Lake,1987-08-30,0.0,,,,17.9
Paul Lake,1987-08-30,0.25,,,,
Paul Lake,1987-08-30,0.5,,,,18.0
Paul Lake,1987-08-30,0.75,,,,
Paul Lake,1987-08-30,1.0,,,,18.0
Paul Lake,1987-08-30,1.5,,,,18.0
Paul Lake,1987-08-30,2.0,,,,18.0
Paul Lake,1987-08-30,2.5,,,,18.0
Paul Lake,1987-08-30,3.0,,,,18.0
Paul Lake,1987-08-30,3.5,,,,17.9
Paul Lake,1987-08-30,4.0,,,,16.9
Paul Lake,1987-08-30,4.5,,,,13.3
Paul Lake,1987-08-30,5.0,,,,10.9
Paul Lake,1987-08-30,5.5,,,,9.6
Paul Lake,1987-08-30,6.0,,,,7.8
Paul Lake,1987-08-30,7.0,,,,6.5
Paul Lake,1987-08-30,8.0,,,,5.9
Paul Lake,1987-08-30,10.0,,,,5.5
Paul Lake,1987-08-30,12.0,,,,5.5
Paul Lake,1987-08-31,0.0,,,,18.7
Paul Lake,1987-08-31,0.25,,,,
Paul Lake,1987-08-31,0.5,,,,18.7
Paul Lake,1987-08-31,0.75,,,,
Paul Lake,1987-08-31,1.0,,,,18.7
Paul Lake,1987-08-31,1.5,,,,18.7
Paul Lake,1987-08-31,2.0,,,,18.7
Paul Lake,1987-08-31,2.5,,,,18.7
Paul Lake,1987-08-31,3.0,,,,18.7
Paul Lake,1987-08-31,3.5,,,,18.5
Paul Lake,1987-08-31,4.0,,,,17.6
Paul Lake,1987-08-31,4.5,,,,14.7
Paul Lake,1987-08-31,5.0,,,,12.6
Paul Lake,1987-08-31,5.5,,,,10.5
Paul Lake,1987-08-31,6.0,,,,9.0
Paul Lake,1987-08-31,7.0,,,,6.9
Paul Lake,1987-08-31,8.0,,,,6.0
Paul Lake,1987-08-31,9.0,,,,5.6
Paul Lake,1987-08-31,10.0,,,,5.6
Paul Lake,1987-08-31,11.0,,,,5.7
Paul Lake,1987-09-05,0.0,,,,17.7
Paul Lake,1987-09-05,0.25,,,,
Paul Lake,1987-09-05,0.5,,,,17.7
Paul Lake,1987-09-05,0.75,,,,
Paul Lake,1987-09-05,1.0,,,,17.7
Paul Lake,1987-09-05,1.5,,,,17.7
Paul Lake,1987-09-05,2.0,,,,17.7
Paul Lake,1987-09-05,2.5,,,,17.7
Paul Lake,1987-09-05,3.0,,,,17.7
Paul Lake,1987-09-05,3.5,,,,17.7
Paul Lake,1987-09-05,4.0,,,,17.0
Paul Lake,1987-09-05,4.5,,,,14.2
Paul Lake,1987-09-05,5.0,,,,11.7
Paul Lake,1987-09-05,5.5,,,,9.7
Paul Lake,1987-09-05,6.0,,,,8.7
Paul Lake,1987-09-05,6.5,,,,7.5
Paul Lake,1987-09-05,7.0,,,,6.5
Paul Lake,1987-09-05,8.0,,,,5.9
Paul Lake,1987-09-05,10.0,,,,5.6
Paul Lake,1987-09-05,12.0,,,,5.6
Paul Lake,1987-09-07,0.0,,,,19.0
Paul Lake,1987-09-07,0.25,,,,
Paul Lake,1987-09-07,0.5,,,,18.9
Paul Lake,1987-09-07,0.75,,,,
Paul Lake,1987-09-07,1.0,,,,18.9
Paul Lake,1987-09-07,1.5,,,,18.7
Paul Lake,1987-09-07,2.0,,,,18.4
Paul Lake,1987-09-07,2.5,,,,17.8
Paul Lake,1987-09-07,3.0,,,,17.6
Paul Lake,1987-09-07,3.5,,,,17.3
Paul Lake,1987-09-07,4.0,,,,16.9
Paul Lake,1987-09-07,4.5,,,,15.4
Paul Lake,1987-09-07,5.0,,,,13.2
Paul Lake,1987-09-07,5.5,,,,11.3
Paul Lake,1987-09-07,6.0,,,,9.6
Paul Lake,1987-09-07,7.0,,,,7.2
Paul Lake,1987-09-07,8.0,,,,6.3
Paul Lake,1987-09-07,10.0,,,,5.8
Paul Lake,1987-09-07,12.0,,,,6.0
Paul Lake,1987-09-18,0.0,,,,16.0
Paul Lake,1987-09-18,1.0,,,,15.6
Paul Lake,1987-09-18,2.0,,,,15.6
Paul Lake,1987-09-18,3.0,,,,15.5
Paul Lake,1987-09-18,4.0,,,,15.4
Paul Lake,1987-09-18,5.0,,,,12.8
Paul Lake,1987-09-18,6.0,,,,8.9
Paul Lake,1987-09-18,7.0,,,,6.7
Paul Lake,1987-09-18,8.0,,,,6.1
Paul Lake,1987-09-18,9.0,,,,5.8
Paul Lake,1987-09-18,10.0,,,,5.6
Paul Lake,1987-09-18,11.0,,,,5.6
Paul Lake,1987-09-18,12.0,,,,5.8
Paul Lake,1987-09-28,0.0,,,,14.5
Paul Lake,1987-09-28,1.0,,,,14.5
Paul Lake,1987-09-28,2.0,,,,14.4
Paul Lake,1987-09-28,3.0,,,,14.4
Paul Lake,1987-09-28,4.0,,,,14.3
Paul Lake,1987-09-28,5.0,,,,12.8
Paul Lake,1987-09-28,6.0,,,,8.9
Paul Lake,1987-09-28,7.0,,,,7.0
Paul Lake,1987-09-28,8.0,,,,6.0
Paul Lake,1987-09-28,9.0,,,,5.7
Paul Lake,1987-09-28,10.0,,,,5.6
Paul Lake,1987-09-28,11.0,,,,5.6
Paul Lake,1987-09-28,12.0,,,,5.6
Paul Lake,1987-10-16,0.0,,,,12.7
Paul Lake,1987-10-16,1.0,,,,9.6
Paul Lake,1987-10-16,2.0,,,,8.7
Paul Lake,1987-10-16,3.0,,,,8.4
Paul Lake,1987-10-16,4.0,,,,8.3
Paul Lake,1987-10-16,5.0,,,,8.2
Paul Lake,1987-10-16,6.0,,,,8.2
Paul Lake,1987-10-16,7.0,,,,7.9
Paul Lake,1987-10-16,8.0,,,,6.4
Paul Lake,1987-10-16,9.0,,,,5.8
Paul Lake,1987-10-16,10.0,,,,5.7
Paul Lake,1987-10-16,11.0,,,,5.7
Paul Lake,1987-10-16,12.0,,,,5.7
Paul Lake,1988-05-09,0.0,,,,17.0
Paul Lake,1988-05-09,0.5,,,,17.0
Paul Lake,1988-05-09,1.0,,,,16.9
Paul Lake,1988-05-09,1.5,,,,16.2
Paul Lake,1988-05-09,2.0,,,,14.2
Paul Lake,1988-05-09,2.5,,,,10.0
Paul Lake,1988-05-09,3.0,,,,8.8
Paul Lake,1988-05-09,3.5,,,,7.0
Paul Lake,1988-05-09,4.0,,,,6.5
Paul Lake,1988-05-09,4.5,,,,6.2
Paul Lake,1988-05-09,5.0,,,,5.8
Paul Lake,1988-05-09,5.5,,,,5.2
Paul Lake,1988-05-09,6.0,,,,5.0
Paul Lake,1988-05-09,6.5,,,,5.0
Paul Lake,1988-05-09,7.0,,,,5.0
Paul Lake,1988-05-09,8.0,,,,5.0
Paul Lake,1988-05-09,9.0,,,,4.9
Paul Lake,1988-05-09,10.0,,,,4.9
Paul Lake,1988-05-09,11.0,,,,4.9
Paul Lake,1988-05-09,12.0,,,,4.9
Paul Lake,1988-05-23,0.0,,,,17.2
Paul Lake,1988-05-23,0.25,,,,
Paul Lake,1988-05-23,0.5,,,,17.1
Paul Lake,1988-05-23,0.75,,,,
Paul Lake,1988-05-23,1.0,,,,17.1
Paul Lake,1988-05-23,1.5,,,,16.7
Paul Lake,1988-05-23,2.0,,,,15.1
Paul Lake,1988-05-23,2.5,,,,13.2
Paul Lake,1988-05-23,3.0,,,,11.2
Paul Lake,1988-05-23,3.5,,,,9.0
Paul Lake,1988-05-23,4.0,,,,7.8
Paul Lake,1988-05-23,4.5,,,,6.7
Paul Lake,1988-05-23,5.0,,,,6.0
Paul Lake,1988-05-23,5.5,,,,5.6
Paul Lake,1988-05-23,6.0,,,,5.4
Paul Lake,1988-05-23,7.0,,,,5.1
Paul Lake,1988-05-23,8.0,,,,4.9
Paul Lake,1988-05-23,10.0,,,,4.9
Paul Lake,1988-05-30,0.0,,,,22.0
Paul Lake,1988-05-30,0.25,,,,
Paul Lake,1988-05-30,0.5,,,,22.7
Paul Lake,1988-05-30,0.75,,,,
Paul Lake,1988-05-30,1.0,,,,22.4
Paul Lake,1988-05-30,1.5,,,,20.2
Paul Lake,1988-05-30,2.0,,,,17.2
Paul Lake,1988-05-30,2.5,,,,15.4
Paul Lake,1988-05-30,3.0,,,,12.0
Paul Lake,1988-05-30,3.5,,,,10.0
Paul Lake,1988-05-30,4.0,,,,8.5
Paul Lake,1988-05-30,4.5,,,,7.5
Paul Lake,1988-05-30,5.0,,,,6.6
Paul Lake,1988-05-30,5.5,,,,5.9
Paul Lake,1988-05-30,6.0,,,,5.6
Paul Lake,1988-05-30,7.0,,,,5.1
Paul Lake,1988-05-30,8.0,,,,5.0
Paul Lake,1988-05-30,9.0,,,,4.9
Paul Lake,1988-05-30,10.0,,,,4.9
Paul Lake,1988-05-30,12.0,,,,4.9
Paul Lake,1988-06-06,0.0,,,,23.7
Paul Lake,1988-06-06,0.25,,,,
Paul Lake,1988-06-06,0.5,,,,23.7
Paul Lake,1988-06-06,0.75,,,,
Paul Lake,1988-06-06,1.0,,,,23.2
Paul Lake,1988-06-06,1.5,,,,22.3
Paul Lake,1988-06-06,2.0,,,,19.8
Paul Lake,1988-06-06,2.5,,,,16.6
Paul Lake,1988-06-06,3.0,,,,13.0
Paul Lake,1988-06-06,3.5,,,,11.2
Paul Lake,1988-06-06,4.0,,,,9.1
Paul Lake,1988-06-06,4.5,,,,7.9
Paul Lake,1988-06-06,5.0,,,,6.8
Paul Lake,1988-06-06,5.5,,,,6.2
Paul Lake,1988-06-06,6.0,,,,5.8
Paul Lake,1988-06-06,7.0,,,,5.2
Paul Lake,1988-06-06,8.0,,,,5.0
Paul Lake,1988-06-06,10.0,,,,4.9
Paul Lake,1988-06-06,12.0,,,,5.0
Paul Lake,1988-06-13,0.0,,,,22.9
Paul Lake,1988-06-13,0.25,,,,
Paul Lake,1988-06-13,0.5,,,,22.7
Paul Lake,1988-06-13,0.75,,,,
Paul Lake,1988-06-13,1.0,,,,22.4
Paul Lake,1988-06-13,1.5,,,,22.2
Paul Lake,1988-06-13,2.0,,,,21.2
Paul Lake,1988-06-13,2.5,,,,18.6
Paul Lake,1988-06-13,3.0,,,,14.6
Paul Lake,1988-06-13,3.5,,,,12.2
Paul Lake,1988-06-13,4.0,,,,10.4
Paul Lake,1988-06-13,4.5,,,,8.4
Paul Lake,1988-06-13,5.0,,,,7.4
Paul Lake,1988-06-13,5.5,,,,6.4
Paul Lake,1988-06-13,6.0,,,,5.9
Paul Lake,1988-06-13,7.0,,,,5.3
Paul Lake,1988-06-13,8.0,,,,5.1
Paul Lake,1988-06-13,9.0,,,,5.0
Paul Lake,1988-06-13,10.0,,,,4.9
Paul Lake,1988-06-13,12.0,,,,5.0
Paul Lake,1988-06-20,0.0,,,,24.4
Paul Lake,1988-06-20,0.25,,,,
Paul Lake,1988-06-20,0.5,,,,24.5
Paul Lake,1988-06-20,0.75,,,,
Paul Lake,1988-06-20,1.0,,,,24.2
Paul Lake,1988-06-20,1.5,,,,23.0
Paul Lake,1988-06-20,2.0,,,,21.7
Paul Lake,1988-06-20,2.5,,,,19.5
Paul Lake,1988-06-20,3.0,,,,16.7
Paul Lake,1988-06-20,3.5,,,,12.8
Paul Lake,1988-06-20,4.0,,,,10.7
Paul Lake,1988-06-20,4.5,,,,9.0
Paul Lake,1988-06-20,5.0,,,,7.5
Paul Lake,1988-06-20,5.5,,,,6.9
Paul Lake,1988-06-20,6.0,,,,6.1
Paul Lake,1988-06-20,7.0,,,,5.5
Paul Lake,1988-06-20,8.0,,,,5.2
Paul Lake,1988-06-20,10.0,,,,5.0
Paul Lake,1988-06-20,12.0,,,,5.0
Paul Lake,1988-06-27,0.0,,,,21.5
Paul Lake,1988-06-27,0.25,,,,
Paul Lake,1988-06-27,0.5,,,,21.5
Paul Lake,1988-06-27,0.75,,,,
Paul Lake,1988-06-27,1.0,,,,21.6
Paul Lake,1988-06-27,1.5,,,,21.6
Paul Lake,1988-06-27,2.0,,,,21.5
Paul Lake,1988-06-27,2.5,,,,21.1
Paul Lake,1988-06-27,3.0,,,,18.1
Paul Lake,1988-06-27,3.5,,,,13.9
Paul Lake,1988-06-27,4.0,,,,11.3
Paul Lake,1988-06-27,4.5,,,,9.7
Paul Lake,1988-06-27,5.0,,,,8.3
Paul Lake,1988-06-27,5.5,,,,6.8
Paul Lake,1988-06-27,6.0,,,,6.4
Paul Lake,1988-06-27,7.0,,,,5.5
Paul Lake,1988-06-27,8.0,,,,5.3
Paul Lake,1988-06-27,9.0,,,,5.1
Paul Lake,1988-06-27,10.0,,,,5.0
Paul Lake,1988-06-27,12.0,,,,5.0
Paul Lake,1988-07-04,0.0,,,,22.6
Paul Lake,1988-07-04,0.25,,,,
Paul Lake,1988-07-04,0.5,,,,22.5
Paul Lake,1988-07-04,0.75,,,,
Paul Lake,1988-07-04,1.0,,,,22.3
Paul Lake,1988-07-04,1.5,,,,21.9
Paul Lake,1988-07-04,2.0,,,,20.8
Paul Lake,1988-07-04,2.5,,,,20.2
Paul Lake,1988-07-04,3.0,,,,18.0
Paul Lake,1988-07-04,3.5,,,,14.9
Paul Lake,1988-07-04,4.0,,,,12.8
Paul Lake,1988-07-04,4.5,,,,10.4
Paul Lake,1988-07-04,5.0,,,,8.4
Paul Lake,1988-07-04,6.0,,,,6.4
Paul Lake,1988-07-04,7.0,,,,5.8
Paul Lake,1988-07-04,8.0,,,,5.3
Paul Lake,1988-07-04,10.0,,,,5.1
Paul Lake,1988-07-04,12.0,,,,5.1
Paul Lake,1988-07-11,0.0,,,,24.1
Paul Lake,1988-07-11,0.25,,,,
Paul Lake,1988-07-11,0.5,,,,24.1
Paul Lake,1988-07-11,0.75,,,,
Paul Lake,1988-07-11,1.0,,,,24.1
Paul Lake,1988-07-11,1.5,,,,24.1
Paul Lake,1988-07-11,2.0,,,,23.6
Paul Lake,1988-07-11,2.5,,,,21.5
Paul Lake,1988-07-11,3.0,,,,18.6
Paul Lake,1988-07-11,3.5,,,,15.1
Paul Lake,1988-07-11,4.0,,,,13.4
Paul Lake,1988-07-11,4.5,,,,10.2
Paul Lake,1988-07-11,5.0,,,,8.8
Paul Lake,1988-07-11,5.5,,,,7.8
Paul Lake,1988-07-11,6.0,,,,6.7
Paul Lake,1988-07-11,6.5,,,,6.2
Paul Lake,1988-07-11,7.0,,,,5.8
Paul Lake,1988-07-11,8.0,,,,5.4
Paul Lake,1988-07-11,10.0,,,,5.1
Paul Lake,1988-07-11,12.0,,,,5.1
Paul Lake,1988-07-18,0.0,,,,23.2
Paul Lake,1988-07-18,0.25,,,,
Paul Lake,1988-07-18,0.5,,,,23.3
Paul Lake,1988-07-18,0.75,,,,
Paul Lake,1988-07-18,1.0,,,,23.2
Paul Lake,1988-07-18,1.5,,,,23.2
Paul Lake,1988-07-18,2.0,,,,23.1
Paul Lake,1988-07-18,2.5,,,,22.0
Paul Lake,1988-07-18,3.0,,,,19.2
Paul Lake,1988-07-18,3.5,,,,16.3
Paul Lake,1988-07-18,4.0,,,,13.3
Paul Lake,1988-07-18,4.5,,,,10.6
Paul Lake,1988-07-18,5.0,,,,9.1
Paul Lake,1988-07-18,5.5,,,,7.6
Paul Lake,1988-07-18,6.0,,,,6.8
Paul Lake,1988-07-18,7.0,,,,5.9
Paul Lake,1988-07-18,8.0,,,,5.3
Paul Lake,1988-07-25,0.0,,,,23.5
Paul Lake,1988-07-25,0.25,,,,
Paul Lake,1988-07-25,0.5,,,,23.4
Paul Lake,1988-07-25,0.75,,,,
Paul Lake,1988-07-25,1.0,,,,23.4
Paul Lake,1988-07-25,1.5,,,,23.3
Paul Lake,1988-07-25,2.0,,,,23.2
Paul Lake,1988-07-25,2.5,,,,22.8
Paul Lake,1988-07-25,3.0,,,,20.1
Paul Lake,1988-07-25,3.5,,,,16.5
Paul Lake,1988-07-25,4.0,,,,13.5
Paul Lake,1988-07-25,4.5,,,,11.0
Paul Lake,1988-07-25,5.0,,,,9.9
Paul Lake,1988-07-25,5.5,,,,7.9
Paul Lake,1988-07-25,6.0,,,,7.0
Paul Lake,1988-07-25,7.0,,,,6.1
Paul Lake,1988-07-25,8.0,,,,5.4
Paul Lake,1988-07-25,10.0,,,,5.2
Paul Lake,1988-07-25,12.0,,,,5.2
Paul Lake,1988-08-01,0.0,,,,24.0
Paul Lake,1988-08-01,0.25,,,,
Paul Lake,1988-08-01,0.5,,,,24.0
Paul Lake,1988-08-01,0.75,,,,
Paul Lake,1988-08-01,1.0,,,,24.0
Paul Lake,1988-08-01,1.5,,,,23.9
Paul Lake,1988-08-01,2.0,,,,23.9
Paul Lake,1988-08-01,2.5,,,,22.7
Paul Lake,1988-08-01,3.0,,,,19.6
Paul Lake,1988-08-01,3.5,,,,17.4
Paul Lake,1988-08-01,4.0,,,,13.9
Paul Lake,1988-08-01,4.5,,,,11.6
Paul Lake,1988-08-01,5.0,,,,9.8
Paul Lake,1988-08-01,5.5,,,,8.6
Paul Lake,1988-08-01,6.0,,,,7.3
Paul Lake,1988-08-01,7.0,,,,6.0
Paul Lake,1988-08-01,8.0,,,,5.5
Paul Lake,1988-08-01,10.0,,,,5.3
Paul Lake,1988-08-08,0.0,,,,24.9
Paul Lake,1988-08-08,0.25,,,,
Paul Lake,1988-08-08,0.5,,,,25.0
Paul Lake,1988-08-08,0.75,,,,
Paul Lake,1988-08-08,1.0,,,,25.0
Paul Lake,1988-08-08,1.5,,,,24.8
Paul Lake,1988-08-08,2.0,,,,24.4
Paul Lake,1988-08-08,2.5,,,,23.7
Paul Lake,1988-08-08,3.0,,,,21.1
Paul Lake,1988-08-08,3.5,,,,18.3
Paul Lake,1988-08-08,4.0,,,,15.0
Paul Lake,1988-08-08,4.5,,,,12.1
Paul Lake,1988-08-08,5.0,,,,10.2
Paul Lake,1988-08-08,5.5,,,,8.4
Paul Lake,1988-08-08,6.0,,,,7.3
Paul Lake,1988-08-08,6.5,,,,6.4
Paul Lake,1988-08-08,7.0,,,,5.8
Paul Lake,1988-08-08,8.0,,,,5.7
Paul Lake,1988-08-08,10.0,,,,5.4
Paul Lake,1988-08-08,12.0,,,,5.3
Paul Lake,1988-08-15,0.0,,,,24.0
Paul Lake,1988-08-15,0.25,,,,
Paul Lake,1988-08-15,0.5,,,,24.0
Paul Lake,1988-08-15,0.75,,,,
Paul Lake,1988-08-15,1.0,,,,23.9
Paul Lake,1988-08-15,1.5,,,,23.9
Paul Lake,1988-08-15,2.0,,,,23.8
Paul Lake,1988-08-15,2.5,,,,23.7
Paul Lake,1988-08-15,3.0,,,,21.5
Paul Lake,1988-08-15,3.5,,,,18.6
Paul Lake,1988-08-15,4.0,,,,15.5
Paul Lake,1988-08-15,4.5,,,,12.8
Paul Lake,1988-08-15,5.0,,,,10.4
Paul Lake,1988-08-15,6.0,,,,7.8
Paul Lake,1988-08-15,7.0,,,,6.2
Paul Lake,1988-08-15,8.0,,,,5.7
Paul Lake,1988-08-15,10.0,,,,5.4
Paul Lake,1988-08-15,12.0,,,,5.3
Paul Lake,1988-08-22,0.0,,,,21.4
Paul Lake,1988-08-22,0.25,,,,
Paul Lake,1988-08-22,0.5,,,,21.4
Paul Lake,1988-08-22,0.75,,,,
Paul Lake,1988-08-22,1.0,,,,21.5
Paul Lake,1988-08-22,1.5,,,,21.4
Paul Lake,1988-08-22,2.0,,,,21.4
Paul Lake,1988-08-22,2.5,,,,21.4
Paul Lake,1988-08-22,3.0,,,,21.2
Paul Lake,1988-08-22,3.5,,,,19.1
Paul Lake,1988-08-22,4.0,,,,15.4
Paul Lake,1988-08-22,4.5,,,,12.9
Paul Lake,1988-08-22,5.0,,,,11.1
Paul Lake,1988-08-22,5.5,,,,9.1
Paul Lake,1988-08-22,6.0,,,,7.7
Paul Lake,1988-08-22,6.5,,,,7.0
Paul Lake,1988-08-22,7.0,,,,6.3
Paul Lake,1988-08-22,8.0,,,,5.7
Paul Lake,1988-08-22,10.0,,,,5.5
Paul Lake,1988-08-22,12.0,,,,5.6
Paul Lake,1988-08-29,0.0,,,,17.9
Paul Lake,1988-08-29,0.25,,,,
Paul Lake,1988-08-29,0.5,,,,18.0
Paul Lake,1988-08-29,0.75,,,,
Paul Lake,1988-08-29,1.0,,,,18.0
Paul Lake,1988-08-29,1.5,,,,18.0
Paul Lake,1988-08-29,2.0,,,,18.0
Paul Lake,1988-08-29,2.5,,,,18.0
Paul Lake,1988-08-29,3.0,,,,18.0
Paul Lake,1988-08-29,3.5,,,,17.9
Paul Lake,1988-08-29,4.0,,,,16.9
Paul Lake,1988-08-29,4.5,,,,13.3
Paul Lake,1988-08-29,5.0,,,,10.9
Paul Lake,1988-08-29,5.5,,,,9.6
Paul Lake,1988-08-29,6.0,,,,7.8
Paul Lake,1988-08-29,7.0,,,,6.5
Paul Lake,1988-08-29,8.0,,,,5.9
Paul Lake,1988-08-29,10.0,,,,5.5
Paul Lake,1988-08-29,12.0,,,,5.5
Paul Lake,1988-09-04,0.0,,,,17.7
Paul Lake,1988-09-04,0.25,,,,
Paul Lake,1988-09-04,0.5,,,,17.7
Paul Lake,1988-09-04,0.75,,,,
Paul Lake,1988-09-04,1.0,,,,17.7
Paul Lake,1988-09-04,1.5,,,,17.7
Paul Lake,1988-09-04,2.0,,,,17.7
Paul Lake,1988-09-04,2.5,,,,17.7
Paul Lake,1988-09-04,3.0,,,,17.7
Paul Lake,1988-09-04,3.5,,,,17.7
Paul Lake,1988-09-04,4.0,,,,17.0
Paul Lake,1988-09-04,4.5,,,,14.2
Paul Lake,1988-09-04,5.0,,,,11.7
Paul Lake,1988-09-04,5.5,,,,9.7
Paul Lake,1988-09-04,6.0,,,,8.7
Paul Lake,1988-09-04,6.5,,,,7.5
Paul Lake,1988-09-04,7.0,,,,6.5
Paul Lake,1988-09-04,8.0,,,,5.9
Paul Lake,1988-09-04,10.0,,,,5.6
Paul Lake,1988-09-04,12.0,,,,5.6
Paul Lake,1988-09-17,0.0,,,,16.0
Paul Lake,1988-09-17,1.0,,,,15.6
Paul Lake,1988-09-17,2.0,,,,15.6
Paul Lake,1988-09-17,3.0,,,,15.5
Paul Lake,1988-09-17,4.0,,,,15.4
Paul Lake,1988-09-17,5.0,,,,12.8
Paul Lake,1988-09-17,6.0,,,,8.9
Paul Lake,1988-09-17,7.0,,,,6.7
Paul Lake,1988-09-17,8.0,,,,6.1
Paul Lake,1988-09-17,9.0,,,,5.8
Paul Lake,1988-09-17,10.0,,,,5.6
Paul Lake,1988-09-17,11.0,,,,5.6
Paul Lake,1988-09-17,12.0,,,,5.8
Paul Lake,1988-09-27,0.0,,,,14.5
Paul Lake,1988-09-27,1.0,,,,14.5
Paul Lake,1988-09-27,2.0,,,,14.4
Paul Lake,1988-09-27,3.0,,,,14.4
Paul Lake,1988-09-27,4.0,,,,14.3
Paul Lake,1988-09-27,5.0,,,,12.8
Paul Lake,1988-09-27,6.0,,,,8.9
Paul Lake,1988-09-27,7.0,,,,7.0
Paul Lake,1988-09-27,8.0,,,,6.0
Paul Lake,1988-09-27,9.0,,,,5.7
Paul Lake,1988-09-27,10.0,,,,5.6
Paul Lake,1988-09-27,11.0,,,,5.6
Paul Lake,1988-09-27,12.0,,,,5.6
Paul Lake,1988-10-15,0.0,,,,12.7
Paul Lake,1988-10-15,1.0,,,,9.6
Paul Lake,1988-10-15,2.0,,,,8.7
Paul Lake,1988-10-15,3.0,,,,8.4
Paul Lake,1988-10-15,4.0,,,,8.3
Paul Lake,1988-10-15,5.0,,,,8.2
Paul Lake,1988-10-15,6.0,,,,8.2
Paul Lake,1988-10-15,7.0,,,,7.9
Paul Lake,1988-10-15,8.0,,,,6.4
Paul Lake,1988-10-15,9.0,,,,5.8
Paul Lake,1988-10-15,10.0,,,,5.7
Paul Lake,1988-10-15,11.0,,,,5.7
Paul Lake,1988-10-15,12.0,,,,5.7
Paul Lake,1989-05-22,0.0,,,,18.3
Paul Lake,1989-05-22,0.25,,,,
Paul Lake,1989-05-22,0.5,,,,18.3
Paul Lake,1989-05-22,0.75,,,,
Paul Lake,1989-05-22,1.0,,,,18.0
Paul Lake,1989-05-22,1.5,,,,17.7
Paul Lake,1989-05-22,2.0,,,,14.0
Paul Lake,1989-05-22,2.5,,,,10.9
Paul Lake,1989-05-22,3.0,,,,9.4
Paul Lake,1989-05-22,3.5,,,,7.7
Paul Lake,1989-05-22,4.0,,,,6.5
Paul Lake,1989-05-22,4.5,,,,5.9
Paul Lake,1989-05-22,5.0,,,,5.3
Paul Lake,1989-05-22,5.5,,,,5.2
Paul Lake,1989-05-22,6.0,,,,5.0
Paul Lake,1989-05-22,7.0,,,,4.9
Paul Lake,1989-05-22,8.0,,,,4.6
Paul Lake,1989-05-22,9.0,,,,4.5
Paul Lake,1989-05-22,10.0,,,,4.4
Paul Lake,1989-05-22,12.0,,,,4.5
Paul Lake,1989-05-29,0.0,,,,17.8
Paul Lake,1989-05-29,0.25,,,,
Paul Lake,1989-05-29,0.5,,,,17.8
Paul Lake,1989-05-29,0.75,,,,
Paul Lake,1989-05-29,1.0,,,,17.7
Paul Lake,1989-05-29,1.5,,,,17.5
Paul Lake,1989-05-29,2.0,,,,17.0
Paul Lake,1989-05-29,2.5,,,,12.2
Paul Lake,1989-05-29,3.0,,,,10.6
Paul Lake,1989-05-29,3.5,,,,9.1
Paul Lake,1989-05-29,4.0,,,,7.2
Paul Lake,1989-05-29,4.5,,,,6.4
Paul Lake,1989-05-29,5.0,,,,5.6
Paul Lake,1989-05-29,6.0,,,,5.3
Paul Lake,1989-05-29,7.0,,,,5.1
Paul Lake,1989-05-29,8.0,,,,4.8
Paul Lake,1989-05-29,10.0,,,,4.5
Paul Lake,1989-05-29,12.0,,,,4.6
Paul Lake,1989-06-05,0.0,,,,17.0
Paul Lake,1989-06-05,0.25,,,,
Paul Lake,1989-06-05,0.5,,,,17.0
Paul Lake,1989-06-05,0.75,,,,
Paul Lake,1989-06-05,1.0,,,,17.0
Paul Lake,1989-06-05,1.5,,,,17.1
Paul Lake,1989-06-05,2.0,,,,16.9
Paul Lake,1989-06-05,2.5,,,,15.1
Paul Lake,1989-06-05,3.0,,,,12.3
Paul Lake,1989-06-05,3.5,,,,10.0
Paul Lake,1989-06-05,4.0,,,,7.9
Paul Lake,1989-06-05,4.5,,,,6.9
Paul Lake,1989-06-05,5.0,,,,6.2
Paul Lake,1989-06-05,6.0,,,,5.6
Paul Lake,1989-06-05,7.0,,,,5.3
Paul Lake,1989-06-05,8.0,,,,4.8
Paul Lake,1989-06-05,10.0,,,,4.6
Paul Lake,1989-06-05,12.0,,,,4.6
Paul Lake,1989-06-12,0.0,,,,17.9
Paul Lake,1989-06-12,0.25,,,,
Paul Lake,1989-06-12,0.5,,,,18.2
Paul Lake,1989-06-12,0.75,,,,
Paul Lake,1989-06-12,1.0,,,,17.5
Paul Lake,1989-06-12,1.5,,,,16.3
Paul Lake,1989-06-12,2.0,,,,15.7
Paul Lake,1989-06-12,2.5,,,,15.1
Paul Lake,1989-06-12,3.0,,,,13.2
Paul Lake,1989-06-12,3.5,,,,10.6
Paul Lake,1989-06-12,4.0,,,,9.0
Paul Lake,1989-06-12,4.5,,,,7.1
Paul Lake,1989-06-12,5.0,,,,6.4
Paul Lake,1989-06-12,6.0,,,,5.7
Paul Lake,1989-06-12,7.0,,,,5.4
Paul Lake,1989-06-12,8.0,,,,5.0
Paul Lake,1989-06-12,10.0,,,,4.7
Paul Lake,1989-06-12,12.0,,,,4.7
Paul Lake,1989-06-19,0.0,,,,18.5
Paul Lake,1989-06-19,0.25,,,,
Paul Lake,1989-06-19,0.5,,,,18.4
Paul Lake,1989-06-19,0.75,,,,
Paul Lake,1989-06-19,1.0,,,,18.1
Paul Lake,1989-06-19,1.5,,,,16.4
Paul Lake,1989-06-19,2.0,,,,15.7
Paul Lake,1989-06-19,2.5,,,,15.0
Paul Lake,1989-06-19,3.0,,,,14.3
Paul Lake,1989-06-19,3.5,,,,11.6
Paul Lake,1989-06-19,4.0,,,,9.7
Paul Lake,1989-06-19,4.5,,,,8.1
Paul Lake,1989-06-19,5.0,,,,6.6
Paul Lake,1989-06-19,5.5,,,,6.0
Paul Lake,1989-06-19,6.0,,,,6.0
Paul Lake,1989-06-19,7.0,,,,5.6
Paul Lake,1989-06-19,8.0,,,,5.1
Paul Lake,1989-06-19,10.0,,,,4.7
Paul Lake,1989-06-19,12.0,,,,4.7
Paul Lake,1989-06-26,0.0,,,,21.9
Paul Lake,1989-06-26,0.25,,,,
Paul Lake,1989-06-26,0.5,,,,21.9
Paul Lake,1989-06-26,0.75,,,,
Paul Lake,1989-06-26,1.0,,,,21.9
Paul Lake,1989-06-26,1.5,,,,21.0
Paul Lake,1989-06-26,2.0,,,,18.4
Paul Lake,1989-06-26,2.5,,,,16.2
Paul Lake,1989-06-26,3.0,,,,14.6
Paul Lake,1989-06-26,3.5,,,,12.4
Paul Lake,1989-06-26,4.0,,,,10.3
Paul Lake,1989-06-26,4.5,,,,8.2
Paul Lake,1989-06-26,5.0,,,,7.4
Paul Lake,1989-06-26,5.5,,,,6.3
Paul Lake,1989-06-26,6.0,,,,6.2
Paul Lake,1989-06-26,7.0,,,,6.0
Paul Lake,1989-06-26,8.0,,,,5.1
Paul Lake,1989-06-26,10.0,,,,4.8
Paul Lake,1989-06-26,12.0,,,,4.8
Paul Lake,1989-07-03,0.0,,,,23.9
Paul Lake,1989-07-03,0.25,,,,
Paul Lake,1989-07-03,0.5,,,,23.9
Paul Lake,1989-07-03,0.75,,,,
Paul Lake,1989-07-03,1.0,,,,23.3
Paul Lake,1989-07-03,1.5,,,,22.1
Paul Lake,1989-07-03,2.0,,,,19.9
Paul Lake,1989-07-03,2.5,,,,17.6
Paul Lake,1989-07-03,3.0,,,,15.3
Paul Lake,1989-07-03,3.5,,,,13.0
Paul Lake,1989-07-03,4.0,,,,10.8
Paul Lake,1989-07-03,4.5,,,,9.1
Paul Lake,1989-07-03,5.0,,,,7.4
Paul Lake,1989-07-03,5.5,,,,6.5
Paul Lake,1989-07-03,6.0,,,,6.3
Paul Lake,1989-07-03,7.0,,,,6.0
Paul Lake,1989-07-03,8.0,,,,5.3
Paul Lake,1989-07-10,0.0,,,,25.0
Paul Lake,1989-07-10,0.25,,,,
Paul Lake,1989-07-10,0.5,,,,25.0
Paul Lake,1989-07-10,0.75,,,,
Paul Lake,1989-07-10,1.0,,,,25.0
Paul Lake,1989-07-10,1.5,,,,24.8
Paul Lake,1989-07-10,2.0,,,,23.4
Paul Lake,1989-07-10,2.5,,,,19.4
Paul Lake,1989-07-10,3.0,,,,16.7
Paul Lake,1989-07-10,3.5,,,,13.5
Paul Lake,1989-07-10,4.0,,,,11.7
Paul Lake,1989-07-10,4.5,,,,9.2
Paul Lake,1989-07-10,5.0,,,,8.2
Paul Lake,1989-07-10,5.5,,,,7.1
Paul Lake,1989-07-10,6.0,,,,6.7
Paul Lake,1989-07-10,7.0,,,,6.1
Paul Lake,1989-07-10,8.0,,,,5.4
Paul Lake,1989-07-17,0.0,,,,22.9
Paul Lake,1989-07-17,0.25,,,,
Paul Lake,1989-07-17,0.5,,,,22.9
Paul Lake,1989-07-17,0.75,,,,
Paul Lake,1989-07-17,1.0,,,,22.9
Paul Lake,1989-07-17,1.5,,,,22.8
Paul Lake,1989-07-17,2.0,,,,22.6
Paul Lake,1989-07-17,2.5,,,,21.1
Paul Lake,1989-07-17,3.0,,,,18.1
Paul Lake,1989-07-17,3.5,,,,14.3
Paul Lake,1989-07-17,4.0,,,,11.9
Paul Lake,1989-07-17,4.5,,,,9.9
Paul Lake,1989-07-17,5.0,,,,8.4
Paul Lake,1989-07-17,5.5,,,,7.2
Paul Lake,1989-07-17,6.0,,,,6.8
Paul Lake,1989-07-17,7.0,,,,6.1
Paul Lake,1989-07-17,8.0,,,,5.5
Paul Lake,1989-07-17,10.0,,,,4.9
Paul Lake,1989-07-17,12.0,,,,5.0
Paul Lake,1989-07-24,0.0,,,,24.7
Paul Lake,1989-07-24,0.25,,,,
Paul Lake,1989-07-24,0.5,,,,24.7
Paul Lake,1989-07-24,0.75,,,,
Paul Lake,1989-07-24,1.0,,,,24.6
Paul Lake,1989-07-24,1.5,,,,24.4
Paul Lake,1989-07-24,2.0,,,,24.0
Paul Lake,1989-07-24,2.5,,,,22.1
Paul Lake,1989-07-24,3.0,,,,19.6
Paul Lake,1989-07-24,3.5,,,,16.2
Paul Lake,1989-07-24,4.0,,,,13.0
Paul Lake,1989-07-24,4.5,,,,10.8
Paul Lake,1989-07-24,5.0,,,,9.0
Paul Lake,1989-07-24,5.5,,,,7.9
Paul Lake,1989-07-24,6.0,,,,7.1
Paul Lake,1989-07-24,7.0,,,,6.2
Paul Lake,1989-07-24,8.0,,,,5.4
Paul Lake,1989-07-24,10.0,,,,5.0
Paul Lake,1989-07-31,0.0,,,,21.3
Paul Lake,1989-07-31,0.25,,,,
Paul Lake,1989-07-31,0.5,,,,21.4
Paul Lake,1989-07-31,0.75,,,,
Paul Lake,1989-07-31,1.0,,,,21.4
Paul Lake,1989-07-31,1.5,,,,21.4
Paul Lake,1989-07-31,2.0,,,,21.4
Paul Lake,1989-07-31,2.5,,,,21.2
Paul Lake,1989-07-31,3.0,,,,20.4
Paul Lake,1989-07-31,3.5,,,,15.9
Paul Lake,1989-07-31,4.0,,,,13.2
Paul Lake,1989-07-31,4.5,,,,11.0
Paul Lake,1989-07-31,5.0,,,,9.2
Paul Lake,1989-07-31,5.5,,,,7.9
Paul Lake,1989-07-31,6.0,,,,7.3
Paul Lake,1989-07-31,7.0,,,,6.1
Paul Lake,1989-07-31,8.0,,,,5.5
Paul Lake,1989-07-31,10.0,,,,4.9
Paul Lake,1989-07-31,12.0,,,,5.0
Paul Lake,1989-08-07,0.0,,,,21.3
Paul Lake,1989-08-07,0.25,,,,
Paul Lake,1989-08-07,0.5,,,,21.4
Paul Lake,1989-08-07,0.75,,,,
Paul Lake,1989-08-07,1.0,,,,21.4
Paul Lake,1989-08-07,1.5,,,,21.4
Paul Lake,1989-08-07,2.0,,,,21.3
Paul Lake,1989-08-07,2.5,,,,21.2
Paul Lake,1989-08-07,3.0,,,,20.6
Paul Lake,1989-08-07,3.5,,,,16.6
Paul Lake,1989-08-07,4.0,,,,14.1
Paul Lake,1989-08-07,4.5,,,,11.4
Paul Lake,1989-08-07,5.0,,,,9.8
Paul Lake,1989-08-07,5.5,,,,8.1
Paul Lake,1989-08-07,6.0,,,,7.5
Paul Lake,1989-08-07,7.0,,,,6.2
Paul Lake,1989-08-07,8.0,,,,5.6
Paul Lake,1989-08-14,0.0,,,,22.2
Paul Lake,1989-08-14,0.25,,,,
Paul Lake,1989-08-14,0.5,,,,22.2
Paul Lake,1989-08-14,0.75,,,,
Paul Lake,1989-08-14,1.0,,,,22.2
Paul Lake,1989-08-14,1.5,,,,22.2
Paul Lake,1989-08-14,2.0,,,,22.2
Paul Lake,1989-08-14,2.5,,,,21.9
Paul Lake,1989-08-14,3.0,,,,20.5
Paul Lake,1989-08-14,3.5,,,,17.7
Paul Lake,1989-08-14,4.0,,,,14.4
Paul Lake,1989-08-14,4.5,,,,11.5
Paul Lake,1989-08-14,5.0,,,,10.2
Paul Lake,1989-08-14,5.5,,,,8.2
Paul Lake,1989-08-14,6.0,,,,7.6
Paul Lake,1989-08-14,7.0,,,,6.4
Paul Lake,1989-08-14,8.0,,,,5.6
Paul Lake,1989-08-21,0.0,,,,20.4
Paul Lake,1989-08-21,0.25,,,,
Paul Lake,1989-08-21,0.5,,,,20.4
Paul Lake,1989-08-21,0.75,,,,
Paul Lake,1989-08-21,1.0,,,,20.4
Paul Lake,1989-08-21,1.5,,,,20.4
Paul Lake,1989-08-21,2.0,,,,20.4
Paul Lake,1989-08-21,2.5,,,,20.3
Paul Lake,1989-08-21,3.0,,,,20.0
Paul Lake,1989-08-21,3.5,,,,18.2
Paul Lake,1989-08-21,4.0,,,,15.2
Paul Lake,1989-08-21,4.5,,,,12.5
Paul Lake,1989-08-21,5.0,,,,10.6
Paul Lake,1989-08-21,5.5,,,,8.8
Paul Lake,1989-08-21,6.0,,,,7.9
Paul Lake,1989-08-21,7.0,,,,6.4
Paul Lake,1989-08-21,8.0,,,,5.6
Paul Lake,1989-08-28,0.0,,,,21.0
Paul Lake,1989-08-28,0.25,,,,
Paul Lake,1989-08-28,0.5,,,,21.0
Paul Lake,1989-08-28,0.75,,,,
Paul Lake,1989-08-28,1.0,,,,21.0
Paul Lake,1989-08-28,1.5,,,,21.0
Paul Lake,1989-08-28,2.0,,,,21.0
Paul Lake,1989-08-28,2.5,,,,20.7
Paul Lake,1989-08-28,3.0,,,,20.3
Paul Lake,1989-08-28,3.5,,,,18.3
Paul Lake,1989-08-28,4.0,,,,15.1
Paul Lake,1989-08-28,4.5,,,,12.9
Paul Lake,1989-08-28,5.0,,,,10.6
Paul Lake,1989-08-28,5.5,,,,9.0
Paul Lake,1989-08-28,6.0,,,,7.8
Paul Lake,1989-08-28,7.0,,,,6.3
Paul Lake,1989-08-28,8.0,,,,5.7
Paul Lake,1989-09-05,0.0,,,,18.3
Paul Lake,1989-09-05,0.25,,,,
Paul Lake,1989-09-05,0.5,,,,18.2
Paul Lake,1989-09-05,0.75,,,,
Paul Lake,1989-09-05,1.0,,,,18.2
Paul Lake,1989-09-05,1.5,,,,18.1
Paul Lake,1989-09-05,2.0,,,,18.1
Paul Lake,1989-09-05,2.5,,,,18.1
Paul Lake,1989-09-05,3.0,,,,18.0
Paul Lake,1989-09-05,3.5,,,,17.9
Paul Lake,1989-09-05,4.0,,,,17.3
Paul Lake,1989-09-05,4.5,,,,13.8
Paul Lake,1989-09-05,5.0,,,,11.4
Paul Lake,1989-09-05,5.5,,,,9.8
Paul Lake,1989-09-05,6.0,,,,8.1
Paul Lake,1989-09-05,7.0,,,,6.6
Paul Lake,1989-09-05,8.0,,,,5.7
Paul Lake,1990-05-21,0.0,,,,12.1
Paul Lake,1990-05-21,0.25,,,,
Paul Lake,1990-05-21,0.5,,,,12.0
Paul Lake,1990-05-21,0.75,,,,
Paul Lake,1990-05-21,1.0,,,,11.8
Paul Lake,1990-05-21,1.5,,,,11.7
Paul Lake,1990-05-21,2.0,,,,11.6
Paul Lake,1990-05-21,2.5,,,,11.3
Paul Lake,1990-05-21,3.0,,,,11.0
Paul Lake,1990-05-21,3.5,,,,9.0
Paul Lake,1990-05-21,4.0,,,,7.5
Paul Lake,1990-05-21,4.5,,,,6.6
Paul Lake,1990-05-21,5.0,,,,5.9
Paul Lake,1990-05-21,5.5,,,,5.7
Paul Lake,1990-05-21,6.0,,,,5.5
Paul Lake,1990-05-21,6.5,,,,5.5
Paul Lake,1990-05-21,7.0,,,,5.3
Paul Lake,1990-05-21,8.0,,,,5.2
Paul Lake,1990-05-21,9.0,,,,5.1
Paul Lake,1990-05-21,10.0,,,,5.1
Paul Lake,1990-05-21,12.0,,,,5.1
Paul Lake,1990-05-28,0.0,,,,17.8
Paul Lake,1990-05-28,0.25,,,,
Paul Lake,1990-05-28,0.5,,,,17.7
Paul Lake,1990-05-28,0.75,,,,
Paul Lake,1990-05-28,1.0,,,,17.5
Paul Lake,1990-05-28,1.5,,,,16.2
Paul Lake,1990-05-28,2.0,,,,13.9
Paul Lake,1990-05-28,2.5,,,,12.7
Paul Lake,1990-05-28,3.0,,,,11.0
Paul Lake,1990-05-28,3.5,,,,9.5
Paul Lake,1990-05-28,4.0,,,,8.1
Paul Lake,1990-05-28,4.5,,,,6.9
Paul Lake,1990-05-28,5.0,,,,6.4
Paul Lake,1990-05-28,5.5,,,,5.8
Paul Lake,1990-05-28,6.0,,,,5.7
Paul Lake,1990-05-28,7.0,,,,5.5
Paul Lake,1990-05-28,8.0,,,,5.2
Paul Lake,1990-05-28,9.0,,,,5.1
Paul Lake,1990-05-28,10.0,,,,5.1
Paul Lake,1990-06-04,0.0,,,,15.6
Paul Lake,1990-06-04,0.25,,,,
Paul Lake,1990-06-04,0.5,,,,15.5
Paul Lake,1990-06-04,0.75,,,,
Paul Lake,1990-06-04,1.0,,,,15.5
Paul Lake,1990-06-04,1.5,,,,15.4
Paul Lake,1990-06-04,2.0,,,,15.4
Paul Lake,1990-06-04,2.5,,,,15.3
Paul Lake,1990-06-04,3.0,,,,12.6
Paul Lake,1990-06-04,3.5,,,,10.7
Paul Lake,1990-06-04,4.0,,,,8.8
Paul Lake,1990-06-04,4.5,,,,7.7
Paul Lake,1990-06-04,5.0,,,,6.9
Paul Lake,1990-06-04,5.5,,,,6.2
Paul Lake,1990-06-04,6.0,,,,5.9
Paul Lake,1990-06-04,6.5,,,,5.9
Paul Lake,1990-06-04,7.0,,,,5.7
Paul Lake,1990-06-04,8.0,,,,5.4
Paul Lake,1990-06-04,9.0,,,,5.2
Paul Lake,1990-06-04,10.0,,,,5.2
Paul Lake,1990-06-04,12.0,,,,5.2
Paul Lake,1990-06-11,0.0,,,,19.3
Paul Lake,1990-06-11,0.25,,,,
Paul Lake,1990-06-11,0.5,,,,19.0
Paul Lake,1990-06-11,0.75,,,,
Paul Lake,1990-06-11,1.0,,,,18.3
Paul Lake,1990-06-11,1.5,,,,17.5
Paul Lake,1990-06-11,2.0,,,,17.1
Paul Lake,1990-06-11,2.5,,,,15.7
Paul Lake,1990-06-11,3.0,,,,14.3
Paul Lake,1990-06-11,3.5,,,,11.8
Paul Lake,1990-06-11,4.0,,,,9.6
Paul Lake,1990-06-11,4.5,,,,8.2
Paul Lake,1990-06-11,5.0,,,,7.3
Paul Lake,1990-06-11,5.5,,,,6.6
Paul Lake,1990-06-11,6.0,,,,6.1
Paul Lake,1990-06-11,6.5,,,,6.1
Paul Lake,1990-06-11,7.0,,,,6.0
Paul Lake,1990-06-11,8.0,,,,5.5
Paul Lake,1990-06-11,9.0,,,,5.3
Paul Lake,1990-06-11,10.0,,,,5.2
Paul Lake,1990-06-11,12.0,,,,5.2
Paul Lake,1990-06-18,0.0,,,,19.3
Paul Lake,1990-06-18,0.25,,,,
Paul Lake,1990-06-18,0.5,,,,19.3
Paul Lake,1990-06-18,0.75,,,,
Paul Lake,1990-06-18,1.0,,,,19.3
Paul Lake,1990-06-18,1.5,,,,19.3
Paul Lake,1990-06-18,2.0,,,,19.0
Paul Lake,1990-06-18,2.5,,,,16.6
Paul Lake,1990-06-18,3.0,,,,14.8
Paul Lake,1990-06-18,3.5,,,,12.6
Paul Lake,1990-06-18,4.0,,,,10.1
Paul Lake,1990-06-18,4.5,,,,8.5
Paul Lake,1990-06-18,5.0,,,,7.4
Paul Lake,1990-06-18,5.5,,,,6.5
Paul Lake,1990-06-18,6.0,,,,6.3
Paul Lake,1990-06-18,6.5,,,,6.2
Paul Lake,1990-06-18,7.0,,,,6.0
Paul Lake,1990-06-18,8.0,,,,5.6
Paul Lake,1990-06-18,9.0,,,,5.4
Paul Lake,1990-06-18,10.0,,,,5.3
Paul Lake,1990-06-25,0.0,,,,20.6
Paul Lake,1990-06-25,0.25,,,,
Paul Lake,1990-06-25,0.5,,,,20.5
Paul Lake,1990-06-25,0.75,,,,
Paul Lake,1990-06-25,1.0,,,,20.0
Paul Lake,1990-06-25,1.5,,,,19.3
Paul Lake,1990-06-25,2.0,,,,19.0
Paul Lake,1990-06-25,2.5,,,,18.4
Paul Lake,1990-06-25,3.0,,,,16.1
Paul Lake,1990-06-25,3.5,,,,13.0
Paul Lake,1990-06-25,4.0,,,,11.0
Paul Lake,1990-06-25,4.5,,,,9.5
Paul Lake,1990-06-25,5.0,,,,8.0
Paul Lake,1990-06-25,5.5,,,,7.0
Paul Lake,1990-06-25,6.0,,,,6.5
Paul Lake,1990-06-25,6.5,,,,6.4
Paul Lake,1990-06-25,7.0,,,,6.1
Paul Lake,1990-06-25,8.0,,,,5.7
Paul Lake,1990-06-25,9.0,,,,5.4
Paul Lake,1990-06-25,10.0,,,,5.3
Paul Lake,1990-07-02,0.0,,,,23.6
Paul Lake,1990-07-02,0.25,,,,
Paul Lake,1990-07-02,0.5,,,,23.5
Paul Lake,1990-07-02,0.75,,,,
Paul Lake,1990-07-02,1.0,,,,23.3
Paul Lake,1990-07-02,1.5,,,,23.1
Paul Lake,1990-07-02,2.0,,,,21.3
Paul Lake,1990-07-02,2.5,,,,19.2
Paul Lake,1990-07-02,3.0,,,,16.1
Paul Lake,1990-07-02,3.5,,,,13.6
Paul Lake,1990-07-02,4.0,,,,11.1
Paul Lake,1990-07-02,4.5,,,,9.5
Paul Lake,1990-07-02,5.0,,,,8.0
Paul Lake,1990-07-02,5.5,,,,7.0
Paul Lake,1990-07-02,6.0,,,,6.5
Paul Lake,1990-07-02,6.5,,,,6.2
Paul Lake,1990-07-02,7.0,,,,6.0
Paul Lake,1990-07-02,8.0,,,,5.5
Paul Lake,1990-07-02,9.0,,,,5.3
Paul Lake,1990-07-02,10.0,,,,5.1
Paul Lake,1990-07-09,0.0,,,,21.1
Paul Lake,1990-07-09,0.25,,,,
Paul Lake,1990-07-09,0.5,,,,21.1
Paul Lake,1990-07-09,0.75,,,,
Paul Lake,1990-07-09,1.0,,,,20.9
Paul Lake,1990-07-09,1.5,,,,20.8
Paul Lake,1990-07-09,2.0,,,,20.8
Paul Lake,1990-07-09,2.5,,,,20.6
Paul Lake,1990-07-09,3.0,,,,17.9
Paul Lake,1990-07-09,3.5,,,,14.6
Paul Lake,1990-07-09,4.0,,,,12.4
Paul Lake,1990-07-09,4.5,,,,10.2
Paul Lake,1990-07-09,5.0,,,,8.4
Paul Lake,1990-07-09,5.5,,,,7.3
Paul Lake,1990-07-09,6.0,,,,6.9
Paul Lake,1990-07-09,6.5,,,,6.5
Paul Lake,1990-07-09,7.0,,,,6.1
Paul Lake,1990-07-09,8.0,,,,5.6
Paul Lake,1990-07-09,9.0,,,,5.3
Paul Lake,1990-07-09,10.0,,,,5.2
Paul Lake,1990-07-16,0.0,,,,20.8
Paul Lake,1990-07-16,0.25,,,,
Paul Lake,1990-07-16,0.5,,,,20.8
Paul Lake,1990-07-16,0.75,,,,
Paul Lake,1990-07-16,1.0,,,,20.8
Paul Lake,1990-07-16,1.5,,,,20.8
Paul Lake,1990-07-16,2.0,,,,20.8
Paul Lake,1990-07-16,2.5,,,,20.6
Paul Lake,1990-07-16,3.0,,,,18.5
Paul Lake,1990-07-16,3.5,,,,14.5
Paul Lake,1990-07-16,4.0,,,,12.9
Paul Lake,1990-07-16,4.5,,,,10.8
Paul Lake,1990-07-16,5.0,,,,8.9
Paul Lake,1990-07-16,5.5,,,,7.6
Paul Lake,1990-07-16,6.0,,,,7.0
Paul Lake,1990-07-16,6.5,,,,6.6
Paul Lake,1990-07-16,7.0,,,,6.2
Paul Lake,1990-07-16,8.0,,,,5.6
Paul Lake,1990-07-16,10.0,,,,5.2
Paul Lake,1990-07-16,12.0,,,,5.1
Paul Lake,1990-07-23,0.0,,,,21.7
Paul Lake,1990-07-23,0.25,,,,
Paul Lake,1990-07-23,0.5,,,,21.7
Paul Lake,1990-07-23,0.75,,,,
Paul Lake,1990-07-23,1.0,,,,21.7
Paul Lake,1990-07-23,1.5,,,,21.6
Paul Lake,1990-07-23,2.0,,,,21.6
Paul Lake,1990-07-23,2.5,,,,21.6
Paul Lake,1990-07-23,3.0,,,,20.6
Paul Lake,1990-07-23,3.5,,,,17.7
Paul Lake,1990-07-23,4.0,,,,14.1
Paul Lake,1990-07-23,4.5,,,,11.2
Paul Lake,1990-07-23,5.0,,,,9.3
Paul Lake,1990-07-23,5.5,,,,8.0
Paul Lake,1990-07-23,6.0,,,,7.2
Paul Lake,1990-07-23,6.5,,,,6.6
Paul Lake,1990-07-23,7.0,,,,6.3
Paul Lake,1990-07-23,8.0,,,,5.7
Paul Lake,1990-07-30,0.0,,,,21.9
Paul Lake,1990-07-30,0.25,,,,
Paul Lake,1990-07-30,0.5,,,,22.0
Paul Lake,1990-07-30,0.75,,,,
Paul Lake,1990-07-30,1.0,,,,22.0
Paul Lake,1990-07-30,1.5,,,,22.0
Paul Lake,1990-07-30,2.0,,,,21.9
Paul Lake,1990-07-30,2.5,,,,21.9
Paul Lake,1990-07-30,3.0,,,,20.0
Paul Lake,1990-07-30,3.5,,,,17.5
Paul Lake,1990-07-30,4.0,,,,14.3
Paul Lake,1990-07-30,4.5,,,,11.8
Paul Lake,1990-07-30,5.0,,,,9.6
Paul Lake,1990-07-30,5.5,,,,8.2
Paul Lake,1990-07-30,6.0,,,,7.3
Paul Lake,1990-07-30,6.5,,,,6.7
Paul Lake,1990-07-30,7.0,,,,6.3
Paul Lake,1990-07-30,8.0,,,,5.7
Paul Lake,1990-07-30,9.0,,,,5.4
Paul Lake,1990-07-30,10.0,,,,5.2
Paul Lake,1990-08-06,0.0,,,,21.0
Paul Lake,1990-08-06,0.25,,,,
Paul Lake,1990-08-06,0.5,,,,21.1
Paul Lake,1990-08-06,0.75,,,,
Paul Lake,1990-08-06,1.0,,,,21.0
Paul Lake,1990-08-06,1.5,,,,21.0
Paul Lake,1990-08-06,2.0,,,,20.9
Paul Lake,1990-08-06,2.5,,,,20.9
Paul Lake,1990-08-06,3.0,,,,20.8
Paul Lake,1990-08-06,3.5,,,,18.1
Paul Lake,1990-08-06,4.0,,,,14.9
Paul Lake,1990-08-06,4.5,,,,12.5
Paul Lake,1990-08-06,5.0,,,,10.5
Paul Lake,1990-08-06,5.5,,,,8.6
Paul Lake,1990-08-06,6.0,,,,7.7
Paul Lake,1990-08-06,6.5,,,,6.9
Paul Lake,1990-08-06,7.0,,,,6.4
Paul Lake,1990-08-06,8.0,,,,5.8
Paul Lake,1990-08-06,9.0,,,,5.4
Paul Lake,1990-08-06,10.0,,,,5.3
Paul Lake,1990-08-13,0.0,,,,20.2
Paul Lake,1990-08-13,0.25,,,,
Paul Lake,1990-08-13,0.5,,,,20.1
Paul Lake,1990-08-13,0.75,,,,
Paul Lake,1990-08-13,1.0,,,,20.1
Paul Lake,1990-08-13,1.5,,,,20.0
Paul Lake,1990-08-13,2.0,,,,20.0
Paul Lake,1990-08-13,2.5,,,,19.9
Paul Lake,1990-08-13,3.0,,,,19.9
Paul Lake,1990-08-13,3.5,,,,18.5
Paul Lake,1990-08-13,4.0,,,,15.6
Paul Lake,1990-08-13,4.5,,,,12.7
Paul Lake,1990-08-13,5.0,,,,10.6
Paul Lake,1990-08-13,5.5,,,,9.2
Paul Lake,1990-08-13,6.0,,,,7.8
Paul Lake,1990-08-13,6.5,,,,6.9
Paul Lake,1990-08-13,7.0,,,,6.4
Paul Lake,1990-08-13,8.0,,,,5.8
Paul Lake,1990-08-13,9.0,,,,5.5
Paul Lake,1990-08-20,0.0,,,,19.7
Paul Lake,1990-08-20,0.25,,,,
Paul Lake,1990-08-20,0.5,,,,19.7
Paul Lake,1990-08-20,0.75,,,,
Paul Lake,1990-08-20,1.0,,,,19.7
Paul Lake,1990-08-20,1.5,,,,19.7
Paul Lake,1990-08-20,2.0,,,,19.7
Paul Lake,1990-08-20,2.5,,,,19.7
Paul Lake,1990-08-20,3.0,,,,19.6
Paul Lake,1990-08-20,3.5,,,,19.3
Paul Lake,1990-08-20,4.0,,,,16.4
Paul Lake,1990-08-20,4.5,,,,13.3
Paul Lake,1990-08-20,5.0,,,,11.3
Paul Lake,1990-08-20,5.5,,,,9.5
Paul Lake,1990-08-20,6.0,,,,8.2
Paul Lake,1990-08-20,6.5,,,,7.4
Paul Lake,1990-08-20,7.0,,,,6.6
Paul Lake,1990-08-20,8.0,,,,5.8
Paul Lake,1990-08-20,9.0,,,,4.9
Paul Lake,1990-08-26,0.0,,,,22.0
Paul Lake,1990-08-26,0.25,,,,
Paul Lake,1990-08-26,0.5,,,,22.0
Paul Lake,1990-08-26,0.75,,,,
Paul Lake,1990-08-26,1.0,,,,22.0
Paul Lake,1990-08-26,1.5,,,,22.0
Paul Lake,1990-08-26,2.0,,,,21.4
Paul Lake,1990-08-26,2.5,,,,21.0
Paul Lake,1990-08-26,3.0,,,,20.4
Paul Lake,1990-08-26,3.5,,,,19.2
Paul Lake,1990-08-26,4.0,,,,16.6
Paul Lake,1990-08-26,4.5,,,,14.0
Paul Lake,1990-08-26,5.0,,,,12.0
Paul Lake,1990-08-26,5.5,,,,10.0
Paul Lake,1990-08-26,6.0,,,,8.8
Paul Lake,1990-08-26,6.5,,,,7.4
Paul Lake,1990-08-26,7.0,,,,6.7
Paul Lake,1990-08-26,8.0,,,,6.0
Paul Lake,1990-08-26,9.0,,,,5.6
Paul Lake,1990-08-26,10.0,,,,5.5
Paul Lake,1990-09-04,0.0,,,,20.5
Paul Lake,1990-09-04,0.25,,,,
Paul Lake,1990-09-04,0.5,,,,20.5
Paul Lake,1990-09-04,0.75,,,,
Paul Lake,1990-09-04,1.0,,,,20.5
Paul Lake,1990-09-04,1.5,,,,20.5
Paul Lake,1990-09-04,2.0,,,,20.5
Paul Lake,1990-09-04,2.5,,,,20.5
Paul Lake,1990-09-04,3.0,,,,20.5
Paul Lake,1990-09-04,3.5,,,,20.1
Paul Lake,1990-09-04,4.0,,,,17.2
Paul Lake,1990-09-04,4.5,,,,14.1
Paul Lake,1990-09-04,5.0,,,,11.9
Paul Lake,1990-09-04,5.5,,,,10.4
Paul Lake,1990-09-04,6.0,,,,9.1
Paul Lake,1990-09-04,6.5,,,,7.7
Paul Lake,1990-09-04,7.0,,,,6.8
Paul Lake,1990-09-04,8.0,,,,6.0
Paul Lake,1990-09-04,9.0,,,,5.6
Paul Lake,1990-09-10,0.0,,,,19.0
Paul Lake,1990-09-10,0.25,,,,
Paul Lake,1990-09-10,0.5,,,,19.0
Paul Lake,1990-09-10,0.75,,,,
Paul Lake,1990-09-10,1.0,,,,19.0
Paul Lake,1990-09-10,1.5,,,,19.0
Paul Lake,1990-09-10,2.0,,,,19.0
Paul Lake,1990-09-10,2.5,,,,19.0
Paul Lake,1990-09-10,3.0,,,,18.9
Paul Lake,1990-09-10,3.5,,,,18.8
Paul Lake,1990-09-10,4.0,,,,18.0
Paul Lake,1990-09-10,4.5,,,,15.2
Paul Lake,1990-09-10,5.0,,,,12.2
Paul Lake,1990-09-10,5.5,,,,10.9
Paul Lake,1990-09-10,6.0,,,,9.2
Paul Lake,1990-09-10,6.5,,,,8.0
Paul Lake,1990-09-10,7.0,,,,6.9
Paul Lake,1990-09-10,8.0,,,,6.0
Paul Lake,1990-09-10,9.0,,,,5.7
Paul Lake,1991-05-20,0.0,538.0,25.0,,16.6
Paul Lake,1991-05-20,0.25,,,,
Paul Lake,1991-05-20,0.5,,,,16.6
Paul Lake,1991-05-20,0.75,,,,
Paul Lake,1991-05-20,0.85,285.0,14.0,,
Paul Lake,1991-05-20,1.0,,,,16.2
Paul Lake,1991-05-20,1.5,,,,15.9
Paul Lake,1991-05-20,1.75,399.0,14.0,,
Paul Lake,1991-05-20,2.0,,,,13.7
Paul Lake,1991-05-20,2.5,,,,11.8
Paul Lake,1991-05-20,3.0,453.0,14.0,,10.4
Paul Lake,1991-05-20,3.5,,,,9.3
Paul Lake,1991-05-20,4.0,363.0,13.0,,7.9
Paul Lake,1991-05-20,4.5,,,,7.0
Paul Lake,1991-05-20,5.0,,,,6.2
Paul Lake,1991-05-20,5.5,,,,5.7
Paul Lake,1991-05-20,6.0,583.0,37.0,,5.3
Paul Lake,1991-05-20,6.5,,,,5.1
Paul Lake,1991-05-20,7.0,,,,5.0
Paul Lake,1991-05-20,8.0,,,,4.9
Paul Lake,1991-05-20,9.0,,,,4.8
Paul Lake,1991-05-20,10.0,,,,4.7
Paul Lake,1991-05-27,0.0,483.0,8.0,8.0,19.4
Paul Lake,1991-05-27,0.25,,,,
Paul Lake,1991-05-27,0.5,,,,19.4
Paul Lake,1991-05-27,0.65,351.0,8.0,7.0,
Paul Lake,1991-05-27,0.75,,,,
Paul Lake,1991-05-27,1.0,,,,19.3
Paul Lake,1991-05-27,1.5,337.0,9.0,12.0,19.0
Paul Lake,1991-05-27,2.0,,,,15.8
Paul Lake,1991-05-27,2.5,,,,14.2
Paul Lake,1991-05-27,2.75,327.0,9.0,8.0,
Paul Lake,1991-05-27,3.0,,,,11.6
Paul Lake,1991-05-27,3.5,,,,9.8
Paul Lake,1991-05-27,4.0,346.0,13.0,,8.7
Paul Lake,1991-05-27,4.5,,,,7.4
Paul Lake,1991-05-27,5.0,,,,6.6
Paul Lake,1991-05-27,5.5,,,,6.1
Paul Lake,1991-05-27,6.0,687.0,32.0,,5.7
Paul Lake,1991-05-27,6.5,,,,5.3
Paul Lake,1991-05-27,7.0,,,,5.1
Paul Lake,1991-05-27,8.0,900.0,45.0,,4.9
Paul Lake,1991-05-27,9.0,,,,4.9
Paul Lake,1991-05-27,10.0,,,,4.8
Paul Lake,1991-06-03,0.0,512.0,17.0,4.0,22.4
Paul Lake,1991-06-03,0.25,,,,
Paul Lake,1991-06-03,0.5,584.0,8.0,7.0,22.3
Paul Lake,1991-06-03,0.75,,,,
Paul Lake,1991-06-03,1.0,,,,22.1
Paul Lake,1991-06-03,1.25,470.0,17.0,4.0,
Paul Lake,1991-06-03,1.5,,,,20.7
Paul Lake,1991-06-03,2.0,,,,17.9
Paul Lake,1991-06-03,2.25,587.0,7.0,7.0,
Paul Lake,1991-06-03,2.5,,,,15.1
Paul Lake,1991-06-03,3.0,,,,12.5
Paul Lake,1991-06-03,3.4,348.0,5.0,3.0,
Paul Lake,1991-06-03,3.5,,,,10.6
Paul Lake,1991-06-03,4.0,,,,8.9
Paul Lake,1991-06-03,4.5,,,,8.0
Paul Lake,1991-06-03,5.0,,,,6.8
Paul Lake,1991-06-03,5.34,468.0,20.0,3.0,
Paul Lake,1991-06-03,5.5,,,,6.1
Paul Lake,1991-06-03,6.0,,,,5.7
Paul Lake,1991-06-03,6.5,,,,5.5
Paul Lake,1991-06-03,7.0,,,,5.3
Paul Lake,1991-06-03,8.0,1107.0,32.0,14.0,4.9
Paul Lake,1991-06-03,9.0,,,,4.8
Paul Lake,1991-06-03,10.0,,,,4.0
Paul Lake,1991-06-10,0.0,421.0,11.0,6.0,22.6
Paul Lake,1991-06-10,0.25,,,,
Paul Lake,1991-06-10,0.5,,,,22.7
Paul Lake,1991-06-10,0.55,352.0,14.0,4.0,
Paul Lake,1991-06-10,0.75,,,,
Paul Lake,1991-06-10,1.0,,,,22.7
Paul Lake,1991-06-10,1.3,407.0,11.0,5.0,
Paul Lake,1991-06-10,1.5,,,,22.6
Paul Lake,1991-06-10,2.0,,,,18.6
Paul Lake,1991-06-10,2.25,299.0,9.0,1.0,
Paul Lake,1991-06-10,2.5,,,,15.9
Paul Lake,1991-06-10,3.0,,,,12.5
Paul Lake,1991-06-10,3.4,334.0,11.0,1.0,
Paul Lake,1991-06-10,3.5,,,,11.3
Paul Lake,1991-06-10,4.0,,,,10.0
Paul Lake,1991-06-10,4.5,,,,8.2
Paul Lake,1991-06-10,5.0,,,,7.3
Paul Lake,1991-06-10,5.5,,,,6.5
Paul Lake,1991-06-10,5.7,434.0,21.0,4.0,
Paul Lake,1991-06-10,6.0,,,,5.8
Paul Lake,1991-06-10,6.5,,,,5.6
Paul Lake,1991-06-10,7.0,,,,5.1
Paul Lake,1991-06-10,8.0,1271.0,45.0,12.0,4.9
Paul Lake,1991-06-10,9.0,,,,4.9
Paul Lake,1991-06-10,10.0,,,,4.8
Paul Lake,1991-06-17,0.0,474.0,8.0,5.0,22.8
Paul Lake,1991-06-17,0.25,,,,
Paul Lake,1991-06-17,0.5,,,,22.7
Paul Lake,1991-06-17,0.65,377.0,10.0,1.0,
Paul Lake,1991-06-17,0.75,,,,
Paul Lake,1991-06-17,1.0,,,,22.6
Paul Lake,1991-06-17,1.3,411.0,12.0,2.0,
Paul Lake,1991-06-17,1.5,,,,22.5
Paul Lake,1991-06-17,2.0,,,,21.1
Paul Lake,1991-06-17,2.4,347.0,12.0,1.0,
Paul Lake,1991-06-17,2.5,,,,18.4
Paul Lake,1991-06-17,3.0,,,,14.8
Paul Lake,1991-06-17,3.25,359.0,12.0,5.0,
Paul Lake,1991-06-17,3.5,,,,12.5
Paul Lake,1991-06-17,4.0,,,,10.5
Paul Lake,1991-06-17,4.5,,,,8.9
Paul Lake,1991-06-17,5.0,,,,7.6
Paul Lake,1991-06-17,5.4,446.0,20.0,0.0,
Paul Lake,1991-06-17,5.5,,,,7.1
Paul Lake,1991-06-17,6.0,,,,6.1
Paul Lake,1991-06-17,6.5,,,,5.9
Paul Lake,1991-06-17,7.0,,,,5.6
Paul Lake,1991-06-17,8.0,1164.0,39.0,3.0,5.1
Paul Lake,1991-06-17,9.0,,,,5.1
Paul Lake,1991-06-17,10.0,,,,4.9
Paul Lake,1991-06-24,0.0,400.0,9.0,4.0,21.1
Paul Lake,1991-06-24,0.25,,,,
Paul Lake,1991-06-24,0.5,,,,21.0
Paul Lake,1991-06-24,0.75,,,,
Paul Lake,1991-06-24,0.8,495.0,10.0,3.0,
Paul Lake,1991-06-24,1.0,,,,20.8
Paul Lake,1991-06-24,1.5,437.0,11.0,3.0,20.8
Paul Lake,1991-06-24,2.0,,,,20.4
Paul Lake,1991-06-24,2.5,,,,18.9
Paul Lake,1991-06-24,2.6,368.0,11.0,3.0,
Paul Lake,1991-06-24,3.0,,,,16.0
Paul Lake,1991-06-24,3.5,,,,12.8
Paul Lake,1991-06-24,3.6,346.0,12.0,2.0,
Paul Lake,1991-06-24,4.0,,,,10.9
Paul Lake,1991-06-24,4.5,,,,9.2
Paul Lake,1991-06-24,5.0,,,,8.1
Paul Lake,1991-06-24,5.5,458.0,33.0,4.0,7.0
Paul Lake,1991-06-24,6.0,,,,6.4
Paul Lake,1991-06-24,6.5,,,,5.9
Paul Lake,1991-06-24,7.0,,,,5.4
Paul Lake,1991-06-24,8.0,1287.0,75.0,12.0,5.0
Paul Lake,1991-06-24,9.0,,,,4.9
Paul Lake,1991-06-24,10.0,,,,4.9
Paul Lake,1991-07-01,0.0,506.0,9.0,7.0,21.4
Paul Lake,1991-07-01,0.25,,,,
Paul Lake,1991-07-01,0.5,,,,21.5
Paul Lake,1991-07-01,0.75,,,,
Paul Lake,1991-07-01,0.8,560.0,12.0,2.0,
Paul Lake,1991-07-01,1.0,,,,21.5
Paul Lake,1991-07-01,1.5,,,,21.4
Paul Lake,1991-07-01,1.6,503.0,12.0,8.0,
Paul Lake,1991-07-01,2.0,,,,21.4
Paul Lake,1991-07-01,2.5,504.0,13.0,6.0,19.8
Paul Lake,1991-07-01,3.0,,,,17.0
Paul Lake,1991-07-01,3.5,,,,14.1
Paul Lake,1991-07-01,3.8,398.0,12.0,5.0,
Paul Lake,1991-07-01,4.0,,,,11.6
Paul Lake,1991-07-01,4.5,,,,9.9
Paul Lake,1991-07-01,5.0,,,,8.8
Paul Lake,1991-07-01,5.5,,,,7.4
Paul Lake,1991-07-01,5.7,535.0,39.0,9.0,
Paul Lake,1991-07-01,6.0,,,,6.9
Paul Lake,1991-07-01,6.5,,,,6.2
Paul Lake,1991-07-01,7.0,,,,5.7
Paul Lake,1991-07-01,8.0,1033.0,44.0,5.0,5.3
Paul Lake,1991-07-01,9.0,,,,5.2
Paul Lake,1991-07-01,10.0,,,,5.0
Paul Lake,1991-07-08,0.0,341.0,11.0,3.0,22.4
Paul Lake,1991-07-08,0.25,,,,
Paul Lake,1991-07-08,0.5,,,,22.4
Paul Lake,1991-07-08,0.75,522.0,14.0,4.0,
Paul Lake,1991-07-08,1.0,,,,22.4
Paul Lake,1991-07-08,1.4,416.0,11.0,1.0,
Paul Lake,1991-07-08,1.5,,,,22.4
Paul Lake,1991-07-08,2.0,,,,22.2
Paul Lake,1991-07-08,2.5,402.0,18.0,3.0,20.6
Paul Lake,1991-07-08,3.0,,,,18.0
Paul Lake,1991-07-08,3.5,397.0,10.0,0.0,14.0
Paul Lake,1991-07-08,4.0,,,,12.2
Paul Lake,1991-07-08,4.5,,,,10.4
Paul Lake,1991-07-08,5.0,,,,8.9
Paul Lake,1991-07-08,5.5,462.0,16.0,3.0,7.4
Paul Lake,1991-07-08,6.0,,,,6.8
Paul Lake,1991-07-08,6.5,,,,6.4
Paul Lake,1991-07-08,7.0,,,,5.9
Paul Lake,1991-07-08,8.0,1229.0,50.0,7.0,5.4
Paul Lake,1991-07-08,9.0,,,,5.1
Paul Lake,1991-07-08,10.0,,,,5.0
Paul Lake,1991-07-15,0.0,436.0,9.0,3.0,23.1
Paul Lake,1991-07-15,0.25,,,,
Paul Lake,1991-07-15,0.5,,,,23.0
Paul Lake,1991-07-15,0.7,443.0,11.0,1.0,
Paul Lake,1991-07-15,0.75,,,,
Paul Lake,1991-07-15,1.0,,,,23.0
Paul Lake,1991-07-15,1.5,,,,22.9
Paul Lake,1991-07-15,1.6,431.0,14.0,5.0,
Paul Lake,1991-07-15,2.0,,,,22.8
Paul Lake,1991-07-15,2.5,403.0,10.0,3.0,22.0
Paul Lake,1991-07-15,3.0,,,,19.1
Paul Lake,1991-07-15,3.5,436.0,,2.0,15.6
Paul Lake,1991-07-15,4.0,,,,12.9
Paul Lake,1991-07-15,4.5,,,,10.8
Paul Lake,1991-07-15,5.0,,,,9.2
Paul Lake,1991-07-15,5.5,386.0,20.0,4.0,8.0
Paul Lake,1991-07-15,6.0,,,,7.2
Paul Lake,1991-07-15,6.5,,,,6.4
Paul Lake,1991-07-15,7.0,,,,5.9
Paul Lake,1991-07-15,8.0,1601.0,52.0,22.0,5.4
Paul Lake,1991-07-15,9.0,,,,5.2
Paul Lake,1991-07-15,10.0,,,,5.1
Paul Lake,1991-07-22,0.0,431.0,6.0,0.0,25.5
Paul Lake,1991-07-22,0.25,,,,
Paul Lake,1991-07-22,0.5,,,,25.5
Paul Lake,1991-07-22,0.75,401.0,8.0,0.0,
Paul Lake,1991-07-22,1.0,,,,25.5
Paul Lake,1991-07-22,1.5,462.0,7.0,1.0,25.5
Paul Lake,1991-07-22,2.0,,,,25.1
Paul Lake,1991-07-22,2.5,,,,23.2
Paul Lake,1991-07-22,2.6,384.0,10.0,1.0,
Paul Lake,1991-07-22,3.0,,,,20.0
Paul Lake,1991-07-22,3.5,,,,16.5
Paul Lake,1991-07-22,3.8,414.0,10.0,0.0,
Paul Lake,1991-07-22,4.0,,,,13.7
Paul Lake,1991-07-22,4.5,,,,11.4
Paul Lake,1991-07-22,5.0,,,,9.7
Paul Lake,1991-07-22,5.5,,,,8.6
Paul Lake,1991-07-22,5.8,556.0,19.0,1.0,
Paul Lake,1991-07-22,6.0,,,,7.1
Paul Lake,1991-07-22,6.5,,,,6.6
Paul Lake,1991-07-22,7.0,,,,6.1
Paul Lake,1991-07-22,8.0,1266.0,39.0,4.0,5.5
Paul Lake,1991-07-22,9.0,,,,5.2
Paul Lake,1991-07-22,10.0,,,,5.1
Paul Lake,1991-07-29,0.0,442.0,9.0,1.0,19.6
Paul Lake,1991-07-29,0.25,,,,
Paul Lake,1991-07-29,0.5,404.0,18.0,2.0,19.7
Paul Lake,1991-07-29,0.75,,,,
Paul Lake,1991-07-29,1.0,,,,19.7
Paul Lake,1991-07-29,1.2,329.0,12.0,2.0,
Paul Lake,1991-07-29,1.5,,,,19.7
Paul Lake,1991-07-29,2.0,,,,19.7
Paul Lake,1991-07-29,2.4,317.0,9.0,3.0,
Paul Lake,1991-07-29,2.5,,,,19.7
Paul Lake,1991-07-29,3.0,,,,19.6
Paul Lake,1991-07-29,3.4,381.0,12.0,1.0,
Paul Lake,1991-07-29,3.5,,,,17.5
Paul Lake,1991-07-29,4.0,,,,15.2
Paul Lake,1991-07-29,4.5,,,,12.2
Paul Lake,1991-07-29,5.0,,,,10.6
Paul Lake,1991-07-29,5.5,,,,8.8
Paul Lake,1991-07-29,5.8,452.0,23.0,3.0,
Paul Lake,1991-07-29,6.0,,,,7.3
Paul Lake,1991-07-29,6.5,,,,6.7
Paul Lake,1991-07-29,7.0,,,,6.3
Paul Lake,1991-07-29,8.0,1141.0,63.0,7.0,5.7
Paul Lake,1991-07-29,9.0,,,,5.3
Paul Lake,1991-07-29,10.0,,,,5.1
Paul Lake,1991-08-05,0.0,380.0,11.0,8.0,20.0
Paul Lake,1991-08-05,0.25,,,,
Paul Lake,1991-08-05,0.5,,,,20.0
Paul Lake,1991-08-05,0.7,388.0,15.0,3.0,
Paul Lake,1991-08-05,0.75,,,,
Paul Lake,1991-08-05,1.0,,,,20.0
Paul Lake,1991-08-05,1.5,343.0,13.0,5.0,19.9
Paul Lake,1991-08-05,2.0,,,,19.9
Paul Lake,1991-08-05,2.5,321.0,11.0,3.0,19.8
Paul Lake,1991-08-05,3.0,,,,19.6
Paul Lake,1991-08-05,3.4,352.0,22.0,3.0,
Paul Lake,1991-08-05,3.5,,,,17.3
Paul Lake,1991-08-05,4.0,,,,14.9
Paul Lake,1991-08-05,4.5,,,,12.2
Paul Lake,1991-08-05,5.0,,,,10.3
Paul Lake,1991-08-05,5.5,,,,8.7
Paul Lake,1991-08-05,5.6,367.0,22.0,3.0,
Paul Lake,1991-08-05,6.0,,,,7.7
Paul Lake,1991-08-05,6.5,,,,6.9
Paul Lake,1991-08-05,7.0,,,,6.3
Paul Lake,1991-08-05,8.0,1235.0,55.0,13.0,5.6
Paul Lake,1991-08-05,9.0,,,,5.3
Paul Lake,1991-08-05,10.0,,,,5.2
Paul Lake,1991-08-12,0.0,383.0,7.0,0.0,22.0
Paul Lake,1991-08-12,0.25,,,,
Paul Lake,1991-08-12,0.5,,,,22.0
Paul Lake,1991-08-12,0.65,388.0,10.0,0.0,
Paul Lake,1991-08-12,0.75,,,,
Paul Lake,1991-08-12,1.0,,,,21.9
Paul Lake,1991-08-12,1.5,362.0,13.0,1.0,21.9
Paul Lake,1991-08-12,2.0,,,,21.7
Paul Lake,1991-08-12,2.5,329.0,10.0,1.0,21.3
Paul Lake,1991-08-12,3.0,,,,20.3
Paul Lake,1991-08-12,3.4,349.0,10.0,0.0,
Paul Lake,1991-08-12,3.5,,,,18.4
Paul Lake,1991-08-12,4.0,,,,15.6
Paul Lake,1991-08-12,4.5,,,,13.3
Paul Lake,1991-08-12,5.0,,,,10.9
Paul Lake,1991-08-12,5.5,419.0,15.0,1.0,9.2
Paul Lake,1991-08-12,6.0,,,,8.1
Paul Lake,1991-08-12,6.5,,,,7.3
Paul Lake,1991-08-12,7.0,,,,6.6
Paul Lake,1991-08-12,8.0,1273.0,43.0,10.0,5.6
Paul Lake,1991-08-12,9.0,,,,5.3
Paul Lake,1991-08-19,0.0,415.0,8.0,5.0,21.1
Paul Lake,1991-08-19,0.25,,,,
Paul Lake,1991-08-19,0.5,,,,21.3
Paul Lake,1991-08-19,0.75,,,,
Paul Lake,1991-08-19,0.9,383.0,11.0,5.0,
Paul Lake,1991-08-19,1.0,,,,21.3
Paul Lake,1991-08-19,1.5,,,,21.3
Paul Lake,1991-08-19,1.6,387.0,10.0,5.0,
Paul Lake,1991-08-19,2.0,,,,21.2
Paul Lake,1991-08-19,2.5,,,,21.2
Paul Lake,1991-08-19,2.6,349.0,11.0,5.0,
Paul Lake,1991-08-19,3.0,,,,20.9
Paul Lake,1991-08-19,3.4,325.0,13.0,5.0,
Paul Lake,1991-08-19,3.5,,,,18.2
Paul Lake,1991-08-19,4.0,,,,15.5
Paul Lake,1991-08-19,4.5,,,,13.3
Paul Lake,1991-08-19,5.0,,,,11.2
Paul Lake,1991-08-19,5.2,381.0,18.0,6.0,
Paul Lake,1991-08-19,5.5,,,,9.3
Paul Lake,1991-08-19,6.0,,,,8.4
Paul Lake,1991-08-19,6.5,,,,7.4
Paul Lake,1991-08-19,7.0,,,,6.8
Paul Lake,1991-08-19,8.0,1217.0,48.0,14.0,5.7
Paul Lake,1991-08-19,9.0,,,,5.4
Paul Lake,1991-08-26,0.0,345.0,8.0,,21.8
Paul Lake,1991-08-26,0.25,,,,
Paul Lake,1991-08-26,0.5,,,,21.7
Paul Lake,1991-08-26,0.7,398.0,9.0,,
Paul Lake,1991-08-26,0.75,,,,
Paul Lake,1991-08-26,1.0,,,,21.6
Paul Lake,1991-08-26,1.4,373.0,8.0,,
Paul Lake,1991-08-26,1.5,,,,21.2
Paul Lake,1991-08-26,2.0,,,,21.2
Paul Lake,1991-08-26,2.35,317.0,16.0,,
Paul Lake,1991-08-26,2.5,,,,21.0
Paul Lake,1991-08-26,3.0,,,,20.8
Paul Lake,1991-08-26,3.1,301.0,12.0,,
Paul Lake,1991-08-26,3.5,,,,19.1
Paul Lake,1991-08-26,4.0,,,,16.1
Paul Lake,1991-08-26,4.5,,,,13.7
Paul Lake,1991-08-26,5.0,,,,11.5
Paul Lake,1991-08-26,5.15,289.0,13.0,,
Paul Lake,1991-08-26,5.5,,,,9.6
Paul Lake,1991-08-26,6.0,,,,8.5
Paul Lake,1991-08-26,6.5,,,,7.7
Paul Lake,1991-08-26,7.0,,,,6.7
Paul Lake,1991-08-26,8.0,1074.0,43.0,,5.8
Paul Lake,1991-08-26,9.0,,,,5.5
Paul Lake,1991-09-02,0.0,477.0,7.0,,20.3
Paul Lake,1991-09-02,0.25,,,,
Paul Lake,1991-09-02,0.5,,,,20.4
Paul Lake,1991-09-02,0.6,488.0,11.0,,
Paul Lake,1991-09-02,0.75,,,,
Paul Lake,1991-09-02,1.0,,,,20.4
Paul Lake,1991-09-02,1.25,411.0,11.0,,
Paul Lake,1991-09-02,1.5,,,,20.3
Paul Lake,1991-09-02,2.0,,,,20.3
Paul Lake,1991-09-02,2.3,342.0,11.0,,
Paul Lake,1991-09-02,2.5,,,,20.3
Paul Lake,1991-09-02,3.0,,,,20.2
Paul Lake,1991-09-02,3.1,403.0,8.0,,
Paul Lake,1991-09-02,3.5,,,,19.6
Paul Lake,1991-09-02,4.0,,,,17.0
Paul Lake,1991-09-02,4.5,,,,13.8
Paul Lake,1991-09-02,5.0,,,,11.8
Paul Lake,1991-09-02,5.25,343.0,17.0,,
Paul Lake,1991-09-02,5.5,,,,10.0
Paul Lake,1991-09-02,6.0,,,,8.9
Paul Lake,1991-09-02,6.5,,,,7.5
Paul Lake,1991-09-02,7.0,,,,6.8
Paul Lake,1991-09-02,8.0,1638.0,42.0,,5.9
Paul Lake,1991-09-02,9.0,,,,5.5
Paul Lake,1992-05-20,0.0,279.62,9.66,,
Paul Lake,1992-05-20,0.95,277.69,12.68,,
Paul Lake,1992-05-20,1.35,435.23,14.47,,
Paul Lake,1992-05-20,3.1,365.39,18.61,,
Paul Lake,1992-05-20,3.9,471.11,18.22,,
Paul Lake,1992-05-20,5.5,761.22,43.89,,
Paul Lake,1992-05-20,8.0,1067.63,65.04,,
Paul Lake,1992-05-21,0.0,,,,19.2
Paul Lake,1992-05-21,0.25,,,,
Paul Lake,1992-05-21,0.5,,,,19.2
Paul Lake,1992-05-21,0.75,,,,
Paul Lake,1992-05-21,1.0,,,,18.7
Paul Lake,1992-05-21,1.5,,,,16.4
Paul Lake,1992-05-21,2.0,,,,15.2
Paul Lake,1992-05-21,2.5,,,,11.9
Paul Lake,1992-05-21,3.0,,,,9.5
Paul Lake,1992-05-21,3.5,,,,7.7
Paul Lake,1992-05-21,4.0,,,,6.8
Paul Lake,1992-05-21,4.5,,,,6.0
Paul Lake,1992-05-21,5.0,,,,5.4
Paul Lake,1992-05-21,5.5,,,,5.1
Paul Lake,1992-05-21,6.0,,,,5.0
Paul Lake,1992-05-21,6.5,,,,4.9
Paul Lake,1992-05-21,7.0,,,,4.8
Paul Lake,1992-05-21,8.0,,,,4.7
Paul Lake,1992-05-21,9.0,,,,4.7
Paul Lake,1992-05-27,0.0,301.32,22.62,0.0,
Paul Lake,1992-05-27,0.95,309.08,5.7,5.0,
Paul Lake,1992-05-27,1.9,407.59,4.3,3.0,
Paul Lake,1992-05-27,3.15,349.19,12.17,5.0,
Paul Lake,1992-05-27,4.1,317.21,15.85,6.0,
Paul Lake,1992-05-27,5.7,238.37,17.29,3.0,
Paul Lake,1992-05-27,8.0,1286.7,58.25,15.0,
Paul Lake,1992-05-28,0.0,,,,15.6
Paul Lake,1992-05-28,0.25,,,,
Paul Lake,1992-05-28,0.5,,,,15.4
Paul Lake,1992-05-28,0.75,,,,
Paul Lake,1992-05-28,1.0,,,,15.4
Paul Lake,1992-05-28,1.5,,,,15.3
Paul Lake,1992-05-28,2.0,,,,15.2
Paul Lake,1992-05-28,2.5,,,,14.7
Paul Lake,1992-05-28,3.0,,,,11.6
Paul Lake,1992-05-28,3.5,,,,8.8
Paul Lake,1992-05-28,4.0,,,,7.7
Paul Lake,1992-05-28,4.5,,,,6.9
Paul Lake,1992-05-28,5.0,,,,6.2
Paul Lake,1992-05-28,5.5,,,,5.5
Paul Lake,1992-05-28,6.0,,,,5.2
Paul Lake,1992-05-28,6.5,,,,5.1
Paul Lake,1992-05-28,7.0,,,,5.0
Paul Lake,1992-05-28,8.0,,,,4.8
Paul Lake,1992-05-28,9.0,,,,4.8
Paul Lake,1992-06-03,0.0,267.19,13.74,,
Paul Lake,1992-06-03,0.95,460.15,9.04,,
Paul Lake,1992-06-03,1.75,441.74,7.64,,
Paul Lake,1992-06-03,3.15,265.6,12.4,,
Paul Lake,1992-06-03,4.3,201.19,9.95,,
Paul Lake,1992-06-03,5.9,250.68,27.37,,
Paul Lake,1992-06-03,8.0,930.95,47.42,,
Paul Lake,1992-06-04,0.0,,,,20.4
Paul Lake,1992-06-04,0.25,,,,
Paul Lake,1992-06-04,0.5,,,,20.3
Paul Lake,1992-06-04,0.75,,,,
Paul Lake,1992-06-04,1.0,,,,20.0
Paul Lake,1992-06-04,1.5,,,,19.8
Paul Lake,1992-06-04,2.0,,,,18.2
Paul Lake,1992-06-04,2.5,,,,15.6
Paul Lake,1992-06-04,3.0,,,,12.7
Paul Lake,1992-06-04,3.5,,,,10.5
Paul Lake,1992-06-04,4.0,,,,8.8
Paul Lake,1992-06-04,4.5,,,,7.3
Paul Lake,1992-06-04,5.0,,,,6.5
Paul Lake,1992-06-04,5.5,,,,5.8
Paul Lake,1992-06-04,6.0,,,,5.5
Paul Lake,1992-06-04,6.5,,,,5.2
Paul Lake,1992-06-04,7.0,,,,5.0
Paul Lake,1992-06-04,8.0,,,,4.9
Paul Lake,1992-06-04,9.0,,,,4.8
Paul Lake,1992-06-10,0.0,299.61,7.39,3.0,
Paul Lake,1992-06-10,0.875,293.8,4.75,1.0,
Paul Lake,1992-06-10,1.7,317.93,8.04,1.0,
Paul Lake,1992-06-10,2.95,294.98,5.76,0.0,
Paul Lake,1992-06-10,4.1,301.89,6.79,5.0,
Paul Lake,1992-06-10,5.8,421.41,29.43,6.0,
Paul Lake,1992-06-10,8.0,763.69,34.34,8.0,
Paul Lake,1992-06-11,0.0,,,,21.0
Paul Lake,1992-06-11,0.25,,,,
Paul Lake,1992-06-11,0.5,,,,20.6
Paul Lake,1992-06-11,0.75,,,,
Paul Lake,1992-06-11,1.0,,,,20.5
Paul Lake,1992-06-11,1.5,,,,20.2
Paul Lake,1992-06-11,2.0,,,,19.4
Paul Lake,1992-06-11,2.5,,,,17.0
Paul Lake,1992-06-11,3.0,,,,14.8
Paul Lake,1992-06-11,3.5,,,,12.1
Paul Lake,1992-06-11,4.0,,,,9.6
Paul Lake,1992-06-11,4.5,,,,8.2
Paul Lake,1992-06-11,5.0,,,,7.1
Paul Lake,1992-06-11,5.5,,,,6.2
Paul Lake,1992-06-11,6.0,,,,5.8
Paul Lake,1992-06-11,6.5,,,,5.5
Paul Lake,1992-06-11,7.0,,,,5.3
Paul Lake,1992-06-11,8.0,,,,4.9
Paul Lake,1992-06-11,9.0,,,,4.9
Paul Lake,1992-06-17,0.0,595.99,0.11,,
Paul Lake,1992-06-17,0.6,419.28,1.21,,
Paul Lake,1992-06-17,1.25,539.7,1.78,,
Paul Lake,1992-06-17,2.8,481.13,0.0,,
Paul Lake,1992-06-17,4.4,493.33,7.93,,
Paul Lake,1992-06-17,5.95,648.67,9.58,,
Paul Lake,1992-06-17,8.0,1777.29,34.19,,
Paul Lake,1992-06-18,0.0,,,,19.5
Paul Lake,1992-06-18,0.25,,,,
Paul Lake,1992-06-18,0.5,,,,19.5
Paul Lake,1992-06-18,0.75,,,,
Paul Lake,1992-06-18,1.0,,,,19.5
Paul Lake,1992-06-18,1.5,,,,19.5
Paul Lake,1992-06-18,2.0,,,,19.4
Paul Lake,1992-06-18,2.5,,,,18.8
Paul Lake,1992-06-18,3.0,,,,15.9
Paul Lake,1992-06-18,3.5,,,,12.8
Paul Lake,1992-06-18,4.0,,,,10.5
Paul Lake,1992-06-18,4.5,,,,8.7
Paul Lake,1992-06-18,5.0,,,,7.5
Paul Lake,1992-06-18,5.5,,,,6.8
Paul Lake,1992-06-18,6.0,,,,6.0
Paul Lake,1992-06-18,6.5,,,,5.6
Paul Lake,1992-06-18,7.0,,,,5.3
Paul Lake,1992-06-18,8.0,,,,5.0
Paul Lake,1992-06-18,9.0,,,,4.9
Paul Lake,1992-06-24,0.0,182.91,8.78,6.0,
Paul Lake,1992-06-24,0.7,297.9,7.37,5.0,
Paul Lake,1992-06-24,1.45,417.67,13.48,5.0,
Paul Lake,1992-06-24,2.7,319.57,13.43,6.0,
Paul Lake,1992-06-24,3.6,197.89,13.46,7.0,
Paul Lake,1992-06-24,5.55,280.59,29.78,7.0,
Paul Lake,1992-06-24,8.0,1228.78,66.88,13.0,
Paul Lake,1992-06-25,0.0,,,,15.7
Paul Lake,1992-06-25,0.25,,,,
Paul Lake,1992-06-25,0.5,,,,15.7
Paul Lake,1992-06-25,0.75,,,,
Paul Lake,1992-06-25,1.0,,,,15.7
Paul Lake,1992-06-25,1.5,,,,15.7
Paul Lake,1992-06-25,2.0,,,,15.7
Paul Lake,1992-06-25,2.5,,,,15.6
Paul Lake,1992-06-25,3.0,,,,15.5
Paul Lake,1992-06-25,3.5,,,,13.8
Paul Lake,1992-06-25,4.0,,,,11.3
Paul Lake,1992-06-25,4.5,,,,9.4
Paul Lake,1992-06-25,5.0,,,,8.0
Paul Lake,1992-06-25,5.5,,,,7.1
Paul Lake,1992-06-25,6.0,,,,6.3
Paul Lake,1992-06-25,6.5,,,,5.7
Paul Lake,1992-06-25,7.0,,,,5.4
Paul Lake,1992-06-25,8.0,,,,5.0
Paul Lake,1992-06-25,9.0,,,,4.9
Paul Lake,1992-07-01,0.0,495.68,7.67,,
Paul Lake,1992-07-01,0.7,427.69,15.49,,
Paul Lake,1992-07-01,1.48,442.54,9.15,,
Paul Lake,1992-07-01,2.6,417.4,11.68,,
Paul Lake,1992-07-01,3.45,335.96,14.37,,
Paul Lake,1992-07-01,5.35,515.86,26.84,,
Paul Lake,1992-07-01,8.0,1263.67,56.93,,
Paul Lake,1992-07-02,0.0,,,,16.1
Paul Lake,1992-07-02,0.25,,,,
Paul Lake,1992-07-02,0.5,,,,16.1
Paul Lake,1992-07-02,0.75,,,,
Paul Lake,1992-07-02,1.0,,,,16.1
Paul Lake,1992-07-02,1.5,,,,16.1
Paul Lake,1992-07-02,2.0,,,,16.1
Paul Lake,1992-07-02,2.5,,,,16.0
Paul Lake,1992-07-02,3.0,,,,15.8
Paul Lake,1992-07-02,3.5,,,,14.9
Paul Lake,1992-07-02,4.0,,,,12.4
Paul Lake,1992-07-02,4.5,,,,10.7
Paul Lake,1992-07-02,5.0,,,,8.7
Paul Lake,1992-07-02,5.5,,,,7.4
Paul Lake,1992-07-02,6.0,,,,6.5
Paul Lake,1992-07-02,6.5,,,,6.0
Paul Lake,1992-07-02,7.0,,,,5.5
Paul Lake,1992-07-02,8.0,,,,5.4
Paul Lake,1992-07-02,9.0,,,,5.0
Paul Lake,1992-07-08,0.0,191.37,36.07,3.0,
Paul Lake,1992-07-08,0.78,295.63,8.97,2.0,
Paul Lake,1992-07-08,1.54,356.55,10.36,3.0,
Paul Lake,1992-07-08,2.41,424.41,9.53,2.0,
Paul Lake,1992-07-08,3.3,397.5,9.1,3.0,
Paul Lake,1992-07-08,5.45,296.14,12.08,2.0,
Paul Lake,1992-07-08,8.0,1324.0,73.36,16.0,
Paul Lake,1992-07-09,0.0,,,,19.3
Paul Lake,1992-07-09,0.25,,,,
Paul Lake,1992-07-09,0.5,,,,19.2
Paul Lake,1992-07-09,0.75,,,,
Paul Lake,1992-07-09,1.0,,,,19.1
Paul Lake,1992-07-09,1.5,,,,17.1
Paul Lake,1992-07-09,2.0,,,,16.5
Paul Lake,1992-07-09,2.5,,,,16.0
Paul Lake,1992-07-09,3.0,,,,15.6
Paul Lake,1992-07-09,3.5,,,,14.8
Paul Lake,1992-07-09,4.0,,,,12.6
Paul Lake,1992-07-09,4.5,,,,10.8
Paul Lake,1992-07-09,5.0,,,,9.0
Paul Lake,1992-07-09,5.5,,,,7.8
Paul Lake,1992-07-09,6.0,,,,6.8
Paul Lake,1992-07-09,6.5,,,,6.2
Paul Lake,1992-07-09,7.0,,,,5.5
Paul Lake,1992-07-09,8.0,,,,5.2
Paul Lake,1992-07-09,9.0,,,,5.1
Paul Lake,1992-07-15,0.0,335.59,8.74,,
Paul Lake,1992-07-15,0.85,568.78,17.0,,
Paul Lake,1992-07-15,1.6,482.72,16.16,,
Paul Lake,1992-07-15,2.6,431.18,9.93,,
Paul Lake,1992-07-15,3.4,355.41,9.11,,
Paul Lake,1992-07-15,5.4,638.82,10.67,,
Paul Lake,1992-07-15,8.0,1455.62,59.43,,
Paul Lake,1992-07-16,0.0,,,,20.3
Paul Lake,1992-07-16,0.25,,,,
Paul Lake,1992-07-16,0.5,,,,20.2
Paul Lake,1992-07-16,0.75,,,,
Paul Lake,1992-07-16,1.0,,,,20.0
Paul Lake,1992-07-16,1.5,,,,19.8
Paul Lake,1992-07-16,2.0,,,,18.6
Paul Lake,1992-07-16,2.5,,,,17.2
Paul Lake,1992-07-16,3.0,,,,16.4
Paul Lake,1992-07-16,3.5,,,,14.9
Paul Lake,1992-07-16,4.0,,,,12.8
Paul Lake,1992-07-16,4.5,,,,11.7
Paul Lake,1992-07-16,5.0,,,,9.1
Paul Lake,1992-07-16,5.5,,,,7.8
Paul Lake,1992-07-16,6.0,,,,7.0
Paul Lake,1992-07-16,6.5,,,,6.1
Paul Lake,1992-07-16,7.0,,,,5.8
Paul Lake,1992-07-16,8.0,,,,5.3
Paul Lake,1992-07-16,9.0,,,,5.1
Paul Lake,1992-07-22,0.0,442.31,19.65,6.0,
Paul Lake,1992-07-22,0.75,397.02,18.15,22.0,
Paul Lake,1992-07-22,1.55,392.09,12.86,5.0,
Paul Lake,1992-07-22,2.6,380.31,11.95,5.0,
Paul Lake,1992-07-22,3.55,369.77,12.23,7.0,
Paul Lake,1992-07-22,5.25,499.3,13.07,7.0,
Paul Lake,1992-07-22,8.0,1331.24,58.1,11.0,
Paul Lake,1992-07-23,0.0,,,,18.3
Paul Lake,1992-07-23,0.25,,,,
Paul Lake,1992-07-23,0.5,,,,18.2
Paul Lake,1992-07-23,0.75,,,,
Paul Lake,1992-07-23,1.0,,,,18.2
Paul Lake,1992-07-23,1.5,,,,18.1
Paul Lake,1992-07-23,2.0,,,,18.0
Paul Lake,1992-07-23,2.5,,,,18.0
Paul Lake,1992-07-23,3.0,,,,17.2
Paul Lake,1992-07-23,3.5,,,,15.0
Paul Lake,1992-07-23,4.0,,,,13.7
Paul Lake,1992-07-23,4.5,,,,11.7
Paul Lake,1992-07-23,5.0,,,,9.4
Paul Lake,1992-07-23,5.5,,,,8.4
Paul Lake,1992-07-23,6.0,,,,7.2
Paul Lake,1992-07-23,6.5,,,,6.5
Paul Lake,1992-07-23,7.0,,,,5.9
Paul Lake,1992-07-23,8.0,,,,5.4
Paul Lake,1992-07-29,0.0,329.92,8.86,,
Paul Lake,1992-07-29,0.83,523.48,7.85,,
Paul Lake,1992-07-29,1.65,318.87,9.45,,
Paul Lake,1992-07-29,2.75,287.0,14.41,,
Paul Lake,1992-07-29,3.9,296.14,10.13,,
Paul Lake,1992-07-29,5.7,258.17,12.21,,
Paul Lake,1992-07-29,8.0,1003.4,32.31,,
Paul Lake,1992-07-30,0.0,,,,20.6
Paul Lake,1992-07-30,0.25,,,,
Paul Lake,1992-07-30,0.5,,,,20.5
Paul Lake,1992-07-30,0.75,,,,
Paul Lake,1992-07-30,1.0,,,,20.4
Paul Lake,1992-07-30,1.5,,,,20.4
Paul Lake,1992-07-30,2.0,,,,20.3
Paul Lake,1992-07-30,2.5,,,,20.2
Paul Lake,1992-07-30,3.0,,,,18.1
Paul Lake,1992-07-30,3.5,,,,16.2
Paul Lake,1992-07-30,4.0,,,,13.4
Paul Lake,1992-07-30,4.5,,,,12.1
Paul Lake,1992-07-30,5.0,,,,10.4
Paul Lake,1992-07-30,5.5,,,,8.5
Paul Lake,1992-07-30,6.0,,,,7.6
Paul Lake,1992-07-30,6.5,,,,6.7
Paul Lake,1992-07-30,7.0,,,,6.0
Paul Lake,1992-07-30,8.0,,,,5.4
Paul Lake,1992-07-30,9.0,,,,5.2
Paul Lake,1992-08-05,0.0,495.36,11.21,10.0,
Paul Lake,1992-08-05,0.8,368.46,12.63,6.0,
Paul Lake,1992-08-05,1.75,402.12,9.75,4.0,
Paul Lake,1992-08-05,2.9,324.38,10.59,3.0,
Paul Lake,1992-08-05,3.8,333.48,13.17,7.0,
Paul Lake,1992-08-05,5.7,491.21,14.81,7.0,
Paul Lake,1992-08-05,8.0,765.25,45.45,0.0,
Paul Lake,1992-08-06,0.0,,,,20.8
Paul Lake,1992-08-06,0.25,,,,
Paul Lake,1992-08-06,0.5,,,,20.8
Paul Lake,1992-08-06,0.75,,,,
Paul Lake,1992-08-06,1.0,,,,20.7
Paul Lake,1992-08-06,1.5,,,,20.6
Paul Lake,1992-08-06,2.0,,,,20.6
Paul Lake,1992-08-06,2.5,,,,20.4
Paul Lake,1992-08-06,3.0,,,,20.0
Paul Lake,1992-08-06,3.5,,,,17.0
Paul Lake,1992-08-06,4.0,,,,14.9
Paul Lake,1992-08-06,4.5,,,,12.3
Paul Lake,1992-08-06,5.0,,,,10.4
Paul Lake,1992-08-06,5.5,,,,8.7
Paul Lake,1992-08-06,6.0,,,,7.9
Paul Lake,1992-08-06,6.5,,,,6.9
Paul Lake,1992-08-06,7.0,,,,6.2
Paul Lake,1992-08-06,8.0,,,,5.5
Paul Lake,1992-08-06,9.0,,,,5.2
Paul Lake,1992-08-12,0.0,312.89,10.05,,
Paul Lake,1992-08-12,0.9,398.92,7.8,,
Paul Lake,1992-08-12,1.8,352.03,9.68,,
Paul Lake,1992-08-12,3.2,251.74,13.06,,
Paul Lake,1992-08-12,4.1,151.36,13.25,,
Paul Lake,1992-08-12,5.6,199.93,16.63,,
Paul Lake,1992-08-12,8.0,811.07,57.43,,
Paul Lake,1992-08-13,0.0,,,,19.6
Paul Lake,1992-08-13,0.25,,,,
Paul Lake,1992-08-13,0.5,,,,19.6
Paul Lake,1992-08-13,0.75,,,,
Paul Lake,1992-08-13,1.0,,,,19.6
Paul Lake,1992-08-13,1.5,,,,19.5
Paul Lake,1992-08-13,2.0,,,,19.4
Paul Lake,1992-08-13,2.5,,,,19.4
Paul Lake,1992-08-13,3.0,,,,19.4
Paul Lake,1992-08-13,3.5,,,,18.4
Paul Lake,1992-08-13,4.0,,,,15.3
Paul Lake,1992-08-13,4.5,,,,12.3
Paul Lake,1992-08-13,5.0,,,,10.8
Paul Lake,1992-08-13,5.5,,,,9.5
Paul Lake,1992-08-13,6.0,,,,7.9
Paul Lake,1992-08-13,6.5,,,,6.9
Paul Lake,1992-08-13,7.0,,,,6.2
Paul Lake,1992-08-13,8.0,,,,5.6
Paul Lake,1992-08-13,9.0,,,,5.3
Paul Lake,1992-08-19,0.0,490.26,9.61,1.0,
Paul Lake,1992-08-19,0.7,437.33,10.95,1.0,
Paul Lake,1992-08-19,1.6,438.33,10.35,2.0,
Paul Lake,1992-08-19,3.0,357.27,9.26,1.0,
Paul Lake,1992-08-19,3.9,314.24,12.75,2.0,
Paul Lake,1992-08-19,5.7,383.45,18.95,1.0,
Paul Lake,1992-08-19,8.0,2099.0,105.24,9.0,
Paul Lake,1992-08-20,0.0,,,,19.7
Paul Lake,1992-08-20,0.25,,,,
Paul Lake,1992-08-20,0.5,,,,19.7
Paul Lake,1992-08-20,0.75,,,,
Paul Lake,1992-08-20,1.0,,,,19.7
Paul Lake,1992-08-20,1.5,,,,19.7
Paul Lake,1992-08-20,2.0,,,,19.7
Paul Lake,1992-08-20,2.5,,,,19.6
Paul Lake,1992-08-20,3.0,,,,19.5
Paul Lake,1992-08-20,3.5,,,,18.6
Paul Lake,1992-08-20,4.0,,,,16.1
Paul Lake,1992-08-20,4.5,,,,13.2
Paul Lake,1992-08-20,5.0,,,,11.2
Paul Lake,1992-08-20,5.5,,,,9.7
Paul Lake,1992-08-20,6.0,,,,8.2
Paul Lake,1992-08-20,6.5,,,,7.6
Paul Lake,1992-08-20,7.0,,,,6.4
Paul Lake,1992-08-20,8.0,,,,5.7
Paul Lake,1992-08-20,9.0,,,,5.4
Paul Lake,1992-08-26,0.0,448.99,10.89,,
Paul Lake,1992-08-26,0.8,403.4,8.96,,
Paul Lake,1992-08-26,1.6,414.87,32.45,,
Paul Lake,1992-08-26,3.0,387.96,8.37,,
Paul Lake,1992-08-26,4.0,447.13,17.25,,
Paul Lake,1992-08-26,5.5,447.43,9.24,,
Paul Lake,1992-08-26,12.0,,77.64,,
Paul Lake,1992-08-27,0.0,,,,18.9
Paul Lake,1992-08-27,0.25,,,,
Paul Lake,1992-08-27,0.5,,,,18.9
Paul Lake,1992-08-27,0.75,,,,
Paul Lake,1992-08-27,1.0,,,,18.9
Paul Lake,1992-08-27,1.5,,,,18.9
Paul Lake,1992-08-27,2.0,,,,18.9
Paul Lake,1992-08-27,2.5,,,,18.8
Paul Lake,1992-08-27,3.0,,,,18.8
Paul Lake,1992-08-27,3.5,,,,18.6
Paul Lake,1992-08-27,4.0,,,,16.3
Paul Lake,1992-08-27,4.5,,,,14.2
Paul Lake,1992-08-27,5.0,,,,11.8
Paul Lake,1992-08-27,5.5,,,,9.7
Paul Lake,1992-08-27,6.0,,,,8.6
Paul Lake,1992-08-27,6.5,,,,7.9
Paul Lake,1992-08-27,7.0,,,,6.5
Paul Lake,1992-08-27,8.0,,,,5.9
Paul Lake,1992-08-27,9.0,,,,5.5
Paul Lake,1992-09-03,0.0,164.08,10.08,,17.2
Paul Lake,1992-09-03,0.25,,,,
Paul Lake,1992-09-03,0.5,,,,17.3
Paul Lake,1992-09-03,0.75,,,,
Paul Lake,1992-09-03,0.8,230.0,22.02,,
Paul Lake,1992-09-03,1.0,,,,17.2
Paul Lake,1992-09-03,1.5,,,,17.2
Paul Lake,1992-09-03,1.7,315.24,11.81,,
Paul Lake,1992-09-03,2.0,,,,17.2
Paul Lake,1992-09-03,2.5,,,,17.2
Paul Lake,1992-09-03,2.75,425.21,12.86,,
Paul Lake,1992-09-03,3.0,,,,17.2
Paul Lake,1992-09-03,3.5,,,,17.1
Paul Lake,1992-09-03,3.55,443.8,11.4,,
Paul Lake,1992-09-03,4.0,,,,17.1
Paul Lake,1992-09-03,4.5,,,,14.8
Paul Lake,1992-09-03,5.0,,,,12.8
Paul Lake,1992-09-03,5.45,397.23,12.83,,
Paul Lake,1992-09-03,5.5,,,,9.8
Paul Lake,1992-09-03,6.0,,,,9.0
Paul Lake,1992-09-03,6.5,,,,7.8
Paul Lake,1992-09-03,7.0,,,,6.8
Paul Lake,1992-09-03,8.0,1046.09,56.02,,5.7
Paul Lake,1992-09-03,9.0,,,,5.6
Paul Lake,1992-09-10,0.0,204.31,19.37,,15.7
Paul Lake,1992-09-10,0.25,,,,
Paul Lake,1992-09-10,0.5,,,,15.7
Paul Lake,1992-09-10,0.75,,,,
Paul Lake,1992-09-10,0.85,344.25,10.17,,
Paul Lake,1992-09-10,1.0,,,,15.7
Paul Lake,1992-09-10,1.5,,,,15.7
Paul Lake,1992-09-10,1.65,303.18,9.98,,
Paul Lake,1992-09-10,2.0,,,,15.7
Paul Lake,1992-09-10,2.5,,,,15.7
Paul Lake,1992-09-10,2.7,416.61,10.39,,
Paul Lake,1992-09-10,3.0,,,,15.7
Paul Lake,1992-09-10,3.5,,,,15.6
Paul Lake,1992-09-10,3.8,369.11,15.67,,
Paul Lake,1992-09-10,4.0,,,,15.5
Paul Lake,1992-09-10,4.5,,,,15.5
Paul Lake,1992-09-10,5.0,,,,12.1
Paul Lake,1992-09-10,5.5,,,,10.5
Paul Lake,1992-09-10,5.6,422.12,30.17,,
Paul Lake,1992-09-10,6.0,,,,9.1
Paul Lake,1992-09-10,6.5,,,,8.0
Paul Lake,1992-09-10,7.0,,,,7.1
Paul Lake,1992-09-10,8.0,793.99,49.17,,6.1
Paul Lake,1992-09-10,9.0,,,,5.6
Paul Lake,1993-05-20,0.0,248.665,10.697,2.0,12.4
Paul Lake,1993-05-20,0.25,,,,
Paul Lake,1993-05-20,0.5,,,,12.3
Paul Lake,1993-05-20,0.75,,,,
Paul Lake,1993-05-20,0.8,306.631,9.311,1.0,
Paul Lake,1993-05-20,1.0,,,,12.3
Paul Lake,1993-05-20,1.5,,,,12.2
Paul Lake,1993-05-20,1.8,407.207,16.579,2.0,
Paul Lake,1993-05-20,2.0,,,,12.1
Paul Lake,1993-05-20,2.5,,,,10.5
Paul Lake,1993-05-20,3.0,397.079,10.236,1.0,8.6
Paul Lake,1993-05-20,3.5,,,,7.0
Paul Lake,1993-05-20,3.8,388.729,13.748,2.0,
Paul Lake,1993-05-20,4.0,,,,6.2
Paul Lake,1993-05-20,4.5,,,,5.7
Paul Lake,1993-05-20,5.0,,,,5.0
Paul Lake,1993-05-20,5.2,417.367,20.822,2.0,
Paul Lake,1993-05-20,5.5,,,,4.9
Paul Lake,1993-05-20,6.0,,,,4.8
Paul Lake,1993-05-20,6.5,,,,4.7
Paul Lake,1993-05-20,7.0,,,,4.7
Paul Lake,1993-05-20,8.0,1024.0,46.779,5.0,4.6
Paul Lake,1993-05-20,9.0,,,,4.6
Paul Lake,1993-05-27,0.0,258.3,7.001,1.0,14.2
Paul Lake,1993-05-27,0.25,,,,
Paul Lake,1993-05-27,0.5,272.314,7.113,1.0,14.3
Paul Lake,1993-05-27,0.75,,,,
Paul Lake,1993-05-27,1.0,,,,14.3
Paul Lake,1993-05-27,1.5,341.474,8.962,1.0,14.3
Paul Lake,1993-05-27,2.0,,,,13.8
Paul Lake,1993-05-27,2.5,,,,12.4
Paul Lake,1993-05-27,3.0,,,,9.9
Paul Lake,1993-05-27,3.1,321.47,9.291,2.0,
Paul Lake,1993-05-27,3.5,,,,8.7
Paul Lake,1993-05-27,4.0,,,,7.0
Paul Lake,1993-05-27,4.2,329.6,17.841,2.0,
Paul Lake,1993-05-27,4.5,,,,6.2
Paul Lake,1993-05-27,5.0,,,,5.5
Paul Lake,1993-05-27,5.5,,,,5.2
Paul Lake,1993-05-27,5.7,533.529,35.476,3.0,
Paul Lake,1993-05-27,6.0,,,,5.0
Paul Lake,1993-05-27,6.5,,,,4.9
Paul Lake,1993-05-27,7.0,,,,4.8
Paul Lake,1993-05-27,8.0,1027.613,19.876,5.0,4.8
Paul Lake,1993-06-03,0.0,45.67,7.443,1.0,13.8
Paul Lake,1993-06-03,0.25,,,,
Paul Lake,1993-06-03,0.5,,,,13.8
Paul Lake,1993-06-03,0.75,,,,
Paul Lake,1993-06-03,0.8,185.897,7.412,1.0,
Paul Lake,1993-06-03,1.0,,,,13.6
Paul Lake,1993-06-03,1.5,,,,13.3
Paul Lake,1993-06-03,1.8,404.371,6.783,1.0,
Paul Lake,1993-06-03,2.0,,,,13.1
Paul Lake,1993-06-03,2.5,,,,12.7
Paul Lake,1993-06-03,3.0,406.315,10.814,1.0,12.0
Paul Lake,1993-06-03,3.5,,,,9.6
Paul Lake,1993-06-03,4.0,,,,7.4
Paul Lake,1993-06-03,4.4,421.328,17.472,2.0,
Paul Lake,1993-06-03,4.5,,,,6.7
Paul Lake,1993-06-03,5.0,,,,6.0
Paul Lake,1993-06-03,5.4,426.066,28.263,3.0,
Paul Lake,1993-06-03,5.5,,,,5.5
Paul Lake,1993-06-03,6.0,,,,5.2
Paul Lake,1993-06-03,6.5,,,,5.1
Paul Lake,1993-06-03,7.0,,,,4.9
Paul Lake,1993-06-03,8.0,1079.507,57.979,8.0,4.7
Paul Lake,1993-06-03,9.0,,,,4.7
Paul Lake,1993-06-10,0.0,117.556,5.361,2.0,16.8
Paul Lake,1993-06-10,0.25,,,,
Paul Lake,1993-06-10,0.5,,,,16.6
Paul Lake,1993-06-10,0.75,,,,
Paul Lake,1993-06-10,0.8,371.177,3.107,1.0,
Paul Lake,1993-06-10,1.0,,,,16.4
Paul Lake,1993-06-10,1.5,,,,16.1
Paul Lake,1993-06-10,1.8,421.881,5.433,0.0,
Paul Lake,1993-06-10,2.0,,,,15.1
Paul Lake,1993-06-10,2.5,,,,14.3
Paul Lake,1993-06-10,3.0,,,,12.5
Paul Lake,1993-06-10,3.1,412.263,9.02,0.0,
Paul Lake,1993-06-10,3.5,,,,10.3
Paul Lake,1993-06-10,4.0,373.101,5.589,2.0,8.9
Paul Lake,1993-06-10,4.5,,,,7.8
Paul Lake,1993-06-10,5.0,,,,6.5
Paul Lake,1993-06-10,5.5,,,,5.8
Paul Lake,1993-06-10,5.6,419.27,23.128,2.0,
Paul Lake,1993-06-10,6.0,,,,5.5
Paul Lake,1993-06-10,6.5,,,,5.1
Paul Lake,1993-06-10,7.0,,,,4.9
Paul Lake,1993-06-10,8.0,769.67,54.594,3.0,4.8
Paul Lake,1993-06-10,9.0,,,,4.7
Paul Lake,1993-06-17,0.0,149.364,11.38,0.0,16.9
Paul Lake,1993-06-17,0.25,,,,
Paul Lake,1993-06-17,0.5,,,,16.9
Paul Lake,1993-06-17,0.75,,,,
Paul Lake,1993-06-17,0.875,250.256,11.291,0.0,
Paul Lake,1993-06-17,1.0,,,,17.0
Paul Lake,1993-06-17,1.5,,,,17.0
Paul Lake,1993-06-17,1.9,360.845,12.103,0.0,
Paul Lake,1993-06-17,2.0,,,,16.9
Paul Lake,1993-06-17,2.5,,,,16.5
Paul Lake,1993-06-17,3.0,,,,13.8
Paul Lake,1993-06-17,3.4,329.748,11.849,0.0,
Paul Lake,1993-06-17,3.5,,,,11.6
Paul Lake,1993-06-17,4.0,,,,9.7
Paul Lake,1993-06-17,4.5,,,,8.6
Paul Lake,1993-06-17,4.55,305.854,22.096,0.0,
Paul Lake,1993-06-17,5.0,,,,7.4
Paul Lake,1993-06-17,5.5,,,,6.2
Paul Lake,1993-06-17,5.9,570.024,58.065,4.0,
Paul Lake,1993-06-17,6.0,,,,5.8
Paul Lake,1993-06-17,6.5,,,,5.4
Paul Lake,1993-06-17,7.0,,,,5.1
Paul Lake,1993-06-17,8.0,910.614,59.174,4.0,5.0
Paul Lake,1993-06-17,9.0,,,,4.7
Paul Lake,1993-06-24,0.0,342.826,12.604,2.0,21.4
Paul Lake,1993-06-24,0.25,,,,
Paul Lake,1993-06-24,0.5,,,,21.4
Paul Lake,1993-06-24,0.75,,,,
Paul Lake,1993-06-24,0.8,352.04,13.671,3.0,
Paul Lake,1993-06-24,1.0,,,,21.3
Paul Lake,1993-06-24,1.5,,,,19.9
Paul Lake,1993-06-24,1.9,338.191,13.641,2.0,
Paul Lake,1993-06-24,2.0,,,,18.2
Paul Lake,1993-06-24,2.5,,,,17.1
Paul Lake,1993-06-24,3.0,,,,15.2
Paul Lake,1993-06-24,3.1,265.655,13.437,2.0,
Paul Lake,1993-06-24,3.5,,,,12.3
Paul Lake,1993-06-24,3.95,205.791,14.341,4.0,
Paul Lake,1993-06-24,4.0,,,,10.9
Paul Lake,1993-06-24,4.5,,,,9.1
Paul Lake,1993-06-24,5.0,,,,8.0
Paul Lake,1993-06-24,5.4,315.134,22.823,4.0,
Paul Lake,1993-06-24,5.5,,,,6.9
Paul Lake,1993-06-24,6.0,,,,6.2
Paul Lake,1993-06-24,6.5,,,,5.4
Paul Lake,1993-06-24,7.0,,,,5.2
Paul Lake,1993-06-24,8.0,935.631,55.754,2.0,5.0
Paul Lake,1993-06-24,9.0,,,,4.9
Paul Lake,1993-07-01,0.0,395.482,9.072,1.0,19.0
Paul Lake,1993-07-01,0.25,,,,
Paul Lake,1993-07-01,0.4,208.197,14.145,1.0,
Paul Lake,1993-07-01,0.5,,,,19.0
Paul Lake,1993-07-01,0.75,,,,
Paul Lake,1993-07-01,1.0,,,,19.0
Paul Lake,1993-07-01,1.5,403.968,11.439,2.0,18.9
Paul Lake,1993-07-01,2.0,,,,18.9
Paul Lake,1993-07-01,2.5,,,,18.7
Paul Lake,1993-07-01,2.9,405.786,10.084,1.0,
Paul Lake,1993-07-01,3.0,,,,16.3
Paul Lake,1993-07-01,3.5,,,,13.7
Paul Lake,1993-07-01,4.0,412.678,11.067,2.0,11.4
Paul Lake,1993-07-01,4.5,,,,9.5
Paul Lake,1993-07-01,5.0,,,,8.4
Paul Lake,1993-07-01,5.5,,,,7.2
Paul Lake,1993-07-01,5.7,548.902,24.393,1.0,
Paul Lake,1993-07-01,6.0,,,,6.5
Paul Lake,1993-07-01,6.5,,,,5.9
Paul Lake,1993-07-01,7.0,,,,5.4
Paul Lake,1993-07-01,8.0,806.629,51.547,0.0,5.2
Paul Lake,1993-07-01,9.0,,,,5.0
Paul Lake,1993-07-08,0.0,351.827,11.953,0.0,21.7
Paul Lake,1993-07-08,0.25,,,,
Paul Lake,1993-07-08,0.5,,,,21.6
Paul Lake,1993-07-08,0.75,,,,
Paul Lake,1993-07-08,0.9,316.351,8.553,1.0,
Paul Lake,1993-07-08,1.0,,,,21.5
Paul Lake,1993-07-08,1.5,,,,21.3
Paul Lake,1993-07-08,1.9,301.022,10.374,0.0,
Paul Lake,1993-07-08,2.0,,,,20.5
Paul Lake,1993-07-08,2.5,,,,19.5
Paul Lake,1993-07-08,3.0,,,,16.9
Paul Lake,1993-07-08,3.1,311.801,6.447,0.0,
Paul Lake,1993-07-08,3.5,,,,15.2
Paul Lake,1993-07-08,4.0,323.409,11.956,0.0,12.0
Paul Lake,1993-07-08,4.5,,,,10.1
Paul Lake,1993-07-08,5.0,,,,8.8
Paul Lake,1993-07-08,5.5,,,,7.5
Paul Lake,1993-07-08,5.6,432.062,28.367,1.0,
Paul Lake,1993-07-08,6.0,,,,6.6
Paul Lake,1993-07-08,6.5,,,,6.0
Paul Lake,1993-07-08,7.0,,,,5.5
Paul Lake,1993-07-08,8.0,716.122,42.198,0.0,5.1
Paul Lake,1993-07-08,9.0,,,,5.0
Paul Lake,1993-07-15,0.0,298.448,11.073,4.0,20.7
Paul Lake,1993-07-15,0.25,,,,
Paul Lake,1993-07-15,0.5,,,,20.7
Paul Lake,1993-07-15,0.75,,,,
Paul Lake,1993-07-15,0.9,,8.756,2.0,
Paul Lake,1993-07-15,1.0,,,,20.6
Paul Lake,1993-07-15,1.5,,,,20.5
Paul Lake,1993-07-15,1.75,,8.468,3.0,
Paul Lake,1993-07-15,2.0,,,,20.5
Paul Lake,1993-07-15,2.5,,,,20.2
Paul Lake,1993-07-15,3.0,204.896,7.117,2.0,18.1
Paul Lake,1993-07-15,3.5,,,,15.2
Paul Lake,1993-07-15,3.9,,11.011,3.0,
Paul Lake,1993-07-15,4.0,,,,13.2
Paul Lake,1993-07-15,4.5,,,,11.0
Paul Lake,1993-07-15,5.0,,,,9.0
Paul Lake,1993-07-15,5.5,,,,7.8
Paul Lake,1993-07-15,5.6,,21.488,2.0,
Paul Lake,1993-07-15,6.0,,,,6.8
Paul Lake,1993-07-15,6.5,,,,6.2
Paul Lake,1993-07-15,7.0,,,,5.6
Paul Lake,1993-07-15,8.0,949.851,62.966,7.0,5.4
Paul Lake,1993-07-22,0.0,345.66,8.689,1.0,22.1
Paul Lake,1993-07-22,0.25,,,,
Paul Lake,1993-07-22,0.5,,,,22.2
Paul Lake,1993-07-22,0.75,,8.68,0.0,
Paul Lake,1993-07-22,1.0,,,,22.1
Paul Lake,1993-07-22,1.5,,8.251,1.0,22.0
Paul Lake,1993-07-22,2.0,,,,22.0
Paul Lake,1993-07-22,2.5,,,,21.7
Paul Lake,1993-07-22,2.75,438.847,10.467,1.0,
Paul Lake,1993-07-22,3.0,,,,19.7
Paul Lake,1993-07-22,3.5,,,,15.8
Paul Lake,1993-07-22,3.75,,9.843,1.0,
Paul Lake,1993-07-22,4.0,,,,14.0
Paul Lake,1993-07-22,4.5,,,,11.0
Paul Lake,1993-07-22,5.0,,,,9.5
Paul Lake,1993-07-22,5.4,,11.203,2.0,
Paul Lake,1993-07-22,5.5,,,,8.1
Paul Lake,1993-07-22,6.0,,,,7.1
Paul Lake,1993-07-22,6.5,,,,6.1
Paul Lake,1993-07-22,7.0,,,,5.6
Paul Lake,1993-07-22,8.0,1220.84,63.681,5.0,5.3
Paul Lake,1993-07-29,0.0,281.421,7.108,1.0,22.2
Paul Lake,1993-07-29,0.25,,,,
Paul Lake,1993-07-29,0.5,,,,22.3
Paul Lake,1993-07-29,0.75,,8.323,1.0,
Paul Lake,1993-07-29,1.0,,,,22.3
Paul Lake,1993-07-29,1.5,,,,22.3
Paul Lake,1993-07-29,1.6,,8.537,1.0,
Paul Lake,1993-07-29,2.0,,,,22.2
Paul Lake,1993-07-29,2.5,,,,22.1
Paul Lake,1993-07-29,3.0,324.705,8.119,1.0,20.3
Paul Lake,1993-07-29,3.5,,,,17.5
Paul Lake,1993-07-29,4.0,,,,14.5
Paul Lake,1993-07-29,4.25,,10.291,0.0,
Paul Lake,1993-07-29,4.5,,,,12.2
Paul Lake,1993-07-29,5.0,,,,10.0
Paul Lake,1993-07-29,5.5,,,,8.5
Paul Lake,1993-07-29,5.75,,28.014,3.0,
Paul Lake,1993-07-29,6.0,,,,7.4
Paul Lake,1993-07-29,6.5,,,,6.5
Paul Lake,1993-07-29,7.0,,,,5.8
Paul Lake,1993-07-29,8.0,,85.695,8.0,5.3
Paul Lake,1993-08-05,0.0,298.507,9.888,1.0,19.8
Paul Lake,1993-08-05,0.25,,,,
Paul Lake,1993-08-05,0.5,,,,19.8
Paul Lake,1993-08-05,0.75,,,,
Paul Lake,1993-08-05,0.9,,8.295,1.0,
Paul Lake,1993-08-05,1.0,,,,19.8
Paul Lake,1993-08-05,1.5,,,,19.8
Paul Lake,1993-08-05,1.8,,8.323,1.0,
Paul Lake,1993-08-05,2.0,,,,19.8
Paul Lake,1993-08-05,2.5,,,,19.7
Paul Lake,1993-08-05,3.0,,13.792,1.0,19.6
Paul Lake,1993-08-05,3.5,,,,18.3
Paul Lake,1993-08-05,3.9,337.858,10.744,1.0,
Paul Lake,1993-08-05,4.0,,,,15.4
Paul Lake,1993-08-05,4.5,,,,12.4
Paul Lake,1993-08-05,5.0,,,,10.6
Paul Lake,1993-08-05,5.5,,,,8.8
Paul Lake,1993-08-05,5.7,,27.92,1.0,
Paul Lake,1993-08-05,6.0,,,,7.7
Paul Lake,1993-08-05,6.5,,,,6.5
Paul Lake,1993-08-05,7.0,,,,6.0
Paul Lake,1993-08-05,8.0,1169.866,53.275,10.0,5.3
Paul Lake,1993-08-12,0.0,187.672,11.542,0.0,23.2
Paul Lake,1993-08-12,0.25,,,,
Paul Lake,1993-08-12,0.5,,,,23.3
Paul Lake,1993-08-12,0.75,,,,
Paul Lake,1993-08-12,0.8,,9.453,0.0,
Paul Lake,1993-08-12,1.0,,,,23.2
Paul Lake,1993-08-12,1.5,,,,22.0
Paul Lake,1993-08-12,1.9,,9.94,1.0,
Paul Lake,1993-08-12,2.0,,,,21.2
Paul Lake,1993-08-12,2.5,,,,20.4
Paul Lake,1993-08-12,3.0,,,,19.7
Paul Lake,1993-08-12,3.4,,10.51,0.0,
Paul Lake,1993-08-12,3.5,,,,18.8
Paul Lake,1993-08-12,4.0,,,,16.4
Paul Lake,1993-08-12,4.5,205.822,9.822,0.0,13.5
Paul Lake,1993-08-12,5.0,,,,11.5
Paul Lake,1993-08-12,5.5,,,,9.4
Paul Lake,1993-08-12,5.8,,73.436,6.0,
Paul Lake,1993-08-12,6.0,,,,8.0
Paul Lake,1993-08-12,6.5,,,,6.7
Paul Lake,1993-08-12,7.0,,,,6.0
Paul Lake,1993-08-12,8.0,909.047,44.662,2.0,5.9
Paul Lake,1993-08-19,0.0,171.015,10.257,0.0,22.9
Paul Lake,1993-08-19,0.25,,,,
Paul Lake,1993-08-19,0.5,,,,22.9
Paul Lake,1993-08-19,0.75,,,,
Paul Lake,1993-08-19,0.9,,9.942,0.0,
Paul Lake,1993-08-19,1.0,,,,22.9
Paul Lake,1993-08-19,1.5,,,,22.9
Paul Lake,1993-08-19,1.9,,9.897,0.0,
Paul Lake,1993-08-19,2.0,,,,22.7
Paul Lake,1993-08-19,2.5,,,,21.6
Paul Lake,1993-08-19,3.0,,,,20.5
Paul Lake,1993-08-19,3.4,,9.467,0.0,
Paul Lake,1993-08-19,3.5,,,,18.9
Paul Lake,1993-08-19,4.0,,,,16.4
Paul Lake,1993-08-19,4.4,167.722,10.881,2.0,
Paul Lake,1993-08-19,4.5,,,,13.8
Paul Lake,1993-08-19,5.0,,,,11.3
Paul Lake,1993-08-19,5.5,,,,9.7
Paul Lake,1993-08-19,5.8,,35.122,1.0,
Paul Lake,1993-08-19,6.0,,,,8.3
Paul Lake,1993-08-19,6.5,,,,7.1
Paul Lake,1993-08-19,7.0,,,,6.2
Paul Lake,1993-08-19,8.0,1718.861,63.167,5.0,5.5
Paul Lake,1993-08-19,9.0,,,,5.2
Paul Lake,1993-08-26,0.0,163.148,7.732,0.0,23.6
Paul Lake,1993-08-26,0.25,,,,
Paul Lake,1993-08-26,0.5,,,,23.6
Paul Lake,1993-08-26,0.75,,9.64,0.0,
Paul Lake,1993-08-26,1.0,,,,23.4
Paul Lake,1993-08-26,1.5,,,,23.1
Paul Lake,1993-08-26,1.7,,11.271,0.0,
Paul Lake,1993-08-26,2.0,,,,22.8
Paul Lake,1993-08-26,2.5,,,,22.0
Paul Lake,1993-08-26,3.0,,9.025,0.0,21.3
Paul Lake,1993-08-26,3.5,,,,18.8
Paul Lake,1993-08-26,3.95,154.481,9.122,0.0,
Paul Lake,1993-08-26,4.0,,,,17.1
Paul Lake,1993-08-26,4.5,,,,14.1
Paul Lake,1993-08-26,5.0,,,,11.6
Paul Lake,1993-08-26,5.4,,16.674,1.0,
Paul Lake,1993-08-26,5.5,,,,10.0
Paul Lake,1993-08-26,6.0,,,,8.4
Paul Lake,1993-08-26,6.5,,,,7.1
Paul Lake,1993-08-26,7.0,,,,6.4
Paul Lake,1993-08-26,8.0,1257.741,55.203,9.0,5.6
Paul Lake,1993-08-26,9.0,,,,5.3
Paul Lake,1993-08-31,0.0,277.235,11.321,0.0,20.9
Paul Lake,1993-08-31,0.25,,,,
Paul Lake,1993-08-31,0.5,,,,21.0
Paul Lake,1993-08-31,0.7,,9.703,1.0,
Paul Lake,1993-08-31,0.75,,,,
Paul Lake,1993-08-31,1.0,,,,21.0
Paul Lake,1993-08-31,1.5,,9.707,1.0,21.0
Paul Lake,1993-08-31,2.0,,,,21.0
Paul Lake,1993-08-31,2.5,,,,21.0
Paul Lake,1993-08-31,2.6,,8.981,1.0,
Paul Lake,1993-08-31,3.0,,,,20.9
Paul Lake,1993-08-31,3.5,,,,19.8
Paul Lake,1993-08-31,3.55,292.369,8.531,0.0,
Paul Lake,1993-08-31,4.0,,,,17.7
Paul Lake,1993-08-31,4.5,,,,14.3
Paul Lake,1993-08-31,5.0,,,,12.5
Paul Lake,1993-08-31,5.4,,26.088,2.0,
Paul Lake,1993-08-31,5.5,,,,10.0
Paul Lake,1993-08-31,6.0,,,,8.7
Paul Lake,1993-08-31,6.5,,,,7.4
Paul Lake,1993-08-31,7.0,,,,6.6
Paul Lake,1993-08-31,8.0,1162.916,45.556,4.0,5.7
Paul Lake,1993-08-31,9.0,,,,5.4
Paul Lake,1993-09-07,0.0,223.799,11.671,2.0,17.3
Paul Lake,1993-09-07,0.25,,,,
Paul Lake,1993-09-07,0.5,,,,17.3
Paul Lake,1993-09-07,0.75,,,,
Paul Lake,1993-09-07,0.85,,9.798,1.0,
Paul Lake,1993-09-07,1.0,,,,17.3
Paul Lake,1993-09-07,1.5,,,,17.3
Paul Lake,1993-09-07,1.8,,10.13,2.0,
Paul Lake,1993-09-07,2.0,,,,17.3
Paul Lake,1993-09-07,2.5,,,,17.2
Paul Lake,1993-09-07,2.9,,10.177,2.0,
Paul Lake,1993-09-07,3.0,,,,17.2
Paul Lake,1993-09-07,3.5,,,,17.1
Paul Lake,1993-09-07,3.9,221.571,12.756,2.0,
Paul Lake,1993-09-07,4.0,,,,16.9
Paul Lake,1993-09-07,4.5,,,,15.8
Paul Lake,1993-09-07,5.0,,,,12.7
Paul Lake,1993-09-07,5.5,,,,10.4
Paul Lake,1993-09-07,5.6,,61.389,2.0,
Paul Lake,1993-09-07,6.0,,,,9.0
Paul Lake,1993-09-07,6.5,,,,7.7
Paul Lake,1993-09-07,7.0,,,,6.8
Paul Lake,1993-09-07,8.0,948.0,56.314,7.0,5.9
Paul Lake,1993-09-07,9.0,,,,5.5
Paul Lake,1993-11-02,0.0,,,,4.4
Paul Lake,1993-11-02,0.5,,,,4.4
Paul Lake,1993-11-02,1.0,,,,4.4
Paul Lake,1993-11-02,1.5,,,,4.4
Paul Lake,1993-11-02,2.0,,,,4.4
Paul Lake,1993-11-02,2.5,,,,4.4
Paul Lake,1993-11-02,3.0,,,,4.4
Paul Lake,1993-11-02,3.5,,,,4.4
Paul Lake,1993-11-02,4.0,,,,4.4
Paul Lake,1993-11-02,4.5,,,,4.4
Paul Lake,1993-11-02,5.0,,,,4.4
Paul Lake,1993-11-02,5.5,,,,4.4
Paul Lake,1993-11-02,6.0,,,,4.4
Paul Lake,1993-11-02,6.5,,,,4.4
Paul Lake,1993-11-02,7.0,,,,4.4
Paul Lake,1993-11-02,8.0,,,,4.4
Paul Lake,1993-11-02,9.0,,,,4.4
Paul Lake,1993-11-02,10.0,,,,4.4
Paul Lake,1994-05-17,0.0,342.109,13.08,,14.7
Paul Lake,1994-05-17,0.25,,,,
Paul Lake,1994-05-17,0.5,,,,13.9
Paul Lake,1994-05-17,0.75,,,,
Paul Lake,1994-05-17,0.9,,13.541,,
Paul Lake,1994-05-17,1.0,,,,13.2
Paul Lake,1994-05-17,1.5,,,,12.5
Paul Lake,1994-05-17,1.9,,15.779,,
Paul Lake,1994-05-17,2.0,,,,11.9
Paul Lake,1994-05-17,2.5,,,,10.7
Paul Lake,1994-05-17,3.0,380.375,18.553,,8.0
Paul Lake,1994-05-17,3.5,,,,7.0
Paul Lake,1994-05-17,3.8,,26.067,,
Paul Lake,1994-05-17,4.0,,,,6.6
Paul Lake,1994-05-17,4.5,,,,5.7
Paul Lake,1994-05-17,5.0,,,,5.4
Paul Lake,1994-05-17,5.3,,33.816,,
Paul Lake,1994-05-17,5.5,,,,5.1
Paul Lake,1994-05-17,6.0,,,,5.0
Paul Lake,1994-05-17,6.5,,,,4.9
Paul Lake,1994-05-17,7.0,,,,4.8
Paul Lake,1994-05-17,8.0,,,,4.8
Paul Lake,1994-05-26,0.0,417.345,17.09,2.632,16.5
Paul Lake,1994-05-26,0.25,,,,
Paul Lake,1994-05-26,0.5,,,,16.5
Paul Lake,1994-05-26,0.75,,,,
Paul Lake,1994-05-26,0.85,,16.627,2.147,
Paul Lake,1994-05-26,1.0,,,,16.5
Paul Lake,1994-05-26,1.5,,,,16.5
Paul Lake,1994-05-26,1.6,,15.592,1.385,
Paul Lake,1994-05-26,2.0,,,,16.1
Paul Lake,1994-05-26,2.5,,,,12.8
Paul Lake,1994-05-26,2.8,247.746,16.155,1.91,
Paul Lake,1994-05-26,3.0,,,,11.5
Paul Lake,1994-05-26,3.5,,,,8.9
Paul Lake,1994-05-26,3.6,,15.516,0.417,
Paul Lake,1994-05-26,4.0,,,,7.6
Paul Lake,1994-05-26,4.5,,,,6.5
Paul Lake,1994-05-26,5.0,,,,5.9
Paul Lake,1994-05-26,5.1,,37.386,2.967,
Paul Lake,1994-05-26,5.5,,,,5.4
Paul Lake,1994-05-26,6.0,,,,5.3
Paul Lake,1994-05-26,6.5,,,,5.2
Paul Lake,1994-05-26,7.0,,,,5.0
Paul Lake,1994-05-26,8.0,,,,4.8
Paul Lake,1994-05-26,9.0,1244.675,50.4,5.398,4.8
Paul Lake,1994-06-02,0.0,373.899,16.41,2.856,17.2
Paul Lake,1994-06-02,0.25,,,,
Paul Lake,1994-06-02,0.5,,,,17.2
Paul Lake,1994-06-02,0.7,381.562,18.449,2.699,
Paul Lake,1994-06-02,0.75,,,,
Paul Lake,1994-06-02,1.0,,,,17.2
Paul Lake,1994-06-02,1.5,398.304,17.11,0.103,17.0
Paul Lake,1994-06-02,2.0,,,,17.0
Paul Lake,1994-06-02,2.5,553.044,13.509,0.325,15.4
Paul Lake,1994-06-02,3.0,,,,12.1
Paul Lake,1994-06-02,3.5,416.051,45.613,2.743,10.0
Paul Lake,1994-06-02,4.0,,,,8.3
Paul Lake,1994-06-02,4.5,,,,7.1
Paul Lake,1994-06-02,5.0,,,,6.2
Paul Lake,1994-06-02,5.1,672.279,31.559,3.836,
Paul Lake,1994-06-02,5.5,,,,5.6
Paul Lake,1994-06-02,6.0,,,,5.5
Paul Lake,1994-06-02,6.5,,,,5.4
Paul Lake,1994-06-02,7.0,,,,5.4
Paul Lake,1994-06-02,8.0,,,,5.0
Paul Lake,1994-06-02,9.0,1313.951,44.043,12.887,4.9
Paul Lake,1994-06-09,0.0,437.168,16.697,2.076,18.4
Paul Lake,1994-06-09,0.25,,,,
Paul Lake,1994-06-09,0.5,,,,18.4
Paul Lake,1994-06-09,0.75,,,,
Paul Lake,1994-06-09,0.8,,18.804,0.257,
Paul Lake,1994-06-09,1.0,,,,18.3
Paul Lake,1994-06-09,1.5,,19.305,0.661,18.2
Paul Lake,1994-06-09,2.0,,,,17.9
Paul Lake,1994-06-09,2.5,475.363,24.521,0.389,16.8
Paul Lake,1994-06-09,3.0,,,,13.9
Paul Lake,1994-06-09,3.4,,18.911,1.637,
Paul Lake,1994-06-09,3.5,,,,11.4
Paul Lake,1994-06-09,4.0,,,,9.3
Paul Lake,1994-06-09,4.5,,,,8.0
Paul Lake,1994-06-09,4.9,,21.768,1.19,
Paul Lake,1994-06-09,5.0,,,,6.8
Paul Lake,1994-06-09,5.5,,,,6.3
Paul Lake,1994-06-09,6.0,,,,5.7
Paul Lake,1994-06-09,6.5,,,,5.6
Paul Lake,1994-06-09,7.0,,,,5.0
Paul Lake,1994-06-09,8.0,,,,4.9
Paul Lake,1994-06-09,9.0,1124.687,42.604,9.223,
Paul Lake,1994-06-16,0.0,423.307,13.946,0.982,22.3
Paul Lake,1994-06-16,0.25,,,,
Paul Lake,1994-06-16,0.5,,,,22.3
Paul Lake,1994-06-16,0.75,,,,
Paul Lake,1994-06-16,0.8,,13.464,0.96,
Paul Lake,1994-06-16,1.0,,,,22.1
Paul Lake,1994-06-16,1.5,,,,21.4
Paul Lake,1994-06-16,1.55,,17.196,1.742,
Paul Lake,1994-06-16,2.0,,,,20.1
Paul Lake,1994-06-16,2.5,,,,18.4
Paul Lake,1994-06-16,2.6,422.441,21.705,1.384,
Paul Lake,1994-06-16,3.0,,,,14.7
Paul Lake,1994-06-16,3.45,,18.113,1.35,
Paul Lake,1994-06-16,3.5,,,,12.3
Paul Lake,1994-06-16,4.0,,,,10.2
Paul Lake,1994-06-16,4.5,,,,8.5
Paul Lake,1994-06-16,5.0,,,,7.4
Paul Lake,1994-06-16,5.1,,43.826,3.351,
Paul Lake,1994-06-16,5.5,,,,6.6
Paul Lake,1994-06-16,6.0,,,,6.3
Paul Lake,1994-06-16,6.5,,,,5.7
Paul Lake,1994-06-16,7.0,,,,5.6
Paul Lake,1994-06-16,8.0,,,,5.2
Paul Lake,1994-06-16,9.0,1329.074,44.39,16.154,5.0
Paul Lake,1994-06-23,0.0,422.934,10.605,1.036,23.8
Paul Lake,1994-06-23,0.25,,,,
Paul Lake,1994-06-23,0.4,,10.175,0.748,
Paul Lake,1994-06-23,0.5,,,,23.8
Paul Lake,1994-06-23,0.75,,,,
Paul Lake,1994-06-23,1.0,,,,23.8
Paul Lake,1994-06-23,1.1,,12.655,1.443,
Paul Lake,1994-06-23,1.5,,,,23.8
Paul Lake,1994-06-23,2.0,,,,21.9
Paul Lake,1994-06-23,2.45,523.815,15.424,0.847,
Paul Lake,1994-06-23,2.5,,,,19.2
Paul Lake,1994-06-23,3.0,,,,16.8
Paul Lake,1994-06-23,3.45,,15.635,0.724,
Paul Lake,1994-06-23,3.5,,,,13.4
Paul Lake,1994-06-23,4.0,,,,11.1
Paul Lake,1994-06-23,4.5,,,,8.9
Paul Lake,1994-06-23,5.0,,,,7.6
Paul Lake,1994-06-23,5.1,,30.993,2.32,
Paul Lake,1994-06-23,5.5,,,,6.8
Paul Lake,1994-06-23,6.0,,,,6.2
Paul Lake,1994-06-23,6.5,,,,5.9
Paul Lake,1994-06-23,7.0,,,,5.7
Paul Lake,1994-06-23,8.0,,,,5.3
Paul Lake,1994-06-23,9.0,1399.296,56.921,13.727,5.2
Paul Lake,1994-06-30,0.0,439.984,15.738,5.07,21.2
Paul Lake,1994-06-30,0.25,,,,
Paul Lake,1994-06-30,0.5,,,,21.2
Paul Lake,1994-06-30,0.7,,12.107,1.493,
Paul Lake,1994-06-30,0.75,,,,
Paul Lake,1994-06-30,1.0,,,,21.2
Paul Lake,1994-06-30,1.4,,12.42,1.401,
Paul Lake,1994-06-30,1.5,,,,21.2
Paul Lake,1994-06-30,2.0,,,,21.2
Paul Lake,1994-06-30,2.5,,,,21.2
Paul Lake,1994-06-30,2.6,440.438,28.071,2.022,
Paul Lake,1994-06-30,3.0,,,,18.0
Paul Lake,1994-06-30,3.5,,,,15.0
Paul Lake,1994-06-30,3.6,,15.255,1.38,
Paul Lake,1994-06-30,4.0,,,,12.3
Paul Lake,1994-06-30,4.5,,,,10.0
Paul Lake,1994-06-30,5.0,,,,8.4
Paul Lake,1994-06-30,5.2,,92.017,4.55,
Paul Lake,1994-06-30,5.5,,,,7.4
Paul Lake,1994-06-30,6.0,,,,6.8
Paul Lake,1994-06-30,6.5,,,,6.1
Paul Lake,1994-06-30,7.0,,,,5.8
Paul Lake,1994-06-30,8.0,,,,5.6
Paul Lake,1994-06-30,9.0,1206.58,56.967,18.405,5.4
Paul Lake,1994-07-07,0.0,412.669,21.763,2.436,23.1
Paul Lake,1994-07-07,0.25,,,,
Paul Lake,1994-07-07,0.5,,,,23.1
Paul Lake,1994-07-07,0.65,367.614,12.547,2.682,
Paul Lake,1994-07-07,0.75,,,,
Paul Lake,1994-07-07,1.0,,,,23.1
Paul Lake,1994-07-07,1.4,378.718,10.229,2.444,
Paul Lake,1994-07-07,1.5,,,,22.4
Paul Lake,1994-07-07,2.0,,,,22.0
Paul Lake,1994-07-07,2.5,,,,21.4
Paul Lake,1994-07-07,2.6,433.643,8.356,2.161,
Paul Lake,1994-07-07,3.0,,,,18.5
Paul Lake,1994-07-07,3.5,,,,15.5
Paul Lake,1994-07-07,3.7,368.386,13.441,1.756,
Paul Lake,1994-07-07,4.0,,,,12.8
Paul Lake,1994-07-07,4.5,,,,10.5
Paul Lake,1994-07-07,5.0,,,,8.7
Paul Lake,1994-07-07,5.45,516.309,22.022,2.231,
Paul Lake,1994-07-07,5.5,,,,7.3
Paul Lake,1994-07-07,6.0,,,,6.8
Paul Lake,1994-07-07,6.5,,,,6.1
Paul Lake,1994-07-07,7.0,,,,5.8
Paul Lake,1994-07-07,8.0,,,,5.2
Paul Lake,1994-07-07,9.0,1266.45,43.471,11.765,5.1
Paul Lake,1994-07-14,0.0,402.942,4.501,0.823,21.1
Paul Lake,1994-07-14,0.25,,,,
Paul Lake,1994-07-14,0.5,,,,21.2
Paul Lake,1994-07-14,0.75,,,,
Paul Lake,1994-07-14,0.8,,3.987,0.471,
Paul Lake,1994-07-14,1.0,,,,21.3
Paul Lake,1994-07-14,1.5,,,,21.3
Paul Lake,1994-07-14,1.6,,4.474,0.549,
Paul Lake,1994-07-14,2.0,,,,21.2
Paul Lake,1994-07-14,2.5,,,,21.1
Paul Lake,1994-07-14,2.8,428.125,4.379,0.211,
Paul Lake,1994-07-14,3.0,,,,19.6
Paul Lake,1994-07-14,3.5,,,,16.2
Paul Lake,1994-07-14,4.0,,5.134,0.465,13.4
Paul Lake,1994-07-14,4.5,,,,10.9
Paul Lake,1994-07-14,5.0,,,,9.1
Paul Lake,1994-07-14,5.5,,,,7.7
Paul Lake,1994-07-14,5.6,,57.234,1.755,
Paul Lake,1994-07-14,6.0,,,,6.9
Paul Lake,1994-07-14,6.5,,,,6.5
Paul Lake,1994-07-14,7.0,,,,5.9
Paul Lake,1994-07-14,8.0,,,,5.4
Paul Lake,1994-07-14,9.0,1512.176,53.308,14.229,5.2
Paul Lake,1994-07-21,0.0,387.608,11.473,1.604,23.1
Paul Lake,1994-07-21,0.25,,,,
Paul Lake,1994-07-21,0.5,,,,23.1
Paul Lake,1994-07-21,0.7,,9.539,2.792,
Paul Lake,1994-07-21,0.75,,,,
Paul Lake,1994-07-21,1.0,,,,23.1
Paul Lake,1994-07-21,1.45,,10.804,2.396,
Paul Lake,1994-07-21,1.5,,,,23.0
Paul Lake,1994-07-21,2.0,,,,22.8
Paul Lake,1994-07-21,2.5,,,,22.1
Paul Lake,1994-07-21,2.55,460.376,9.125,2.611,
Paul Lake,1994-07-21,3.0,,,,17.2
Paul Lake,1994-07-21,3.5,,,,14.2
Paul Lake,1994-07-21,3.8,,10.511,2.362,
Paul Lake,1994-07-21,4.0,,,,11.7
Paul Lake,1994-07-21,4.5,,,,9.4
Paul Lake,1994-07-21,5.0,,,,8.3
Paul Lake,1994-07-21,5.5,,,,7.1
Paul Lake,1994-07-21,5.6,,28.578,2.301,
Paul Lake,1994-07-21,6.0,,,,6.6
Paul Lake,1994-07-21,6.5,,,,6.2
Paul Lake,1994-07-21,7.0,,,,5.6
Paul Lake,1994-07-21,8.0,,,,5.3
Paul Lake,1994-07-21,9.0,1230.419,56.775,16.442,5.2
Paul Lake,1994-07-28,0.0,375.783,7.527,3.708,20.7
Paul Lake,1994-07-28,0.25,,,,
Paul Lake,1994-07-28,0.5,,,,20.8
Paul Lake,1994-07-28,0.6,,8.2,2.739,
Paul Lake,1994-07-28,0.75,,,,
Paul Lake,1994-07-28,1.0,,,,20.8
Paul Lake,1994-07-28,1.4,,9.135,1.714,
Paul Lake,1994-07-28,1.5,,,,20.8
Paul Lake,1994-07-28,2.0,,,,20.7
Paul Lake,1994-07-28,2.45,387.954,7.861,1.292,
Paul Lake,1994-07-28,2.5,,,,20.6
Paul Lake,1994-07-28,3.0,,,,20.3
Paul Lake,1994-07-28,3.5,,,,18.4
Paul Lake,1994-07-28,3.55,,9.588,1.844,
Paul Lake,1994-07-28,4.0,,,,15.0
Paul Lake,1994-07-28,4.5,,,,12.0
Paul Lake,1994-07-28,5.0,,,,10.1
Paul Lake,1994-07-28,5.5,,25.787,2.69,8.4
Paul Lake,1994-07-28,6.0,,,,7.4
Paul Lake,1994-07-28,6.5,,,,6.5
Paul Lake,1994-07-28,7.0,,,,6.1
Paul Lake,1994-07-28,8.0,,,,5.5
Paul Lake,1994-07-28,9.0,1746.028,86.729,17.268,5.3
Paul Lake,1994-08-04,0.0,499.251,9.512,0.466,22.3
Paul Lake,1994-08-04,0.25,,,,
Paul Lake,1994-08-04,0.5,,,,22.4
Paul Lake,1994-08-04,0.65,,7.916,0.858,
Paul Lake,1994-08-04,0.75,,,,
Paul Lake,1994-08-04,1.0,,,,22.4
Paul Lake,1994-08-04,1.4,,8.088,0.306,
Paul Lake,1994-08-04,1.5,,,,22.4
Paul Lake,1994-08-04,2.0,,,,22.4
Paul Lake,1994-08-04,2.5,,,,22.2
Paul Lake,1994-08-04,2.7,477.829,16.304,0.34,
Paul Lake,1994-08-04,3.0,,,,20.9
Paul Lake,1994-08-04,3.5,,,,18.7
Paul Lake,1994-08-04,3.75,,11.057,0.845,
Paul Lake,1994-08-04,4.0,,,,15.3
Paul Lake,1994-08-04,4.5,,,,13.2
Paul Lake,1994-08-04,5.0,,,,10.8
Paul Lake,1994-08-04,5.5,,,,9.1
Paul Lake,1994-08-04,5.6,,26.608,1.369,
Paul Lake,1994-08-04,6.0,,,,8.1
Paul Lake,1994-08-04,6.5,,,,6.8
Paul Lake,1994-08-04,7.0,,,,6.0
Paul Lake,1994-08-04,8.0,,,,5.7
Paul Lake,1994-08-04,9.0,1280.211,63.925,12.658,
Paul Lake,1994-08-11,0.0,498.227,7.43,1.299,19.5
Paul Lake,1994-08-11,0.25,,,,
Paul Lake,1994-08-11,0.5,,,,19.5
Paul Lake,1994-08-11,0.75,,7.732,0.403,
Paul Lake,1994-08-11,1.0,,,,19.5
Paul Lake,1994-08-11,1.5,,9.915,0.712,19.5
Paul Lake,1994-08-11,2.0,,,,19.5
Paul Lake,1994-08-11,2.5,,,,19.4
Paul Lake,1994-08-11,2.7,416.692,9.199,0.242,
Paul Lake,1994-08-11,3.0,,,,19.4
Paul Lake,1994-08-11,3.5,,16.05,1.563,19.2
Paul Lake,1994-08-11,4.0,,,,18.1
Paul Lake,1994-08-11,4.5,,,,13.3
Paul Lake,1994-08-11,5.0,,,,11.8
Paul Lake,1994-08-11,5.2,,17.918,0.93,
Paul Lake,1994-08-11,5.5,,,,9.3
Paul Lake,1994-08-11,6.0,,,,8.3
Paul Lake,1994-08-11,6.5,,,,7.5
Paul Lake,1994-08-11,7.0,,,,6.5
Paul Lake,1994-08-11,8.0,,,,5.6
Paul Lake,1994-08-11,9.0,1499.438,78.664,24.332,5.4
Paul Lake,1994-08-12,0.0,,,,20.8
Paul Lake,1994-08-12,0.25,,,,
Paul Lake,1994-08-12,0.5,,,,20.8
Paul Lake,1994-08-12,0.75,,,,
Paul Lake,1994-08-12,1.0,,,,20.8
Paul Lake,1994-08-12,1.5,,,,20.3
Paul Lake,1994-08-12,2.0,,,,19.7
Paul Lake,1994-08-12,2.5,,,,19.3
Paul Lake,1994-08-12,3.0,,,,19.0
Paul Lake,1994-08-12,3.5,,,,18.5
Paul Lake,1994-08-12,4.0,,,,17.8
Paul Lake,1994-08-12,4.5,,,,14.0
Paul Lake,1994-08-12,5.0,,,,11.8
Paul Lake,1994-08-12,5.5,,,,10.0
Paul Lake,1994-08-12,6.0,,,,8.3
Paul Lake,1994-08-12,6.5,,,,7.2
Paul Lake,1994-08-12,7.0,,,,6.6
Paul Lake,1994-08-12,8.0,,,,5.9
Paul Lake,1994-08-12,9.0,,,,5.4
Paul Lake,1994-08-18,0.0,408.059,10.515,1.523,20.8
Paul Lake,1994-08-18,0.25,,,,
Paul Lake,1994-08-18,0.5,,,,20.8
Paul Lake,1994-08-18,0.75,,,,
Paul Lake,1994-08-18,0.9,,9.55,1.099,
Paul Lake,1994-08-18,1.0,,,,20.8
Paul Lake,1994-08-18,1.5,,,,20.3
Paul Lake,1994-08-18,1.8,,8.698,1.279,
Paul Lake,1994-08-18,2.0,,,,19.7
Paul Lake,1994-08-18,2.5,,,,19.3
Paul Lake,1994-08-18,3.0,,,,19.0
Paul Lake,1994-08-18,3.1,376.145,8.687,1.18,
Paul Lake,1994-08-18,3.5,,,,18.5
Paul Lake,1994-08-18,4.0,,,,17.8
Paul Lake,1994-08-18,4.1,,10.873,0.532,
Paul Lake,1994-08-18,4.5,,,,14.0
Paul Lake,1994-08-18,5.0,,,,11.8
Paul Lake,1994-08-18,5.5,,,,10.0
Paul Lake,1994-08-18,5.7,,17.993,1.634,
Paul Lake,1994-08-18,6.0,,,,8.3
Paul Lake,1994-08-18,6.5,,,,7.2
Paul Lake,1994-08-18,7.0,,,,6.6
Paul Lake,1994-08-18,8.0,,,,5.9
Paul Lake,1994-08-18,9.0,1501.428,88.61,25.175,5.4
Paul Lake,1994-08-25,0.0,424.318,8.694,0.729,20.9
Paul Lake,1994-08-25,0.25,,,,
Paul Lake,1994-08-25,0.5,,,,21.0
Paul Lake,1994-08-25,0.7,,13.414,1.076,
Paul Lake,1994-08-25,0.75,,,,
Paul Lake,1994-08-25,1.0,,,,20.9
Paul Lake,1994-08-25,1.5,,9.276,1.489,20.7
Paul Lake,1994-08-25,2.0,,,,20.5
Paul Lake,1994-08-25,2.5,,,,20.0
Paul Lake,1994-08-25,2.7,412.936,9.961,1.214,
Paul Lake,1994-08-25,3.0,,,,19.6
Paul Lake,1994-08-25,3.5,,,,19.0
Paul Lake,1994-08-25,4.0,,,,17.3
Paul Lake,1994-08-25,4.5,,,,14.4
Paul Lake,1994-08-25,4.6,,12.601,1.025,
Paul Lake,1994-08-25,5.0,,,,12.6
Paul Lake,1994-08-25,5.25,,18.717,1.986,
Paul Lake,1994-08-25,5.5,,,,10.5
Paul Lake,1994-08-25,6.0,,,,8.8
Paul Lake,1994-08-25,6.5,,,,7.7
Paul Lake,1994-08-25,7.0,,,,6.7
Paul Lake,1994-08-25,8.0,,,,5.8
Paul Lake,1994-08-25,9.0,624.987,48.894,3.045,5.6
Paul Lake,1994-09-01,0.0,437.397,10.192,0.836,17.6
Paul Lake,1994-09-01,0.25,,,,
Paul Lake,1994-09-01,0.5,,,,17.6
Paul Lake,1994-09-01,0.6,417.181,16.929,1.237,
Paul Lake,1994-09-01,0.75,,,,
Paul Lake,1994-09-01,1.0,,,,17.6
Paul Lake,1994-09-01,1.45,414.399,13.198,1.284,
Paul Lake,1994-09-01,1.5,,,,17.6
Paul Lake,1994-09-01,2.0,,,,17.6
Paul Lake,1994-09-01,2.5,,,,17.6
Paul Lake,1994-09-01,2.6,397.987,7.886,0.0,
Paul Lake,1994-09-01,3.0,,,,17.6
Paul Lake,1994-09-01,3.5,404.947,27.089,0.48,17.5
Paul Lake,1994-09-01,4.0,,,,17.4
Paul Lake,1994-09-01,4.5,,,,15.3
Paul Lake,1994-09-01,5.0,,,,13.0
Paul Lake,1994-09-01,5.3,436.277,19.287,5.926,
Paul Lake,1994-09-01,5.5,,,,10.7
Paul Lake,1994-09-01,6.0,,,,9.0
Paul Lake,1994-09-01,6.5,,,,7.9
Paul Lake,1994-09-01,7.0,,,,7.2
Paul Lake,1994-09-01,8.0,,,,6.0
Paul Lake,1994-09-01,9.0,1731.454,92.01,23.173,5.6
Paul Lake,1994-09-01,10.0,,,,5.5
Paul Lake,1994-09-06,0.0,557.812,16.281,0.467,16.7
Paul Lake,1994-09-06,0.25,,,,
Paul Lake,1994-09-06,0.5,,,,16.7
Paul Lake,1994-09-06,0.7,,11.773,0.103,
Paul Lake,1994-09-06,0.75,,,,
Paul Lake,1994-09-06,1.0,,,,16.7
Paul Lake,1994-09-06,1.5,,15.104,1.057,16.7
Paul Lake,1994-09-06,2.0,,,,16.7
Paul Lake,1994-09-06,2.5,,,,16.6
Paul Lake,1994-09-06,2.8,414.985,15.995,0.246,
Paul Lake,1994-09-06,3.0,,,,16.7
Paul Lake,1994-09-06,3.5,,,,16.6
Paul Lake,1994-09-06,4.0,,13.053,0.799,16.6
Paul Lake,1994-09-06,4.5,,,,15.7
Paul Lake,1994-09-06,5.0,,,,13.3
Paul Lake,1994-09-06,5.5,,,,11.1
Paul Lake,1994-09-06,5.7,,61.705,1.463,
Paul Lake,1994-09-06,6.0,,,,9.1
Paul Lake,1994-09-06,6.5,,,,8.0
Paul Lake,1994-09-06,7.0,,,,7.1
Paul Lake,1994-09-06,8.0,,,,6.0
Paul Lake,1994-09-06,9.0,1701.368,123.29,10.59,5.6
Paul Lake,1994-09-06,10.0,,,,5.5
Paul Lake,1994-09-06,11.0,,,,5.5
Paul Lake,1995-05-25,0.0,291.78,7.287,1.372,12.9
Paul Lake,1995-05-25,0.25,,,,
Paul Lake,1995-05-25,0.5,,,,12.8
Paul Lake,1995-05-25,0.75,,,,
Paul Lake,1995-05-25,1.0,328.123,9.345,1.699,12.7
Paul Lake,1995-05-25,1.5,,,,12.7
Paul Lake,1995-05-25,2.0,341.232,8.095,2.006,12.6
Paul Lake,1995-05-25,2.5,,,,12.6
Paul Lake,1995-05-25,3.0,,,,11.5
Paul Lake,1995-05-25,3.5,368.031,15.818,2.48,11.1
Paul Lake,1995-05-25,4.0,,,,7.1
Paul Lake,1995-05-25,4.3,531.02,32.566,5.519,
Paul Lake,1995-05-25,4.5,,,,6.3
Paul Lake,1995-05-25,5.0,,,,5.7
Paul Lake,1995-05-25,5.5,,,,5.3
Paul Lake,1995-05-25,6.0,479.295,35.803,6.993,5.1
Paul Lake,1995-05-25,6.5,,,,5.0
Paul Lake,1995-05-25,7.0,,,,4.9
Paul Lake,1995-05-25,8.0,,,,4.9
Paul Lake,1995-05-25,9.0,,,,4.8
Paul Lake,1995-05-25,12.0,1454.277,48.081,20.096,
Paul Lake,1995-06-01,0.0,342.14,14.365,0.148,19.7
Paul Lake,1995-06-01,0.25,,,,
Paul Lake,1995-06-01,0.5,,,,19.2
Paul Lake,1995-06-01,0.75,,,,
Paul Lake,1995-06-01,0.95,,8.8,0.075,
Paul Lake,1995-06-01,1.0,,,,18.3
Paul Lake,1995-06-01,1.5,,,,16.1
Paul Lake,1995-06-01,2.0,351.027,9.164,0.134,14.8
Paul Lake,1995-06-01,2.5,,,,14.2
Paul Lake,1995-06-01,3.0,,,,13.0
Paul Lake,1995-06-01,3.5,,,,10.2
Paul Lake,1995-06-01,3.7,,11.77,0.943,
Paul Lake,1995-06-01,4.0,,,,8.5
Paul Lake,1995-06-01,4.5,,,,7.4
Paul Lake,1995-06-01,4.8,,19.919,2.793,
Paul Lake,1995-06-01,5.0,,,,6.5
Paul Lake,1995-06-01,5.5,,,,6.1
Paul Lake,1995-06-01,6.0,,,,5.5
Paul Lake,1995-06-01,6.3,,57.064,7.547,
Paul Lake,1995-06-01,6.5,,,,5.3
Paul Lake,1995-06-01,7.0,,,,5.2
Paul Lake,1995-06-01,8.0,,,,5.0
Paul Lake,1995-06-01,9.0,,,,4.9
Paul Lake,1995-06-01,12.0,1129.7,56.448,7.286,
Paul Lake,1995-06-08,0.0,307.812,1.222,3.657,16.6
Paul Lake,1995-06-08,0.25,,,,
Paul Lake,1995-06-08,0.5,,,,16.7
Paul Lake,1995-06-08,0.75,,,,
Paul Lake,1995-06-08,0.8,,5.258,0.837,
Paul Lake,1995-06-08,1.0,,,,16.6
Paul Lake,1995-06-08,1.5,,,,16.6
Paul Lake,1995-06-08,1.8,,2.593,2.701,
Paul Lake,1995-06-08,2.0,,,,16.5
Paul Lake,1995-06-08,2.5,,,,16.4
Paul Lake,1995-06-08,3.0,522.186,6.347,2.865,13.6
Paul Lake,1995-06-08,3.5,,,,11.4
Paul Lake,1995-06-08,4.0,,,,9.4
Paul Lake,1995-06-08,4.4,,15.261,5.473,
Paul Lake,1995-06-08,4.5,,,,8.0
Paul Lake,1995-06-08,5.0,,,,7.1
Paul Lake,1995-06-08,5.5,,,,6.4
Paul Lake,1995-06-08,5.9,,27.368,4.68,
Paul Lake,1995-06-08,6.0,,,,6.0
Paul Lake,1995-06-08,6.5,,,,5.5
Paul Lake,1995-06-08,7.0,,,,5.3
Paul Lake,1995-06-08,8.0,,,,5.0
Paul Lake,1995-06-08,9.0,,,,4.9
Paul Lake,1995-06-08,12.0,1349.568,48.957,19.405,
Paul Lake,1995-06-15,0.0,338.845,6.448,1.22,21.1
Paul Lake,1995-06-15,0.25,,,,
Paul Lake,1995-06-15,0.5,,,,20.9
Paul Lake,1995-06-15,0.75,,,,
Paul Lake,1995-06-15,0.8,,6.922,,
Paul Lake,1995-06-15,1.0,,,,20.7
Paul Lake,1995-06-15,1.5,,,,19.7
Paul Lake,1995-06-15,1.65,,6.511,0.543,
Paul Lake,1995-06-15,2.0,,,,18.6
Paul Lake,1995-06-15,2.5,,,,17.5
Paul Lake,1995-06-15,3.0,336.311,8.695,0.441,15.3
Paul Lake,1995-06-15,3.5,,,,12.8
Paul Lake,1995-06-15,4.0,,,,10.6
Paul Lake,1995-06-15,4.2,,8.524,0.533,
Paul Lake,1995-06-15,4.5,,,,9.0
Paul Lake,1995-06-15,5.0,,,,7.9
Paul Lake,1995-06-15,5.5,,,,6.9
Paul Lake,1995-06-15,6.0,,,,6.3
Paul Lake,1995-06-15,6.1,,37.797,3.943,
Paul Lake,1995-06-15,6.5,,,,5.8
Paul Lake,1995-06-15,7.0,,,,5.5
Paul Lake,1995-06-15,8.0,,,,5.2
Paul Lake,1995-06-15,9.0,,,,5.0
Paul Lake,1995-06-15,12.0,1253.453,48.968,10.757,
Paul Lake,1995-06-22,0.0,324.447,5.567,1.858,27.3
Paul Lake,1995-06-22,0.25,,,,
Paul Lake,1995-06-22,0.5,,,,27.2
Paul Lake,1995-06-22,0.6,,6.114,2.192,
Paul Lake,1995-06-22,0.75,,,,
Paul Lake,1995-06-22,1.0,,,,27.0
Paul Lake,1995-06-22,1.5,,7.947,1.414,25.1
Paul Lake,1995-06-22,2.0,,,,22.2
Paul Lake,1995-06-22,2.5,,,,19.6
Paul Lake,1995-06-22,2.9,309.488,11.476,2.196,
Paul Lake,1995-06-22,3.0,,,,17.0
Paul Lake,1995-06-22,3.5,,,,14.0
Paul Lake,1995-06-22,3.9,,8.663,1.209,
Paul Lake,1995-06-22,4.0,,,,11.4
Paul Lake,1995-06-22,4.5,,,,9.7
Paul Lake,1995-06-22,5.0,,,,8.5
Paul Lake,1995-06-22,5.5,,,,7.6
Paul Lake,1995-06-22,6.0,,43.807,1.772,6.8
Paul Lake,1995-06-22,6.5,,,,6.2
Paul Lake,1995-06-22,7.0,,,,5.8
Paul Lake,1995-06-22,8.0,,,,5.5
Paul Lake,1995-06-22,9.0,,,,5.2
Paul Lake,1995-06-22,12.0,1183.078,47.279,4.166,
Paul Lake,1995-06-29,0.0,422.26,10.353,0.736,26.1
Paul Lake,1995-06-29,0.25,,,,
Paul Lake,1995-06-29,0.5,,,,25.5
Paul Lake,1995-06-29,0.75,,,,
Paul Lake,1995-06-29,0.8,,12.258,1.214,
Paul Lake,1995-06-29,1.0,,,,24.8
Paul Lake,1995-06-29,1.5,,,,24.5
Paul Lake,1995-06-29,1.6,,8.162,0.961,
Paul Lake,1995-06-29,2.0,,,,24.1
Paul Lake,1995-06-29,2.5,,,,21.4
Paul Lake,1995-06-29,3.0,,,,18.3
Paul Lake,1995-06-29,3.1,324.382,9.754,1.343,
Paul Lake,1995-06-29,3.5,,,,15.3
Paul Lake,1995-06-29,4.0,,,,12.5
Paul Lake,1995-06-29,4.3,,13.442,0.678,
Paul Lake,1995-06-29,4.5,,,,10.6
Paul Lake,1995-06-29,5.0,,,,8.9
Paul Lake,1995-06-29,5.5,,,,7.7
Paul Lake,1995-06-29,6.0,,,,7.1
Paul Lake,1995-06-29,6.2,,32.875,2.464,
Paul Lake,1995-06-29,6.5,,,,6.4
Paul Lake,1995-06-29,7.0,,,,5.9
Paul Lake,1995-06-29,8.0,,,,5.4
Paul Lake,1995-06-29,9.0,,,,5.1
Paul Lake,1995-06-29,12.0,904.49,44.9,2.039,
Paul Lake,1995-07-06,0.0,335.737,10.42,2.873,21.4
Paul Lake,1995-07-06,0.25,,,,
Paul Lake,1995-07-06,0.5,,,,21.4
Paul Lake,1995-07-06,0.55,,9.609,1.119,
Paul Lake,1995-07-06,0.75,,,,
Paul Lake,1995-07-06,1.0,,,,21.4
Paul Lake,1995-07-06,1.5,,10.891,0.675,21.4
Paul Lake,1995-07-06,2.0,,,,21.3
Paul Lake,1995-07-06,2.5,,,,20.8
Paul Lake,1995-07-06,2.85,,20.364,0.81,
Paul Lake,1995-07-06,3.0,,,,19.6
Paul Lake,1995-07-06,3.5,,,,15.7
Paul Lake,1995-07-06,4.0,,,,13.0
Paul Lake,1995-07-06,4.2,320.702,10.253,0.512,
Paul Lake,1995-07-06,4.5,,,,11.0
Paul Lake,1995-07-06,5.0,,,,9.6
Paul Lake,1995-07-06,5.5,,,,8.4
Paul Lake,1995-07-06,6.0,,,,7.4
Paul Lake,1995-07-06,6.2,,29.818,2.323,
Paul Lake,1995-07-06,6.5,,,,6.6
Paul Lake,1995-07-06,7.0,,,,5.9
Paul Lake,1995-07-06,8.0,,,,5.4
Paul Lake,1995-07-06,9.0,,,,5.1
Paul Lake,1995-07-06,12.0,1179.36,82.052,3.738,
Paul Lake,1995-07-13,0.0,379.554,10.444,0.46,23.8
Paul Lake,1995-07-13,0.25,,,,
Paul Lake,1995-07-13,0.5,,,,23.8
Paul Lake,1995-07-13,0.75,,,,
Paul Lake,1995-07-13,0.8,,10.186,1.39,
Paul Lake,1995-07-13,1.0,,,,23.6
Paul Lake,1995-07-13,1.5,,,,22.7
Paul Lake,1995-07-13,1.7,,7.741,1.295,
Paul Lake,1995-07-13,2.0,,,,21.7
Paul Lake,1995-07-13,2.5,,,,20.8
Paul Lake,1995-07-13,2.9,,8.41,0.833,
Paul Lake,1995-07-13,3.0,,,,20.0
Paul Lake,1995-07-13,3.5,,,,17.2
Paul Lake,1995-07-13,4.0,,,,14.0
Paul Lake,1995-07-13,4.1,278.362,9.134,0.0,
Paul Lake,1995-07-13,4.5,,,,12.3
Paul Lake,1995-07-13,5.0,,,,9.9
Paul Lake,1995-07-13,5.5,,,,8.5
Paul Lake,1995-07-13,6.0,,,,8.0
Paul Lake,1995-07-13,6.1,,38.871,2.069,
Paul Lake,1995-07-13,6.5,,,,6.7
Paul Lake,1995-07-13,7.0,,,,6.3
Paul Lake,1995-07-13,8.0,,,,5.5
Paul Lake,1995-07-13,9.0,,,,5.2
Paul Lake,1995-07-13,10.0,,,,5.1
Paul Lake,1995-07-13,11.0,,,,5.1
Paul Lake,1995-07-13,12.0,1231.281,60.51,16.913,5.1
Paul Lake,1995-07-20,0.0,306.801,8.151,1.48,21.8
Paul Lake,1995-07-20,0.25,,,,
Paul Lake,1995-07-20,0.5,,,,21.8
Paul Lake,1995-07-20,0.7,,7.053,3.067,
Paul Lake,1995-07-20,0.75,,,,
Paul Lake,1995-07-20,1.0,,,,21.8
Paul Lake,1995-07-20,1.5,,9.97,2.879,21.7
Paul Lake,1995-07-20,2.0,,,,21.7
Paul Lake,1995-07-20,2.5,,,,21.6
Paul Lake,1995-07-20,2.75,306.709,6.267,3.625,
Paul Lake,1995-07-20,3.0,,,,20.6
Paul Lake,1995-07-20,3.5,,,,16.8
Paul Lake,1995-07-20,4.0,,,,15.0
Paul Lake,1995-07-20,4.5,,,,12.1
Paul Lake,1995-07-20,5.0,,13.151,2.139,10.3
Paul Lake,1995-07-20,5.5,,,,9.2
Paul Lake,1995-07-20,6.0,,,,7.9
Paul Lake,1995-07-20,6.2,,29.283,2.763,
Paul Lake,1995-07-20,6.5,,,,7.0
Paul Lake,1995-07-20,7.0,,,,6.5
Paul Lake,1995-07-20,8.0,,,,5.5
Paul Lake,1995-07-20,9.0,,,,5.2
Paul Lake,1995-07-20,10.0,,,,5.1
Paul Lake,1995-07-20,11.0,,,,5.1
Paul Lake,1995-07-20,12.0,1193.842,50.909,15.143,5.2
Paul Lake,1995-07-27,0.0,325.446,10.728,1.656,24.1
Paul Lake,1995-07-27,0.25,,,,
Paul Lake,1995-07-27,0.5,,,,24.1
Paul Lake,1995-07-27,0.7,,11.3,2.013,
Paul Lake,1995-07-27,0.75,,,,
Paul Lake,1995-07-27,1.0,,,,24.0
Paul Lake,1995-07-27,1.5,,7.092,2.136,23.8
Paul Lake,1995-07-27,2.0,,,,23.7
Paul Lake,1995-07-27,2.5,,,,23.2
Paul Lake,1995-07-27,2.7,,10.326,1.913,
Paul Lake,1995-07-27,3.0,,,,21.1
Paul Lake,1995-07-27,3.5,589.204,10.739,0.863,18.2
Paul Lake,1995-07-27,4.0,,,,15.4
Paul Lake,1995-07-27,4.5,,,,13.1
Paul Lake,1995-07-27,5.0,,,,10.8
Paul Lake,1995-07-27,5.5,,,,9.2
Paul Lake,1995-07-27,5.8,,18.375,2.143,
Paul Lake,1995-07-27,6.0,,,,8.0
Paul Lake,1995-07-27,6.5,,,,7.4
Paul Lake,1995-07-27,7.0,,,,6.5
Paul Lake,1995-07-27,8.0,,,,5.7
Paul Lake,1995-07-27,9.0,,,,5.4
Paul Lake,1995-07-27,10.0,,,,5.4
Paul Lake,1995-07-27,11.0,,,,5.4
Paul Lake,1995-07-27,12.0,1431.485,59.939,12.632,5.4
Paul Lake,1995-08-03,0.0,419.592,10.973,1.321,24.5
Paul Lake,1995-08-03,0.25,,,,
Paul Lake,1995-08-03,0.5,,,,24.5
Paul Lake,1995-08-03,0.75,,9.416,0.462,
Paul Lake,1995-08-03,1.0,,,,24.5
Paul Lake,1995-08-03,1.5,,8.855,1.597,24.5
Paul Lake,1995-08-03,2.0,,,,24.4
Paul Lake,1995-08-03,2.5,,,,24.1
Paul Lake,1995-08-03,2.9,,10.711,1.58,
Paul Lake,1995-08-03,3.0,,,,22.4
Paul Lake,1995-08-03,3.5,,,,19.0
Paul Lake,1995-08-03,4.0,315.613,12.446,1.232,16.5
Paul Lake,1995-08-03,4.5,,,,13.5
Paul Lake,1995-08-03,5.0,,,,11.5
Paul Lake,1995-08-03,5.5,,,,9.4
Paul Lake,1995-08-03,6.0,,,,8.4
Paul Lake,1995-08-03,6.3,,42.061,3.104,
Paul Lake,1995-08-03,6.5,,,,7.3
Paul Lake,1995-08-03,7.0,,,,6.9
Paul Lake,1995-08-03,8.0,,,,5.8
Paul Lake,1995-08-03,9.0,,,,5.3
Paul Lake,1995-08-03,12.0,1440.479,62.23,11.739,
Paul Lake,1995-08-10,0.0,431.447,10.538,1.263,25.0
Paul Lake,1995-08-10,0.25,,,,
Paul Lake,1995-08-10,0.5,,,,24.9
Paul Lake,1995-08-10,0.75,,,,
Paul Lake,1995-08-10,0.8,,13.153,0.588,
Paul Lake,1995-08-10,1.0,,,,24.8
Paul Lake,1995-08-10,1.5,,,,24.7
Paul Lake,1995-08-10,1.7,,10.027,0.198,
Paul Lake,1995-08-10,2.0,,,,24.6
Paul Lake,1995-08-10,2.5,,,,24.4
Paul Lake,1995-08-10,2.9,,10.708,0.676,
Paul Lake,1995-08-10,3.0,,,,23.2
Paul Lake,1995-08-10,3.5,,,,20.3
Paul Lake,1995-08-10,3.6,359.491,14.776,1.507,
Paul Lake,1995-08-10,4.0,,,,16.7
Paul Lake,1995-08-10,4.5,,,,14.1
Paul Lake,1995-08-10,5.0,,,,11.8
Paul Lake,1995-08-10,5.5,,,,10.0
Paul Lake,1995-08-10,5.7,,23.387,2.218,
Paul Lake,1995-08-10,6.0,,,,8.5
Paul Lake,1995-08-10,6.5,,,,7.8
Paul Lake,1995-08-10,7.0,,,,7.1
Paul Lake,1995-08-10,8.0,,,,5.8
Paul Lake,1995-08-10,9.0,,,,5.5
Paul Lake,1995-08-10,12.0,1003.838,56.778,1.044,
Paul Lake,1995-08-17,0.0,331.686,8.368,1.69,24.1
Paul Lake,1995-08-17,0.25,,,,
Paul Lake,1995-08-17,0.5,,,,24.2
Paul Lake,1995-08-17,0.75,,6.717,2.116,
Paul Lake,1995-08-17,1.0,,,,24.2
Paul Lake,1995-08-17,1.5,,7.675,1.022,24.2
Paul Lake,1995-08-17,2.0,,,,24.2
Paul Lake,1995-08-17,2.5,,,,24.1
Paul Lake,1995-08-17,2.9,,9.303,1.799,
Paul Lake,1995-08-17,3.0,,,,23.5
Paul Lake,1995-08-17,3.5,,,,21.0
Paul Lake,1995-08-17,3.85,341.32,10.735,1.303,
Paul Lake,1995-08-17,4.0,,,,17.3
Paul Lake,1995-08-17,4.5,,,,14.8
Paul Lake,1995-08-17,5.0,,,,12.4
Paul Lake,1995-08-17,5.5,,,,10.3
Paul Lake,1995-08-17,5.9,,28.323,2.968,
Paul Lake,1995-08-17,6.0,,,,8.9
Paul Lake,1995-08-17,6.5,,,,8.0
Paul Lake,1995-08-17,7.0,,,,7.3
Paul Lake,1995-08-17,8.0,,,,6.0
Paul Lake,1995-08-17,9.0,,,,5.6
Paul Lake,1995-08-17,12.0,917.778,49.634,3.925,
Paul Lake,1995-08-24,0.0,381.551,9.231,2.126,22.8
Paul Lake,1995-08-24,0.25,,,,
Paul Lake,1995-08-24,0.5,,,,22.9
Paul Lake,1995-08-24,0.7,,8.16,0.662,
Paul Lake,1995-08-24,0.75,,,,
Paul Lake,1995-08-24,1.0,,,,22.9
Paul Lake,1995-08-24,1.5,,8.516,1.521,22.9
Paul Lake,1995-08-24,2.0,,,,22.9
Paul Lake,1995-08-24,2.5,,,,22.9
Paul Lake,1995-08-24,2.7,,9.076,1.415,
Paul Lake,1995-08-24,3.0,,,,22.8
Paul Lake,1995-08-24,3.5,,,,21.5
Paul Lake,1995-08-24,3.9,392.005,13.527,1.523,
Paul Lake,1995-08-24,4.0,,,,18.1
Paul Lake,1995-08-24,4.5,,,,15.3
Paul Lake,1995-08-24,5.0,,,,12.4
Paul Lake,1995-08-24,5.5,,,,10.6
Paul Lake,1995-08-24,5.9,,17.018,2.223,
Paul Lake,1995-08-24,6.0,,,,9.1
Paul Lake,1995-08-24,6.5,,,,8.3
Paul Lake,1995-08-24,7.0,,,,7.3
Paul Lake,1995-08-24,8.0,,,,6.1
Paul Lake,1995-08-24,9.0,,,,5.5
Paul Lake,1995-08-24,12.0,1705.656,64.237,15.684,
Paul Lake,1995-08-31,0.0,,8.045,,21.8
Paul Lake,1995-08-31,0.25,,,,
Paul Lake,1995-08-31,0.5,,,,21.9
Paul Lake,1995-08-31,0.75,,,,
Paul Lake,1995-08-31,0.9,,5.579,,
Paul Lake,1995-08-31,1.0,,,,21.9
Paul Lake,1995-08-31,1.5,,,,21.9
Paul Lake,1995-08-31,1.8,,7.157,,
Paul Lake,1995-08-31,2.0,,,,21.6
Paul Lake,1995-08-31,2.5,,,,21.2
Paul Lake,1995-08-31,3.0,,12.57,,20.9
Paul Lake,1995-08-31,3.5,,,,20.1
Paul Lake,1995-08-31,4.0,,7.554,,18.2
Paul Lake,1995-08-31,4.5,,,,15.7
Paul Lake,1995-08-31,5.0,,,,12.9
Paul Lake,1995-08-31,5.5,,,,11.0
Paul Lake,1995-08-31,6.0,,15.181,,9.4
Paul Lake,1995-08-31,6.5,,,,8.1
Paul Lake,1995-08-31,7.0,,,,7.7
Paul Lake,1995-08-31,8.0,,,,6.2
Paul Lake,1995-08-31,9.0,,,,5.7
Paul Lake,1995-08-31,12.0,,49.865,,
Paul Lake,1995-09-05,0.0,,8.944,,22.9
Paul Lake,1995-09-05,0.25,,,,
Paul Lake,1995-09-05,0.5,,,,22.5
Paul Lake,1995-09-05,0.75,,,,
Paul Lake,1995-09-05,1.0,,10.435,,22.3
Paul Lake,1995-09-05,1.5,,,,22.2
Paul Lake,1995-09-05,2.0,,11.247,,22.1
Paul Lake,1995-09-05,2.5,,,,21.9
Paul Lake,1995-09-05,3.0,,,,21.4
Paul Lake,1995-09-05,3.3,,15.147,,
Paul Lake,1995-09-05,3.5,,,,20.6
Paul Lake,1995-09-05,4.0,,,,18.9
Paul Lake,1995-09-05,4.4,,35.081,,
Paul Lake,1995-09-05,4.5,,,,15.6
Paul Lake,1995-09-05,5.0,,,,14.0
Paul Lake,1995-09-05,5.5,,,,11.6
Paul Lake,1995-09-05,6.0,,,,9.6
Paul Lake,1995-09-05,6.35,,28.224,,
Paul Lake,1995-09-05,6.5,,,,8.7
Paul Lake,1995-09-05,7.0,,,,7.8
Paul Lake,1995-09-05,8.0,,,,6.2
Paul Lake,1995-09-05,9.0,,,,5.7
Paul Lake,1995-09-05,10.0,,,,5.5
Paul Lake,1995-09-05,12.0,,71.798,,
Paul Lake,1996-05-27,0.0,244.87,13.689,5.723,15.4
Paul Lake,1996-05-27,0.25,,,,
Paul Lake,1996-05-27,0.5,,,,15.3
Paul Lake,1996-05-27,0.75,,,,
Paul Lake,1996-05-27,0.85,244.87,15.901,5.723,
Paul Lake,1996-05-27,1.0,,,,15.0
Paul Lake,1996-05-27,1.5,,,,14.6
Paul Lake,1996-05-27,1.9,244.87,25.439,5.723,
Paul Lake,1996-05-27,2.0,,,,11.2
Paul Lake,1996-05-27,2.5,,,,8.6
Paul Lake,1996-05-27,3.0,,18.343,,7.4
Paul Lake,1996-05-27,3.4,,72.041,,
Paul Lake,1996-05-27,3.5,,,,6.4
Paul Lake,1996-05-27,4.0,,,,5.6
Paul Lake,1996-05-27,4.5,,,,5.3
Paul Lake,1996-05-27,5.0,,30.443,,5.1
Paul Lake,1996-05-27,5.5,,,,5.0
Paul Lake,1996-05-27,6.0,,,,4.9
Paul Lake,1996-05-27,6.5,,,,4.9
Paul Lake,1996-05-27,7.0,,,,4.9
Paul Lake,1996-05-27,8.0,,,,4.9
Paul Lake,1996-05-27,9.0,1211.905,98.471,33.185,4.9
Paul Lake,1996-06-03,0.0,368.195,,10.698,18.6
Paul Lake,1996-06-03,0.25,,,,
Paul Lake,1996-06-03,0.5,,,,18.7
Paul Lake,1996-06-03,0.75,368.195,9.451,10.698,
Paul Lake,1996-06-03,1.0,,,,18.7
Paul Lake,1996-06-03,1.5,,,,18.0
Paul Lake,1996-06-03,1.7,368.195,10.001,10.698,
Paul Lake,1996-06-03,2.0,,,,15.3
Paul Lake,1996-06-03,2.5,,,,12.5
Paul Lake,1996-06-03,3.0,,,,9.6
Paul Lake,1996-06-03,3.3,,27.987,,
Paul Lake,1996-06-03,3.5,,,,8.0
Paul Lake,1996-06-03,4.0,,,,6.8
Paul Lake,1996-06-03,4.1,,26.063,,
Paul Lake,1996-06-03,4.5,,,,6.2
Paul Lake,1996-06-03,5.0,,,,5.6
Paul Lake,1996-06-03,5.4,,24.078,,
Paul Lake,1996-06-03,5.5,,,,5.3
Paul Lake,1996-06-03,6.0,,,,5.2
Paul Lake,1996-06-03,7.0,,,,4.9
Paul Lake,1996-06-03,8.0,,,,4.9
Paul Lake,1996-06-03,9.0,1368.326,71.066,373.836,4.9
Paul Lake,1996-06-10,0.0,261.827,10.359,,19.2
Paul Lake,1996-06-10,0.25,,,,
Paul Lake,1996-06-10,0.5,,,,19.1
Paul Lake,1996-06-10,0.65,261.827,10.736,,
Paul Lake,1996-06-10,0.75,,,,
Paul Lake,1996-06-10,1.0,,,,18.9
Paul Lake,1996-06-10,1.5,,,,17.8
Paul Lake,1996-06-10,1.6,261.827,7.502,,
Paul Lake,1996-06-10,2.0,,,,16.8
Paul Lake,1996-06-10,2.5,,,,14.2
Paul Lake,1996-06-10,3.0,,,,11.9
Paul Lake,1996-06-10,3.1,,16.235,,
Paul Lake,1996-06-10,3.5,,,,9.5
Paul Lake,1996-06-10,4.0,,17.232,,7.9
Paul Lake,1996-06-10,4.5,,,,6.7
Paul Lake,1996-06-10,5.0,,,,6.0
Paul Lake,1996-06-10,5.3,,37.699,,
Paul Lake,1996-06-10,5.5,,,,5.6
Paul Lake,1996-06-10,6.0,,,,5.3
Paul Lake,1996-06-10,6.5,,,,5.1
Paul Lake,1996-06-10,7.0,,,,5.0
Paul Lake,1996-06-10,8.0,,,,4.9
Paul Lake,1996-06-10,9.0,1386.454,61.703,,4.9
Paul Lake,1996-06-17,0.0,,13.373,2.022,22.5
Paul Lake,1996-06-17,0.25,,,,
Paul Lake,1996-06-17,0.5,,,,22.6
Paul Lake,1996-06-17,0.75,,,,
Paul Lake,1996-06-17,0.85,,10.975,1.376,
Paul Lake,1996-06-17,1.0,,,,22.6
Paul Lake,1996-06-17,1.5,,,,22.1
Paul Lake,1996-06-17,1.85,,11.562,3.159,
Paul Lake,1996-06-17,2.0,,,,19.6
Paul Lake,1996-06-17,2.5,,,,16.4
Paul Lake,1996-06-17,3.0,,,,13.6
Paul Lake,1996-06-17,3.4,,10.6,,
Paul Lake,1996-06-17,3.5,,,,11.1
Paul Lake,1996-06-17,4.0,,,,9.1
Paul Lake,1996-06-17,4.3,,29.609,,
Paul Lake,1996-06-17,4.5,,,,7.7
Paul Lake,1996-06-17,5.0,,,,6.7
Paul Lake,1996-06-17,5.5,,,,6.0
Paul Lake,1996-06-17,5.7,,38.017,,
Paul Lake,1996-06-17,6.0,,,,5.6
Paul Lake,1996-06-17,6.5,,,,5.3
Paul Lake,1996-06-17,7.0,,,,5.0
Paul Lake,1996-06-17,8.0,,,,5.0
Paul Lake,1996-06-17,9.0,,69.766,28.239,4.9
Paul Lake,1996-06-17,10.0,,,,4.9
Paul Lake,1996-06-24,0.0,391.882,7.583,3.468,17.5
Paul Lake,1996-06-24,0.25,,,,
Paul Lake,1996-06-24,0.5,,,,17.5
Paul Lake,1996-06-24,0.75,,,,
Paul Lake,1996-06-24,0.8,391.882,11.461,2.132,
Paul Lake,1996-06-24,1.0,,,,17.5
Paul Lake,1996-06-24,1.5,,,,17.5
Paul Lake,1996-06-24,1.9,391.882,7.795,1.819,
Paul Lake,1996-06-24,2.0,,,,17.4
Paul Lake,1996-06-24,2.5,,,,17.4
Paul Lake,1996-06-24,3.0,,,,14.4
Paul Lake,1996-06-24,3.4,,12.445,,
Paul Lake,1996-06-24,3.5,,,,11.5
Paul Lake,1996-06-24,4.0,,,,9.9
Paul Lake,1996-06-24,4.5,,15.685,,8.3
Paul Lake,1996-06-24,5.0,,,,7.0
Paul Lake,1996-06-24,5.5,,,,6.2
Paul Lake,1996-06-24,6.0,,45.246,,5.7
Paul Lake,1996-06-24,6.5,,,,5.3
Paul Lake,1996-06-24,7.0,,,,5.1
Paul Lake,1996-06-24,8.0,,,,5.0
Paul Lake,1996-06-24,9.0,1447.316,70.37,25.207,5.0
Paul Lake,1996-06-24,10.0,,,,5.0
Paul Lake,1996-06-24,11.0,,,,5.0
Paul Lake,1996-06-24,12.0,,,,5.0
Paul Lake,1996-07-01,0.0,,9.239,,23.4
Paul Lake,1996-07-01,0.25,,,,
Paul Lake,1996-07-01,0.5,,,,23.4
Paul Lake,1996-07-01,0.75,,,,
Paul Lake,1996-07-01,0.85,,14.47,,
Paul Lake,1996-07-01,1.0,,,,23.1
Paul Lake,1996-07-01,1.5,,,,22.2
Paul Lake,1996-07-01,1.8,,10.379,,
Paul Lake,1996-07-01,2.0,,,,20.4
Paul Lake,1996-07-01,2.5,,,,18.5
Paul Lake,1996-07-01,3.0,,,,16.2
Paul Lake,1996-07-01,3.1,,11.508,,
Paul Lake,1996-07-01,3.5,,,,13.6
Paul Lake,1996-07-01,4.0,,11.409,,11.3
Paul Lake,1996-07-01,4.5,,,,8.9
Paul Lake,1996-07-01,5.0,,,,8.0
Paul Lake,1996-07-01,5.3,,28.109,,
Paul Lake,1996-07-01,5.5,,,,6.8
Paul Lake,1996-07-01,6.0,,,,6.5
Paul Lake,1996-07-01,6.5,,,,5.7
Paul Lake,1996-07-01,7.0,,,,5.3
Paul Lake,1996-07-01,8.0,,,,5.1
Paul Lake,1996-07-01,9.0,,64.943,,5.0
Paul Lake,1996-07-01,10.0,,,,5.0
Paul Lake,1996-07-08,0.0,,7.753,,23.0
Paul Lake,1996-07-08,0.25,,,,
Paul Lake,1996-07-08,0.5,,,,23.0
Paul Lake,1996-07-08,0.75,,10.902,,
Paul Lake,1996-07-08,1.0,,,,23.0
Paul Lake,1996-07-08,1.5,,,,23.0
Paul Lake,1996-07-08,1.7,,8.792,,
Paul Lake,1996-07-08,2.0,,,,22.8
Paul Lake,1996-07-08,2.5,,,,21.0
Paul Lake,1996-07-08,3.0,,14.75,,17.5
Paul Lake,1996-07-08,3.5,,,,14.8
Paul Lake,1996-07-08,4.0,,10.721,,11.8
Paul Lake,1996-07-08,4.5,,,,9.7
Paul Lake,1996-07-08,5.0,,,,8.3
Paul Lake,1996-07-08,5.5,,,,7.3
Paul Lake,1996-07-08,6.0,,36.162,,6.4
Paul Lake,1996-07-08,6.5,,,,5.9
Paul Lake,1996-07-08,7.0,,,,5.6
Paul Lake,1996-07-08,8.0,,,,5.1
Paul Lake,1996-07-08,9.0,,72.529,,5.1
Paul Lake,1996-07-15,0.0,,7.652,,18.5
Paul Lake,1996-07-15,0.25,,,,
Paul Lake,1996-07-15,0.5,,,,18.5
Paul Lake,1996-07-15,0.75,,9.371,,
Paul Lake,1996-07-15,1.0,,,,18.5
Paul Lake,1996-07-15,1.5,,,,18.5
Paul Lake,1996-07-15,1.6,,7.471,,
Paul Lake,1996-07-15,2.0,,,,18.4
Paul Lake,1996-07-15,2.5,,,,18.4
Paul Lake,1996-07-15,3.0,,9.366,,18.2
Paul Lake,1996-07-15,3.5,,,,15.5
Paul Lake,1996-07-15,4.0,,,,12.5
Paul Lake,1996-07-15,4.1,,19.068,,
Paul Lake,1996-07-15,4.5,,,,10.4
Paul Lake,1996-07-15,5.0,,,,8.8
Paul Lake,1996-07-15,5.5,,,,7.6
Paul Lake,1996-07-15,5.9,,24.923,,
Paul Lake,1996-07-15,6.0,,,,6.7
Paul Lake,1996-07-15,6.5,,,,6.0
Paul Lake,1996-07-15,7.0,,,,5.5
Paul Lake,1996-07-15,8.0,,,,5.1
Paul Lake,1996-07-15,9.0,,51.931,,5.1
Paul Lake,1996-07-22,0.0,351.499,7.967,0.687,22.2
Paul Lake,1996-07-22,0.25,,,,
Paul Lake,1996-07-22,0.5,,,,22.1
Paul Lake,1996-07-22,0.75,,,,
Paul Lake,1996-07-22,0.9,351.499,8.539,0.687,
Paul Lake,1996-07-22,1.0,,,,21.9
Paul Lake,1996-07-22,1.5,,,,21.6
Paul Lake,1996-07-22,1.8,351.499,8.319,0.687,
Paul Lake,1996-07-22,2.0,,,,21.2
Paul Lake,1996-07-22,2.5,,,,20.3
Paul Lake,1996-07-22,3.0,,,,18.9
Paul Lake,1996-07-22,3.1,,9.908,,
Paul Lake,1996-07-22,3.5,,,,16.8
Paul Lake,1996-07-22,3.9,,9.806,,
Paul Lake,1996-07-22,4.0,,,,14.0
Paul Lake,1996-07-22,4.5,,,,11.3
Paul Lake,1996-07-22,5.0,,,,10.0
Paul Lake,1996-07-22,5.5,,,,8.5
Paul Lake,1996-07-22,5.7,,16.662,,
Paul Lake,1996-07-22,6.0,,,,6.8
Paul Lake,1996-07-22,6.5,,,,6.2
Paul Lake,1996-07-22,7.0,,,,5.7
Paul Lake,1996-07-22,8.0,,,,5.4
Paul Lake,1996-07-22,9.0,1309.56,55.827,20.65,5.1
Paul Lake,1996-07-29,0.0,,9.931,,19.5
Paul Lake,1996-07-29,0.25,,,,
Paul Lake,1996-07-29,0.5,,,,19.7
Paul Lake,1996-07-29,0.7,,9.377,,
Paul Lake,1996-07-29,0.75,,,,
Paul Lake,1996-07-29,1.0,,,,19.7
Paul Lake,1996-07-29,1.5,,8.733,,19.7
Paul Lake,1996-07-29,2.0,,,,19.7
Paul Lake,1996-07-29,2.5,,,,19.7
Paul Lake,1996-07-29,2.8,,8.071,,
Paul Lake,1996-07-29,3.0,,,,19.4
Paul Lake,1996-07-29,3.5,,,,16.7
Paul Lake,1996-07-29,3.9,,11.499,,
Paul Lake,1996-07-29,4.0,,,,14.2
Paul Lake,1996-07-29,4.5,,,,11.7
Paul Lake,1996-07-29,5.0,,,,9.8
Paul Lake,1996-07-29,5.5,,,,8.3
Paul Lake,1996-07-29,6.0,,16.281,,7.7
Paul Lake,1996-07-29,6.5,,,,6.8
Paul Lake,1996-07-29,7.0,,,,6.0
Paul Lake,1996-07-29,8.0,,,,5.4
Paul Lake,1996-07-29,9.0,,43.612,,5.2
Paul Lake,1996-08-05,0.0,,9.398,,22.3
Paul Lake,1996-08-05,0.25,,,,
Paul Lake,1996-08-05,0.5,,,,22.3
Paul Lake,1996-08-05,0.75,,,,
Paul Lake,1996-08-05,0.8,,11.665,,
Paul Lake,1996-08-05,1.0,,,,22.1
Paul Lake,1996-08-05,1.5,,,,20.6
Paul Lake,1996-08-05,1.8,,10.491,,
Paul Lake,1996-08-05,2.0,,,,19.5
Paul Lake,1996-08-05,2.5,,,,18.9
Paul Lake,1996-08-05,2.9,,11.293,,
Paul Lake,1996-08-05,3.0,,,,18.4
Paul Lake,1996-08-05,3.5,,,,17.6
Paul Lake,1996-08-05,3.9,,7.609,,
Paul Lake,1996-08-05,4.0,,,,15.1
Paul Lake,1996-08-05,4.5,,,,12.7
Paul Lake,1996-08-05,5.0,,,,10.3
Paul Lake,1996-08-05,5.5,,,,8.9
Paul Lake,1996-08-05,5.9,,17.338,,
Paul Lake,1996-08-05,6.0,,,,7.5
Paul Lake,1996-08-05,6.5,,,,6.6
Paul Lake,1996-08-05,7.0,,,,5.9
Paul Lake,1996-08-05,8.0,,,,5.4
Paul Lake,1996-08-05,9.0,,48.545,,5.2
Paul Lake,1996-08-05,10.0,,,,5.2
Paul Lake,1996-08-12,0.0,,5.879,,22.1
Paul Lake,1996-08-12,0.25,,,,
Paul Lake,1996-08-12,0.5,,,,22.1
Paul Lake,1996-08-12,0.65,,11.549,,
Paul Lake,1996-08-12,0.75,,,,
Paul Lake,1996-08-12,1.0,,,,22.0
Paul Lake,1996-08-12,1.5,,,,21.9
Paul Lake,1996-08-12,1.6,,5.098,,
Paul Lake,1996-08-12,2.0,,,,21.8
Paul Lake,1996-08-12,2.5,,,,20.5
Paul Lake,1996-08-12,2.9,,10.06,,
Paul Lake,1996-08-12,3.0,,,,19.3
Paul Lake,1996-08-12,3.5,,,,17.9
Paul Lake,1996-08-12,3.75,,8.053,,
Paul Lake,1996-08-12,4.0,,,,15.4
Paul Lake,1996-08-12,4.5,,,,13.0
Paul Lake,1996-08-12,5.0,,,,10.7
Paul Lake,1996-08-12,5.5,,,,9.4
Paul Lake,1996-08-12,5.6,,10.82,,
Paul Lake,1996-08-12,6.0,,,,7.8
Paul Lake,1996-08-12,6.5,,,,7.0
Paul Lake,1996-08-12,7.0,,,,6.2
Paul Lake,1996-08-12,8.0,,,,5.4
Paul Lake,1996-08-12,9.0,,43.302,,5.3
Paul Lake,1996-08-12,10.0,,,,5.2
Paul Lake,1996-08-19,0.0,219.406,9.933,0.744,22.1
Paul Lake,1996-08-19,0.25,,,,
Paul Lake,1996-08-19,0.5,,,,22.1
Paul Lake,1996-08-19,0.75,219.406,8.447,1.167,
Paul Lake,1996-08-19,1.0,,,,22.1
Paul Lake,1996-08-19,1.5,,,,22.0
Paul Lake,1996-08-19,1.55,219.406,5.334,1.651,
Paul Lake,1996-08-19,2.0,,,,21.2
Paul Lake,1996-08-19,2.5,,,,20.8
Paul Lake,1996-08-19,3.0,,11.058,,20.1
Paul Lake,1996-08-19,3.5,,,,18.3
Paul Lake,1996-08-19,3.9,,9.676,,
Paul Lake,1996-08-19,4.0,,,,16.2
Paul Lake,1996-08-19,4.5,,,,13.5
Paul Lake,1996-08-19,5.0,,,,10.5
Paul Lake,1996-08-19,5.5,,,,9.4
Paul Lake,1996-08-19,6.0,,,,8.3
Paul Lake,1996-08-19,6.1,,28.912,,
Paul Lake,1996-08-19,6.5,,,,7.0
Paul Lake,1996-08-19,7.0,,,,6.3
Paul Lake,1996-08-19,8.0,,,,5.6
Paul Lake,1996-08-19,9.0,1464.136,62.121,21.713,5.4
Paul Lake,1996-08-26,0.0,,9.706,,20.9
Paul Lake,1996-08-26,0.25,,,,
Paul Lake,1996-08-26,0.5,,,,20.9
Paul Lake,1996-08-26,0.65,,9.769,,
Paul Lake,1996-08-26,0.75,,,,
Paul Lake,1996-08-26,1.0,,,,20.9
Paul Lake,1996-08-26,1.5,,6.429,,20.9
Paul Lake,1996-08-26,2.0,,,,20.8
Paul Lake,1996-08-26,2.5,,,,20.8
Paul Lake,1996-08-26,2.7,,17.837,,
Paul Lake,1996-08-26,3.0,,,,20.8
Paul Lake,1996-08-26,3.5,,,,18.7
Paul Lake,1996-08-26,3.6,,9.832,,
Paul Lake,1996-08-26,4.0,,,,16.6
Paul Lake,1996-08-26,4.5,,,,14.0
Paul Lake,1996-08-26,5.0,,,,12.1
Paul Lake,1996-08-26,5.4,,17.645,,
Paul Lake,1996-08-26,5.5,,,,9.8
Paul Lake,1996-08-26,6.0,,,,8.1
Paul Lake,1996-08-26,6.5,,,,7.3
Paul Lake,1996-08-26,7.0,,,,6.6
Paul Lake,1996-08-26,8.0,,,,5.7
Paul Lake,1996-08-26,9.0,,30.124,,5.4
Paul Lake,1996-09-02,0.0,,6.592,,21.7
Paul Lake,1996-09-02,0.25,,,,
Paul Lake,1996-09-02,0.5,,,,21.6
Paul Lake,1996-09-02,0.75,,,,
Paul Lake,1996-09-02,0.8,,10.703,,
Paul Lake,1996-09-02,1.0,,,,21.5
Paul Lake,1996-09-02,1.5,,,,21.5
Paul Lake,1996-09-02,1.8,,9.523,,
Paul Lake,1996-09-02,2.0,,,,21.4
Paul Lake,1996-09-02,2.5,,,,21.2
Paul Lake,1996-09-02,3.0,,,,20.8
Paul Lake,1996-09-02,3.2,,,,
Paul Lake,1996-09-02,3.5,,,,19.4
Paul Lake,1996-09-02,4.0,,,,17.1
Paul Lake,1996-09-02,4.1,,10.187,,
Paul Lake,1996-09-02,4.5,,,,14.6
Paul Lake,1996-09-02,5.0,,,,11.9
Paul Lake,1996-09-02,5.5,,,,10.0
Paul Lake,1996-09-02,6.0,,,,8.8
Paul Lake,1996-09-02,6.1,,28.509,,
Paul Lake,1996-09-02,6.5,,,,7.7
Paul Lake,1996-09-02,7.0,,,,6.6
Paul Lake,1996-09-02,8.0,,,,5.8
Paul Lake,1996-09-02,9.0,,40.586,,5.4
Paul Lake,1996-09-02,10.0,,,,5.3
Paul Lake,1997-05-26,0.0,412.409,13.57,3.077,12.0
Paul Lake,1997-05-26,0.25,,,,
Paul Lake,1997-05-26,0.5,,,,12.0
Paul Lake,1997-05-26,0.75,,,,
Paul Lake,1997-05-26,0.8,377.394,7.402,3.02,
Paul Lake,1997-05-26,1.0,,,,11.8
Paul Lake,1997-05-26,1.5,,,,11.2
Paul Lake,1997-05-26,1.8,415.4,10.714,1.164,
Paul Lake,1997-05-26,2.0,,,,10.7
Paul Lake,1997-05-26,2.5,,,,9.5
Paul Lake,1997-05-26,3.0,385.83,7.647,,8.7
Paul Lake,1997-05-26,3.5,,,,7.9
Paul Lake,1997-05-26,4.0,,13.464,,7.0
Paul Lake,1997-05-26,4.5,,,,6.2
Paul Lake,1997-05-26,5.0,,,,5.5
Paul Lake,1997-05-26,5.5,,13.699,,5.1
Paul Lake,1997-05-26,6.0,,,,4.9
Paul Lake,1997-05-26,6.5,,,,4.8
Paul Lake,1997-05-26,7.0,,,,4.8
Paul Lake,1997-05-26,8.0,,,,4.7
Paul Lake,1997-05-26,9.0,916.174,39.725,11.2,4.7
Paul Lake,1997-05-26,10.0,,,,4.7
Paul Lake,1997-06-02,0.0,,6.907,,19.3
Paul Lake,1997-06-02,0.25,,,,
Paul Lake,1997-06-02,0.5,,,,18.8
Paul Lake,1997-06-02,0.75,,,,
Paul Lake,1997-06-02,0.86,,8.38,,
Paul Lake,1997-06-02,1.0,,,,18.4
Paul Lake,1997-06-02,1.5,,,,16.4
Paul Lake,1997-06-02,1.9,,7.705,,
Paul Lake,1997-06-02,2.0,,,,14.0
Paul Lake,1997-06-02,2.5,,,,12.1
Paul Lake,1997-06-02,3.0,,,,10.6
Paul Lake,1997-06-02,3.3,,7.481,,
Paul Lake,1997-06-02,3.5,,,,9.2
Paul Lake,1997-06-02,4.0,,,,8.1
Paul Lake,1997-06-02,4.3,,9.275,,
Paul Lake,1997-06-02,4.5,,,,7.1
Paul Lake,1997-06-02,5.0,,,,6.2
Paul Lake,1997-06-02,5.5,,,,5.6
Paul Lake,1997-06-02,5.85,,15.906,,
Paul Lake,1997-06-02,6.0,,,,5.3
Paul Lake,1997-06-02,6.5,,,,5.0
Paul Lake,1997-06-02,7.0,,,,4.9
Paul Lake,1997-06-02,8.0,,,,4.8
Paul Lake,1997-06-02,9.0,,45.249,,4.7
Paul Lake,1997-06-02,10.0,,,,4.7
Paul Lake,1997-06-02,11.0,,,,4.7
Paul Lake,1997-06-02,12.0,,,,4.7
Paul Lake,1997-06-09,0.0,,6.312,,19.9
Paul Lake,1997-06-09,0.25,,,,
Paul Lake,1997-06-09,0.5,,,,19.7
Paul Lake,1997-06-09,0.75,,,,
Paul Lake,1997-06-09,0.82,,6.18,,
Paul Lake,1997-06-09,1.0,,,,19.4
Paul Lake,1997-06-09,1.5,,,,18.8
Paul Lake,1997-06-09,1.75,,5.615,,
Paul Lake,1997-06-09,2.0,,,,16.8
Paul Lake,1997-06-09,2.5,,,,14.0
Paul Lake,1997-06-09,3.0,,,,12.0
Paul Lake,1997-06-09,3.125,,4.936,,
Paul Lake,1997-06-09,3.5,,,,10.8
Paul Lake,1997-06-09,4.0,,,,9.4
Paul Lake,1997-06-09,4.2,,8.603,,
Paul Lake,1997-06-09,4.5,,,,7.8
Paul Lake,1997-06-09,5.0,,,,6.8
Paul Lake,1997-06-09,5.5,,,,6.2
Paul Lake,1997-06-09,5.8,,13.226,,
Paul Lake,1997-06-09,6.0,,,,5.6
Paul Lake,1997-06-09,6.5,,,,5.3
Paul Lake,1997-06-09,7.0,,,,5.1
Paul Lake,1997-06-09,8.0,,,,4.9
Paul Lake,1997-06-09,9.0,,25.39,,4.8
Paul Lake,1997-06-09,10.0,,,,4.8
Paul Lake,1997-06-16,0.0,,17.557,,19.5
Paul Lake,1997-06-16,0.25,,,,
Paul Lake,1997-06-16,0.5,,,,19.5
Paul Lake,1997-06-16,0.65,,10.857,,
Paul Lake,1997-06-16,0.75,,,,
Paul Lake,1997-06-16,1.0,,,,19.5
Paul Lake,1997-06-16,1.43,,8.831,,
Paul Lake,1997-06-16,1.5,,,,19.5
Paul Lake,1997-06-16,2.0,,,,19.3
Paul Lake,1997-06-16,2.5,,,,16.4
Paul Lake,1997-06-16,3.0,,10.776,,13.5
Paul Lake,1997-06-16,3.5,,,,11.2
Paul Lake,1997-06-16,4.0,,,,9.9
Paul Lake,1997-06-16,4.3,,10.849,,
Paul Lake,1997-06-16,4.5,,,,8.7
Paul Lake,1997-06-16,5.0,,,,7.7
Paul Lake,1997-06-16,5.5,,,,6.6
Paul Lake,1997-06-16,6.0,,35.999,,6.0
Paul Lake,1997-06-16,6.5,,,,5.5
Paul Lake,1997-06-16,7.0,,,,5.3
Paul Lake,1997-06-16,8.0,,,,4.9
Paul Lake,1997-06-16,9.0,,41.52,,4.8
Paul Lake,1997-06-23,0.0,477.193,9.206,1.975,22.1
Paul Lake,1997-06-23,0.25,,,,
Paul Lake,1997-06-23,0.5,,,,22.1
Paul Lake,1997-06-23,0.75,,,,
Paul Lake,1997-06-23,0.8,477.193,10.134,2.144,
Paul Lake,1997-06-23,1.0,,,,21.7
Paul Lake,1997-06-23,1.5,,,,20.7
Paul Lake,1997-06-23,1.6,477.193,7.001,1.898,
Paul Lake,1997-06-23,2.0,,,,19.6
Paul Lake,1997-06-23,2.5,,,,17.5
Paul Lake,1997-06-23,3.0,,,,14.9
Paul Lake,1997-06-23,3.3,,8.311,,
Paul Lake,1997-06-23,3.5,,,,12.5
Paul Lake,1997-06-23,4.0,,,,10.7
Paul Lake,1997-06-23,4.4,,11.581,,
Paul Lake,1997-06-23,4.5,,,,9.1
Paul Lake,1997-06-23,5.0,,,,7.9
Paul Lake,1997-06-23,5.5,,,,7.1
Paul Lake,1997-06-23,6.0,,,,6.2
Paul Lake,1997-06-23,6.3,,57.043,,
Paul Lake,1997-06-23,6.5,,,,5.7
Paul Lake,1997-06-23,7.0,,,,5.3
Paul Lake,1997-06-23,8.0,,,,5.0
Paul Lake,1997-06-23,9.0,1041.22,40.23,11.942,4.9
Paul Lake,1997-06-30,0.0,,8.489,,23.8
Paul Lake,1997-06-30,0.25,,,,
Paul Lake,1997-06-30,0.5,,,,23.8
Paul Lake,1997-06-30,0.7,,11.502,,
Paul Lake,1997-06-30,0.75,,,,
Paul Lake,1997-06-30,1.0,,,,23.7
Paul Lake,1997-06-30,1.5,,8.21,,23.6
Paul Lake,1997-06-30,2.0,,,,22.1
Paul Lake,1997-06-30,2.5,,,,19.9
Paul Lake,1997-06-30,3.0,,18.308,,16.5
Paul Lake,1997-06-30,3.5,,,,13.1
Paul Lake,1997-06-30,4.0,,,,11.0
Paul Lake,1997-06-30,4.3,,18.9,,
Paul Lake,1997-06-30,4.5,,,,10.1
Paul Lake,1997-06-30,5.0,,,,8.5
Paul Lake,1997-06-30,5.5,,,,7.6
Paul Lake,1997-06-30,6.0,,,,6.7
Paul Lake,1997-06-30,6.4,,44.936,,
Paul Lake,1997-06-30,6.5,,,,6.1
Paul Lake,1997-06-30,7.0,,,,5.6
Paul Lake,1997-06-30,8.0,,,,5.2
Paul Lake,1997-06-30,9.0,,50.102,,5.0
Paul Lake,1997-07-07,0.0,,7.778,,19.4
Paul Lake,1997-07-07,0.25,,,,
Paul Lake,1997-07-07,0.5,,,,19.4
Paul Lake,1997-07-07,0.75,,,,
Paul Lake,1997-07-07,0.8,,9.79,,
Paul Lake,1997-07-07,1.0,,,,19.3
Paul Lake,1997-07-07,1.5,,,,19.3
Paul Lake,1997-07-07,1.6,,11.122,,
Paul Lake,1997-07-07,2.0,,,,19.2
Paul Lake,1997-07-07,2.5,,,,19.0
Paul Lake,1997-07-07,2.8,,9.307,,
Paul Lake,1997-07-07,3.0,,,,18.7
Paul Lake,1997-07-07,3.5,,,,14.5
Paul Lake,1997-07-07,3.8,,12.333,,
Paul Lake,1997-07-07,4.0,,,,12.4
Paul Lake,1997-07-07,4.5,,,,10.7
Paul Lake,1997-07-07,5.0,,,,9.0
Paul Lake,1997-07-07,5.5,,,,7.8
Paul Lake,1997-07-07,5.8,,20.241,,
Paul Lake,1997-07-07,6.0,,,,7.1
Paul Lake,1997-07-07,6.5,,,,6.3
Paul Lake,1997-07-07,7.0,,,,5.8
Paul Lake,1997-07-07,8.0,,,,5.2
Paul Lake,1997-07-07,9.0,,44.023,,5.0
Paul Lake,1997-07-14,0.0,,9.19,,24.5
Paul Lake,1997-07-14,0.25,,,,
Paul Lake,1997-07-14,0.5,,,,24.5
Paul Lake,1997-07-14,0.75,,,,
Paul Lake,1997-07-14,0.85,,8.544,,
Paul Lake,1997-07-14,1.0,,,,24.4
Paul Lake,1997-07-14,1.5,,,,22.3
Paul Lake,1997-07-14,1.82,,8.007,,
Paul Lake,1997-07-14,2.0,,,,21.3
Paul Lake,1997-07-14,2.5,,,,20.3
Paul Lake,1997-07-14,3.0,,,,19.0
Paul Lake,1997-07-14,3.2,,8.455,,
Paul Lake,1997-07-14,3.5,,,,16.3
Paul Lake,1997-07-14,4.0,,,,13.5
Paul Lake,1997-07-14,4.4,,12.7,,
Paul Lake,1997-07-14,4.5,,,,11.2
Paul Lake,1997-07-14,5.0,,,,9.5
Paul Lake,1997-07-14,5.5,,,,8.4
Paul Lake,1997-07-14,6.0,,,,7.3
Paul Lake,1997-07-14,6.3,,20.089,,
Paul Lake,1997-07-14,6.5,,,,6.6
Paul Lake,1997-07-14,7.0,,,,5.9
Paul Lake,1997-07-14,8.0,,,,5.1
Paul Lake,1997-07-14,9.0,,64.745,,5.0
Paul Lake,1997-07-21,0.0,374.651,9.42,2.011,23.7
Paul Lake,1997-07-21,0.25,,,,
Paul Lake,1997-07-21,0.5,,,,23.7
Paul Lake,1997-07-21,0.72,374.651,6.838,6.89,
Paul Lake,1997-07-21,0.75,,,,
Paul Lake,1997-07-21,1.0,,,,23.7
Paul Lake,1997-07-21,1.5,,,,23.8
Paul Lake,1997-07-21,1.6,374.651,6.505,3.881,
Paul Lake,1997-07-21,2.0,,,,23.7
Paul Lake,1997-07-21,2.5,,,,22.3
Paul Lake,1997-07-21,3.0,,,,20.1
Paul Lake,1997-07-21,3.2,,7.395,,
Paul Lake,1997-07-21,3.5,,,,17.0
Paul Lake,1997-07-21,4.0,,,,13.9
Paul Lake,1997-07-21,4.35,,17.533,,
Paul Lake,1997-07-21,4.5,,,,11.7
Paul Lake,1997-07-21,5.0,,,,10.0
Paul Lake,1997-07-21,5.5,,,,8.6
Paul Lake,1997-07-21,6.0,,,,7.5
Paul Lake,1997-07-21,6.4,,26.17,,
Paul Lake,1997-07-21,6.5,,,,6.8
Paul Lake,1997-07-21,7.0,,,,6.0
Paul Lake,1997-07-21,8.0,,,,5.3
Paul Lake,1997-07-21,9.0,1284.285,48.439,6.474,5.1
Paul Lake,1997-07-28,0.0,,12.789,,23.5
Paul Lake,1997-07-28,0.25,,,,
Paul Lake,1997-07-28,0.5,,,,23.7
Paul Lake,1997-07-28,0.75,,11.954,,
Paul Lake,1997-07-28,1.0,,,,23.6
Paul Lake,1997-07-28,1.5,,,,23.6
Paul Lake,1997-07-28,1.6,,12.491,,
Paul Lake,1997-07-28,2.0,,,,23.4
Paul Lake,1997-07-28,2.5,,,,22.7
Paul Lake,1997-07-28,2.9,,12.268,,
Paul Lake,1997-07-28,3.0,,,,26.8
Paul Lake,1997-07-28,3.5,,,,17.8
Paul Lake,1997-07-28,3.8,,13.926,,
Paul Lake,1997-07-28,4.0,,,,15.2
Paul Lake,1997-07-28,4.5,,,,12.4
Paul Lake,1997-07-28,5.0,,,,10.8
Paul Lake,1997-07-28,5.5,,,,8.8
Paul Lake,1997-07-28,5.9,,21.777,,
Paul Lake,1997-07-28,6.0,,,,7.8
Paul Lake,1997-07-28,6.5,,,,6.9
Paul Lake,1997-07-28,7.0,,,,6.1
Paul Lake,1997-07-28,8.0,,,,5.4
Paul Lake,1997-07-28,9.0,,56.778,,5.1
Paul Lake,1997-08-04,0.0,,8.044,,23.2
Paul Lake,1997-08-04,0.25,,,,
Paul Lake,1997-08-04,0.5,,,,23.2
Paul Lake,1997-08-04,0.75,,6.077,,
Paul Lake,1997-08-04,1.0,,,,23.2
Paul Lake,1997-08-04,1.5,,,,23.2
Paul Lake,1997-08-04,1.7,,6.229,,
Paul Lake,1997-08-04,2.0,,,,23.2
Paul Lake,1997-08-04,2.5,,,,23.2
Paul Lake,1997-08-04,3.0,,8.923,,22.0
Paul Lake,1997-08-04,3.5,,,,18.6
Paul Lake,1997-08-04,4.0,,,,14.6
Paul Lake,1997-08-04,4.4,,6.893,,
Paul Lake,1997-08-04,4.5,,,,13.3
Paul Lake,1997-08-04,5.0,,,,11.2
Paul Lake,1997-08-04,5.5,,,,9.4
Paul Lake,1997-08-04,6.0,,,,7.9
Paul Lake,1997-08-04,6.5,,,,7.1
Paul Lake,1997-08-04,6.6,,16.12,,
Paul Lake,1997-08-04,7.0,,,,6.4
Paul Lake,1997-08-04,8.0,,,,5.5
Paul Lake,1997-08-04,9.0,,48.303,,5.2
Paul Lake,1997-08-11,0.0,,8.24,,21.5
Paul Lake,1997-08-11,0.25,,,,
Paul Lake,1997-08-11,0.5,,,,21.5
Paul Lake,1997-08-11,0.75,,12.275,,
Paul Lake,1997-08-11,1.0,,,,21.5
Paul Lake,1997-08-11,1.5,,,,21.5
Paul Lake,1997-08-11,1.7,,8.312,,
Paul Lake,1997-08-11,2.0,,,,21.4
Paul Lake,1997-08-11,2.5,,,,21.4
Paul Lake,1997-08-11,2.9,,11.027,,
Paul Lake,1997-08-11,3.0,,,,21.3
Paul Lake,1997-08-11,3.5,,,,19.1
Paul Lake,1997-08-11,3.9,,8.565,,
Paul Lake,1997-08-11,4.0,,,,16.5
Paul Lake,1997-08-11,4.5,,,,13.6
Paul Lake,1997-08-11,5.0,,,,11.0
Paul Lake,1997-08-11,5.5,,,,9.5
Paul Lake,1997-08-11,6.0,,,,8.2
Paul Lake,1997-08-11,6.1,,15.576,,
Paul Lake,1997-08-11,6.5,,,,7.2
Paul Lake,1997-08-11,7.0,,,,6.6
Paul Lake,1997-08-11,8.0,,,,5.6
Paul Lake,1997-08-11,9.0,,53.558,,5.4
Paul Lake,1997-08-18,0.0,360.28,13.873,0.0,19.0
Paul Lake,1997-08-18,0.25,,,,
Paul Lake,1997-08-18,0.5,,,,19.1
Paul Lake,1997-08-18,0.75,360.28,10.008,3.196,
Paul Lake,1997-08-18,1.0,,,,19.1
Paul Lake,1997-08-18,1.5,,,,19.1
Paul Lake,1997-08-18,1.6,360.28,10.962,1.83,
Paul Lake,1997-08-18,2.0,,,,19.0
Paul Lake,1997-08-18,2.5,,,,19.0
Paul Lake,1997-08-18,2.9,,16.037,,
Paul Lake,1997-08-18,3.0,,,,18.9
Paul Lake,1997-08-18,3.5,,,,18.9
Paul Lake,1997-08-18,3.8,,13.077,,
Paul Lake,1997-08-18,4.0,,,,17.7
Paul Lake,1997-08-18,4.5,,,,14.9
Paul Lake,1997-08-18,5.0,,,,11.9
Paul Lake,1997-08-18,5.5,,,,10.4
Paul Lake,1997-08-18,5.9,,18.199,,
Paul Lake,1997-08-18,6.0,,,,8.6
Paul Lake,1997-08-18,6.5,,,,7.8
Paul Lake,1997-08-18,7.0,,,,6.8
Paul Lake,1997-08-18,8.0,,,,5.8
Paul Lake,1997-08-18,9.0,1535.699,58.408,35.447,5.4
Paul Lake,1997-08-25,0.0,,13.697,,18.8
Paul Lake,1997-08-25,0.25,,,,
Paul Lake,1997-08-25,0.5,,,,18.1
Paul Lake,1997-08-25,0.72,,16.303,,
Paul Lake,1997-08-25,0.75,,,,
Paul Lake,1997-08-25,1.0,,,,18.1
Paul Lake,1997-08-25,1.5,,,,18.1
Paul Lake,1997-08-25,1.6,,10.713,,
Paul Lake,1997-08-25,2.0,,,,18.0
Paul Lake,1997-08-25,2.5,,,,18.0
Paul Lake,1997-08-25,3.0,,11.853,,18.0
Paul Lake,1997-08-25,3.5,,,,17.9
Paul Lake,1997-08-25,4.0,,,,17.6
Paul Lake,1997-08-25,4.1,,9.641,,
Paul Lake,1997-08-25,4.5,,,,15.1
Paul Lake,1997-08-25,5.0,,,,12.4
Paul Lake,1997-08-25,5.5,,,,10.4
Paul Lake,1997-08-25,6.0,,,,8.9
Paul Lake,1997-08-25,6.4,,14.005,,
Paul Lake,1997-08-25,6.5,,,,7.8
Paul Lake,1997-08-25,7.0,,,,6.9
Paul Lake,1997-08-25,8.0,,,,6.4
Paul Lake,1997-08-25,9.0,,67.193,,5.4
Paul Lake,1997-09-01,0.0,,7.419,,20.0
Paul Lake,1997-09-01,0.25,,,,
Paul Lake,1997-09-01,0.5,,,,20.0
Paul Lake,1997-09-01,0.75,,,,
Paul Lake,1997-09-01,0.8,,9.934,,
Paul Lake,1997-09-01,1.0,,,,19.9
Paul Lake,1997-09-01,1.5,,,,19.7
Paul Lake,1997-09-01,2.0,,,,19.5
Paul Lake,1997-09-01,2.5,,,,19.3
Paul Lake,1997-09-01,2.8,,11.631,,
Paul Lake,1997-09-01,3.0,,,,19.0
Paul Lake,1997-09-01,3.5,,11.383,,18.6
Paul Lake,1997-09-01,4.0,,,,17.6
Paul Lake,1997-09-01,4.5,,,,15.6
Paul Lake,1997-09-01,4.6,,13.242,,
Paul Lake,1997-09-01,5.0,,,,13.2
Paul Lake,1997-09-01,5.5,,,,11.0
Paul Lake,1997-09-01,6.0,,,,9.5
Paul Lake,1997-09-01,6.5,,,,8.1
Paul Lake,1997-09-01,6.6,,30.119,,
Paul Lake,1997-09-01,7.0,,,,7.2
Paul Lake,1997-09-01,8.0,,,,6.0
Paul Lake,1997-09-01,9.0,,58.582,,5.5
Paul Lake,1998-05-25,0.0,473.371,7.743,4.122,19.3
Paul Lake,1998-05-25,0.25,,,,
Paul Lake,1998-05-25,0.5,,,,19.1
Paul Lake,1998-05-25,0.75,,,,
Paul Lake,1998-05-25,0.8,473.371,8.778,3.752,
Paul Lake,1998-05-25,1.0,,,,19.0
Paul Lake,1998-05-25,1.5,473.371,5.063,5.148,18.8
Paul Lake,1998-05-25,2.0,,,,18.7
Paul Lake,1998-05-25,2.5,,,,17.2
Paul Lake,1998-05-25,2.8,,6.533,,
Paul Lake,1998-05-25,3.0,,,,14.0
Paul Lake,1998-05-25,3.5,,,,11.2
Paul Lake,1998-05-25,3.8,,6.561,,
Paul Lake,1998-05-25,4.0,,,,9.2
Paul Lake,1998-05-25,4.5,,,,7.5
Paul Lake,1998-05-25,4.6,,22.217,,
Paul Lake,1998-05-25,5.0,,,,6.4
Paul Lake,1998-05-25,5.5,,,,5.8
Paul Lake,1998-05-25,6.0,,,,5.7
Paul Lake,1998-05-25,6.5,,,,5.6
Paul Lake,1998-05-25,7.0,,,,5.6
Paul Lake,1998-05-25,8.0,,,,5.6
Paul Lake,1998-05-25,9.0,639.637,25.074,4.687,5.3
Paul Lake,1998-06-01,0.0,,13.105,,17.0
Paul Lake,1998-06-01,0.25,,,,
Paul Lake,1998-06-01,0.5,,11.161,,17.0
Paul Lake,1998-06-01,0.75,,,,
Paul Lake,1998-06-01,1.0,,,,16.9
Paul Lake,1998-06-01,1.2,,8.051,,
Paul Lake,1998-06-01,1.5,,,,16.9
Paul Lake,1998-06-01,2.0,,,,16.9
Paul Lake,1998-06-01,2.4,,7.701,,
Paul Lake,1998-06-01,2.5,,,,16.8
Paul Lake,1998-06-01,3.0,,,,15.7
Paul Lake,1998-06-01,3.4,,9.168,,
Paul Lake,1998-06-01,3.5,,,,11.8
Paul Lake,1998-06-01,4.0,,,,9.9
Paul Lake,1998-06-01,4.5,,23.972,,8.0
Paul Lake,1998-06-01,5.0,,,,6.5
Paul Lake,1998-06-01,5.5,,,,5.9
Paul Lake,1998-06-01,6.0,,,,5.9
Paul Lake,1998-06-01,6.5,,,,5.8
Paul Lake,1998-06-01,7.0,,,,5.8
Paul Lake,1998-06-01,8.0,,,,5.8
Paul Lake,1998-06-01,9.0,,34.886,,5.5
Paul Lake,1998-06-08,0.0,,10.723,,15.6
Paul Lake,1998-06-08,0.25,,,,
Paul Lake,1998-06-08,0.5,,,,15.5
Paul Lake,1998-06-08,0.75,,11.69,,
Paul Lake,1998-06-08,1.0,,,,15.3
Paul Lake,1998-06-08,1.5,,15.156,,15.2
Paul Lake,1998-06-08,2.0,,,,15.1
Paul Lake,1998-06-08,2.5,,,,15.0
Paul Lake,1998-06-08,2.7,,11.779,,
Paul Lake,1998-06-08,3.0,,,,14.7
Paul Lake,1998-06-08,3.5,,10.859,,13.5
Paul Lake,1998-06-08,4.0,,,,11.2
Paul Lake,1998-06-08,4.5,,,,8.2
Paul Lake,1998-06-08,4.8,,52.198,,
Paul Lake,1998-06-08,5.5,,,,6.2
Paul Lake,1998-06-08,6.0,,,,6.1
Paul Lake,1998-06-08,6.5,,,,6.1
Paul Lake,1998-06-08,7.0,,,,6.1
Paul Lake,1998-06-08,8.0,,,,6.1
Paul Lake,1998-06-08,9.0,,35.325,,5.7
Paul Lake,1998-06-15,0.0,,4.986,,20.4
Paul Lake,1998-06-15,0.25,,,,
Paul Lake,1998-06-15,0.5,,,,20.0
Paul Lake,1998-06-15,0.75,,,,
Paul Lake,1998-06-15,0.8,,3.953,,
Paul Lake,1998-06-15,1.0,,,,18.9
Paul Lake,1998-06-15,1.5,,,,17.6
Paul Lake,1998-06-15,1.6,,5.729,,
Paul Lake,1998-06-15,2.0,,,,16.7
Paul Lake,1998-06-15,2.5,,,,16.3
Paul Lake,1998-06-15,2.8,,6.576,,
Paul Lake,1998-06-15,3.0,,,,15.5
Paul Lake,1998-06-15,3.5,,,,14.0
Paul Lake,1998-06-15,3.6,,6.948,,
Paul Lake,1998-06-15,4.0,,,,11.5
Paul Lake,1998-06-15,4.5,,,,9.3
Paul Lake,1998-06-15,4.9,,17.807,,
Paul Lake,1998-06-15,5.5,,,,6.6
Paul Lake,1998-06-15,6.0,,,,6.4
Paul Lake,1998-06-15,6.5,,,,6.2
Paul Lake,1998-06-15,7.0,,,,6.2
Paul Lake,1998-06-15,8.0,,,,6.1
Paul Lake,1998-06-15,9.0,,32.777,,5.7
Paul Lake,1998-06-22,0.0,628.625,5.564,2.962,22.5
Paul Lake,1998-06-22,0.25,,,,
Paul Lake,1998-06-22,0.5,,,,22.5
Paul Lake,1998-06-22,0.7,628.625,6.623,2.008,
Paul Lake,1998-06-22,0.75,,,,
Paul Lake,1998-06-22,1.0,,,,22.3
Paul Lake,1998-06-22,1.2,628.625,3.991,3.334,
Paul Lake,1998-06-22,1.5,,,,22.0
Paul Lake,1998-06-22,2.0,,,,19.3
Paul Lake,1998-06-22,2.5,,,,18.2
Paul Lake,1998-06-22,2.7,,6.186,,
Paul Lake,1998-06-22,3.0,,,,16.1
Paul Lake,1998-06-22,3.5,,6.142,,14.4
Paul Lake,1998-06-22,4.0,,,,11.8
Paul Lake,1998-06-22,4.5,,,,9.7
Paul Lake,1998-06-22,4.9,,21.901,,
Paul Lake,1998-06-22,5.0,,,,7.5
Paul Lake,1998-06-22,5.5,,,,7.1
Paul Lake,1998-06-22,6.0,,,,6.7
Paul Lake,1998-06-22,6.5,,,,6.5
Paul Lake,1998-06-22,7.0,,,,6.2
Paul Lake,1998-06-22,8.0,,,,6.0
Paul Lake,1998-06-22,9.0,823.915,29.369,4.251,5.7
Paul Lake,1998-06-29,0.0,,11.781,,24.6
Paul Lake,1998-06-29,0.25,,,,
Paul Lake,1998-06-29,0.5,,,,24.6
Paul Lake,1998-06-29,0.7,,12.463,,
Paul Lake,1998-06-29,0.75,,,,
Paul Lake,1998-06-29,1.0,,,,24.4
Paul Lake,1998-06-29,1.5,,14.508,,24.2
Paul Lake,1998-06-29,2.0,,,,22.9
Paul Lake,1998-06-29,2.5,,,,19.7
Paul Lake,1998-06-29,2.8,,8.02,,
Paul Lake,1998-06-29,3.0,,,,17.6
Paul Lake,1998-06-29,3.5,,4.432,,15.4
Paul Lake,1998-06-29,4.0,,,,12.5
Paul Lake,1998-06-29,4.5,,,,10.4
Paul Lake,1998-06-29,5.0,,61.488,,8.4
Paul Lake,1998-06-29,5.5,,,,7.4
Paul Lake,1998-06-29,6.0,,,,6.9
Paul Lake,1998-06-29,6.5,,,,6.6
Paul Lake,1998-06-29,7.0,,,,6.3
Paul Lake,1998-06-29,8.0,,,,6.0
Paul Lake,1998-06-29,9.0,,60.728,,5.7
Paul Lake,1998-07-06,0.0,,17.292,,22.5
Paul Lake,1998-07-06,0.25,,,,
Paul Lake,1998-07-06,0.5,,,,22.5
Paul Lake,1998-07-06,0.7,,15.765,,
Paul Lake,1998-07-06,0.75,,,,
Paul Lake,1998-07-06,1.0,,,,22.5
Paul Lake,1998-07-06,1.5,,17.489,,22.5
Paul Lake,1998-07-06,2.0,,,,22.5
Paul Lake,1998-07-06,2.5,,,,21.9
Paul Lake,1998-07-06,3.0,,11.587,,19.4
Paul Lake,1998-07-06,3.4,,13.054,,
Paul Lake,1998-07-06,3.5,,,,16.3
Paul Lake,1998-07-06,4.0,,,,13.7
Paul Lake,1998-07-06,4.5,,,,11.3
Paul Lake,1998-07-06,5.0,,,,9.2
Paul Lake,1998-07-06,5.1,,61.29,,
Paul Lake,1998-07-06,5.5,,,,7.9
Paul Lake,1998-07-06,6.0,,,,7.2
Paul Lake,1998-07-06,6.5,,,,6.7
Paul Lake,1998-07-06,7.0,,,,6.4
Paul Lake,1998-07-06,8.0,,,,6.0
Paul Lake,1998-07-06,9.0,,35.533,,
Paul Lake,1998-07-13,0.0,,3.43,,24.7
Paul Lake,1998-07-13,0.25,,,,
Paul Lake,1998-07-13,0.5,,,,24.7
Paul Lake,1998-07-13,0.75,,,,
Paul Lake,1998-07-13,0.9,,3.469,,
Paul Lake,1998-07-13,1.0,,,,24.5
Paul Lake,1998-07-13,1.5,,,,24.4
Paul Lake,1998-07-13,1.7,,3.96,,
Paul Lake,1998-07-13,2.0,,,,23.7
Paul Lake,1998-07-13,2.5,,,,22.4
Paul Lake,1998-07-13,3.0,,5.297,,20.1
Paul Lake,1998-07-13,3.5,,,,16.8
Paul Lake,1998-07-13,3.8,,13.159,,
Paul Lake,1998-07-13,4.0,,,,14.1
Paul Lake,1998-07-13,4.5,,,,11.5
Paul Lake,1998-07-13,5.0,,,,9.4
Paul Lake,1998-07-13,5.2,,47.229,,
Paul Lake,1998-07-13,5.5,,,,8.0
Paul Lake,1998-07-13,6.0,,,,7.2
Paul Lake,1998-07-13,6.5,,,,6.7
Paul Lake,1998-07-13,7.0,,,,6.4
Paul Lake,1998-07-13,8.0,,,,5.9
Paul Lake,1998-07-13,9.0,,73.538,,
Paul Lake,1998-07-20,0.0,338.512,2.305,1.499,24.5
Paul Lake,1998-07-20,0.25,,,,
Paul Lake,1998-07-20,0.5,,,,24.4
Paul Lake,1998-07-20,0.75,338.512,2.303,2.387,
Paul Lake,1998-07-20,1.0,,,,24.3
Paul Lake,1998-07-20,1.5,338.512,0.861,0.231,24.3
Paul Lake,1998-07-20,2.0,,,,24.2
Paul Lake,1998-07-20,2.5,,,,23.6
Paul Lake,1998-07-20,2.7,,0.0,,
Paul Lake,1998-07-20,3.0,,,,21.1
Paul Lake,1998-07-20,3.5,,,,17.8
Paul Lake,1998-07-20,3.6,,0.0,,
Paul Lake,1998-07-20,4.0,,,,15.0
Paul Lake,1998-07-20,4.5,,,,12.3
Paul Lake,1998-07-20,5.0,,,,9.9
Paul Lake,1998-07-20,5.2,,27.73,,
Paul Lake,1998-07-20,5.5,,,,8.6
Paul Lake,1998-07-20,6.0,,,,7.6
Paul Lake,1998-07-20,6.5,,,,6.8
Paul Lake,1998-07-20,7.0,,,,6.5
Paul Lake,1998-07-20,8.0,,,,6.1
Paul Lake,1998-07-20,9.0,900.583,44.581,5.693,5.8
Paul Lake,1998-07-27,0.0,,8.548,,22.2
Paul Lake,1998-07-27,0.25,,,,
Paul Lake,1998-07-27,0.5,,,,22.2
Paul Lake,1998-07-27,0.6,,6.876,,
Paul Lake,1998-07-27,0.75,,,,
Paul Lake,1998-07-27,1.0,,,,22.1
Paul Lake,1998-07-27,1.4,,10.337,,
Paul Lake,1998-07-27,1.5,,,,22.1
Paul Lake,1998-07-27,2.0,,,,22.0
Paul Lake,1998-07-27,2.5,,11.291,,21.9
Paul Lake,1998-07-27,3.0,,,,21.5
Paul Lake,1998-07-27,3.4,,13.392,,
Paul Lake,1998-07-27,3.5,,,,19.0
Paul Lake,1998-07-27,4.0,,,,15.3
Paul Lake,1998-07-27,4.5,,,,12.6
Paul Lake,1998-07-27,5.0,,,,10.2
Paul Lake,1998-07-27,5.1,,42.969,,
Paul Lake,1998-07-27,5.5,,,,8.9
Paul Lake,1998-07-27,6.0,,,,7.8
Paul Lake,1998-07-27,6.5,,,,7.1
Paul Lake,1998-07-27,7.0,,,,6.7
Paul Lake,1998-07-27,8.0,,,,6.1
Paul Lake,1998-07-27,9.0,,78.775,,5.9
Paul Lake,1998-08-03,0.0,,9.115,,23.3
Paul Lake,1998-08-03,0.25,,,,
Paul Lake,1998-08-03,0.5,,,,23.3
Paul Lake,1998-08-03,0.75,,8.992,,
Paul Lake,1998-08-03,1.0,,,,23.2
Paul Lake,1998-08-03,1.5,,13.625,,23.0
Paul Lake,1998-08-03,2.0,,,,22.8
Paul Lake,1998-08-03,2.5,,,,22.4
Paul Lake,1998-08-03,2.9,,9.729,,
Paul Lake,1998-08-03,3.0,,,,21.8
Paul Lake,1998-08-03,3.5,,,,19.2
Paul Lake,1998-08-03,3.8,,14.184,,
Paul Lake,1998-08-03,4.0,,,,16.4
Paul Lake,1998-08-03,4.5,,,,13.1
Paul Lake,1998-08-03,5.0,,,,11.2
Paul Lake,1998-08-03,5.5,,,,9.3
Paul Lake,1998-08-03,5.6,,53.823,,
Paul Lake,1998-08-03,6.0,,,,7.9
Paul Lake,1998-08-03,6.5,,,,7.2
Paul Lake,1998-08-03,7.0,,,,6.7
Paul Lake,1998-08-03,8.0,,,,6.1
Paul Lake,1998-08-03,9.0,,47.023,,5.8
Paul Lake,1998-08-10,0.0,,10.133,,23.4
Paul Lake,1998-08-10,0.25,,,,
Paul Lake,1998-08-10,0.5,,,,23.4
Paul Lake,1998-08-10,0.75,,,,
Paul Lake,1998-08-10,0.8,,8.661,,
Paul Lake,1998-08-10,1.0,,,,23.4
Paul Lake,1998-08-10,1.5,,,,23.2
Paul Lake,1998-08-10,1.6,,10.801,,
Paul Lake,1998-08-10,2.0,,,,23.1
Paul Lake,1998-08-10,2.5,,,,22.8
Paul Lake,1998-08-10,2.9,,7.769,,
Paul Lake,1998-08-10,3.0,,,,21.9
Paul Lake,1998-08-10,3.5,,,,19.7
Paul Lake,1998-08-10,3.9,,10.141,,
Paul Lake,1998-08-10,4.0,,,,16.6
Paul Lake,1998-08-10,4.5,,,,13.9
Paul Lake,1998-08-10,5.0,,,,11.2
Paul Lake,1998-08-10,5.4,,45.602,,
Paul Lake,1998-08-10,5.5,,,,9.4
Paul Lake,1998-08-10,6.0,,,,8.0
Paul Lake,1998-08-10,6.5,,,,7.2
Paul Lake,1998-08-10,7.0,,,,6.6
Paul Lake,1998-08-10,8.0,,,,6.2
Paul Lake,1998-08-10,9.0,,46.411,,5.9
Paul Lake,1998-08-17,0.0,,6.466,,22.6
Paul Lake,1998-08-17,0.25,,,,
Paul Lake,1998-08-17,0.5,,,,22.6
Paul Lake,1998-08-17,0.75,,12.922,,
Paul Lake,1998-08-17,1.0,,,,22.6
Paul Lake,1998-08-17,1.5,,6.157,,22.6
Paul Lake,1998-08-17,2.0,,,,22.6
Paul Lake,1998-08-17,2.5,,,,22.6
Paul Lake,1998-08-17,2.9,,7.832,,
Paul Lake,1998-08-17,3.0,,,,22.3
Paul Lake,1998-08-17,3.5,,,,20.3
Paul Lake,1998-08-17,3.9,,15.383,,
Paul Lake,1998-08-17,4.0,,,,17.1
Paul Lake,1998-08-17,4.5,,,,14.1
Paul Lake,1998-08-17,5.0,,,,12.1
Paul Lake,1998-08-17,5.5,,,,9.9
Paul Lake,1998-08-17,5.6,,48.394,,
Paul Lake,1998-08-17,6.0,,,,8.5
Paul Lake,1998-08-17,6.5,,,,7.2
Paul Lake,1998-08-17,7.0,,,,7.0
Paul Lake,1998-08-17,8.0,,,,6.2
Paul Lake,1998-08-17,9.0,,51.263,,6.0
Paul Lake,1998-08-24,0.0,576.302,8.005,4.77,22.3
Paul Lake,1998-08-24,0.25,,,,
Paul Lake,1998-08-24,0.5,,,,22.3
Paul Lake,1998-08-24,0.7,576.302,5.289,1.551,
Paul Lake,1998-08-24,0.75,,,,
Paul Lake,1998-08-24,1.0,,,,22.3
Paul Lake,1998-08-24,1.5,576.302,7.882,0.848,22.3
Paul Lake,1998-08-24,2.0,,,,22.2
Paul Lake,1998-08-24,2.5,,,,22.2
Paul Lake,1998-08-24,2.8,,16.326,,
Paul Lake,1998-08-24,3.0,,,,22.0
Paul Lake,1998-08-24,3.5,,,,20.5
Paul Lake,1998-08-24,3.7,,13.697,,
Paul Lake,1998-08-24,4.0,,,,17.6
Paul Lake,1998-08-24,4.5,,,,15.0
Paul Lake,1998-08-24,5.0,,,,12.4
Paul Lake,1998-08-24,5.4,,38.012,,
Paul Lake,1998-08-24,5.5,,,,10.5
Paul Lake,1998-08-24,6.0,,,,8.8
Paul Lake,1998-08-24,6.5,,,,7.9
Paul Lake,1998-08-24,7.0,,,,7.0
Paul Lake,1998-08-24,8.0,,,,6.3
Paul Lake,1998-08-24,9.0,1048.653,50.417,3.234,6.0
Paul Lake,1998-08-29,0.0,,9.155,,22.5
Paul Lake,1998-08-29,0.25,,,,
Paul Lake,1998-08-29,0.5,,,,22.5
Paul Lake,1998-08-29,0.75,,,,
Paul Lake,1998-08-29,0.8,,10.932,,
Paul Lake,1998-08-29,1.0,,,,22.5
Paul Lake,1998-08-29,1.5,,,,22.5
Paul Lake,1998-08-29,1.8,,13.039,,
Paul Lake,1998-08-29,2.0,,,,22.4
Paul Lake,1998-08-29,2.5,,,,22.4
Paul Lake,1998-08-29,2.9,,6.615,,
Paul Lake,1998-08-29,3.0,,,,22.1
Paul Lake,1998-08-29,3.5,,,,21.2
Paul Lake,1998-08-29,3.7,,46.614,,
Paul Lake,1998-08-29,4.0,,,,17.7
Paul Lake,1998-08-29,4.5,,,,15.5
Paul Lake,1998-08-29,5.0,,,,12.5
Paul Lake,1998-08-29,5.5,,,,10.6
Paul Lake,1998-08-29,5.6,,49.736,,
Paul Lake,1998-08-29,6.0,,,,8.8
Paul Lake,1998-08-29,6.5,,,,7.6
Paul Lake,1998-08-29,7.0,,,,7.1
Paul Lake,1998-08-29,8.0,,,,6.5
Paul Lake,1998-08-29,9.0,,77.765,,6.1
Paul Lake,1999-05-24,0.0,340.252,8.806,1.106,14.3
Paul Lake,1999-05-24,0.25,,,,
Paul Lake,1999-05-24,0.5,,,,14.4
Paul Lake,1999-05-24,0.6,340.252,8.617,4.3,
Paul Lake,1999-05-24,0.75,,,,
Paul Lake,1999-05-24,1.0,,,,14.4
Paul Lake,1999-05-24,1.3,340.252,12.039,0.442,
Paul Lake,1999-05-24,1.5,,,,14.4
Paul Lake,1999-05-24,2.0,,,,14.3
Paul Lake,1999-05-24,2.5,,,,14.2
Paul Lake,1999-05-24,3.0,,,,11.1
Paul Lake,1999-05-24,3.2,,8.781,,
Paul Lake,1999-05-24,3.5,,,,9.8
Paul Lake,1999-05-24,3.7,,10.842,,
Paul Lake,1999-05-24,4.0,,,,8.2
Paul Lake,1999-05-24,4.5,,,,7.2
Paul Lake,1999-05-24,5.0,,,,6.5
Paul Lake,1999-05-24,5.5,,,,5.9
Paul Lake,1999-05-24,6.0,,34.043,,5.5
Paul Lake,1999-05-24,6.5,,,,5.2
Paul Lake,1999-05-24,7.0,,,,5.0
Paul Lake,1999-05-24,8.0,,,,4.9
Paul Lake,1999-05-24,9.0,1100.092,37.759,12.479,4.8
Paul Lake,1999-05-31,0.0,,,,21.0
Paul Lake,1999-05-31,0.25,,,,
Paul Lake,1999-05-31,0.5,,,,20.9
Paul Lake,1999-05-31,0.75,,,,
Paul Lake,1999-05-31,1.0,,,,19.9
Paul Lake,1999-05-31,1.5,,,,16.5
Paul Lake,1999-05-31,2.0,,,,15.0
Paul Lake,1999-05-31,2.5,,,,13.9
Paul Lake,1999-05-31,3.0,,,,12.8
Paul Lake,1999-05-31,3.5,,,,10.6
Paul Lake,1999-05-31,4.0,,,,8.9
Paul Lake,1999-05-31,4.5,,,,7.7
Paul Lake,1999-05-31,5.0,,,,6.8
Paul Lake,1999-05-31,5.5,,,,6.2
Paul Lake,1999-05-31,6.0,,,,5.7
Paul Lake,1999-05-31,6.5,,,,5.4
Paul Lake,1999-05-31,7.0,,,,5.2
Paul Lake,1999-05-31,8.0,,,,4.9
Paul Lake,1999-05-31,9.0,,,,4.9
Paul Lake,1999-06-07,0.0,,,,20.5
Paul Lake,1999-06-07,0.25,,,,
Paul Lake,1999-06-07,0.5,,,,20.2
Paul Lake,1999-06-07,0.75,,,,
Paul Lake,1999-06-07,1.0,,,,18.5
Paul Lake,1999-06-07,1.5,,,,16.4
Paul Lake,1999-06-07,2.0,,,,15.7
Paul Lake,1999-06-07,2.5,,,,15.1
Paul Lake,1999-06-07,3.0,,,,13.1
Paul Lake,1999-06-07,3.5,,,,10.9
Paul Lake,1999-06-07,4.0,,,,9.1
Paul Lake,1999-06-07,4.5,,,,7.9
Paul Lake,1999-06-07,5.0,,,,7.1
Paul Lake,1999-06-07,5.5,,,,6.2
Paul Lake,1999-06-07,6.0,,,,5.8
Paul Lake,1999-06-07,6.5,,,,5.5
Paul Lake,1999-06-07,7.0,,,,5.2
Paul Lake,1999-06-07,8.0,,,,5.0
Paul Lake,1999-06-07,9.0,,,,4.9
Paul Lake,1999-06-14,0.0,,,,20.8
Paul Lake,1999-06-14,0.25,,,,
Paul Lake,1999-06-14,0.5,,,,20.8
Paul Lake,1999-06-14,0.75,,,,
Paul Lake,1999-06-14,1.0,,,,20.8
Paul Lake,1999-06-14,1.5,,,,20.8
Paul Lake,1999-06-14,2.0,,,,18.1
Paul Lake,1999-06-14,2.5,,,,16.0
Paul Lake,1999-06-14,3.0,,,,13.9
Paul Lake,1999-06-14,3.5,,,,11.7
Paul Lake,1999-06-14,4.0,,,,10.1
Paul Lake,1999-06-14,4.5,,,,8.7
Paul Lake,1999-06-14,5.0,,,,7.5
Paul Lake,1999-06-14,5.5,,,,6.8
Paul Lake,1999-06-14,6.0,,,,6.1
Paul Lake,1999-06-14,6.5,,,,5.6
Paul Lake,1999-06-14,7.0,,,,5.5
Paul Lake,1999-06-14,8.0,,,,5.1
Paul Lake,1999-06-14,9.0,,,,5.1
Paul Lake,1999-06-14,10.0,,,,5.0
Paul Lake,1999-06-21,0.0,393.202,15.827,0.75,20.0
Paul Lake,1999-06-21,0.25,,,,
Paul Lake,1999-06-21,0.5,,,,20.0
Paul Lake,1999-06-21,0.7,393.202,10.372,0.684,
Paul Lake,1999-06-21,0.75,,,,
Paul Lake,1999-06-21,1.0,,,,20.0
Paul Lake,1999-06-21,1.5,,,,19.9
Paul Lake,1999-06-21,1.6,393.202,9.75,0.451,
Paul Lake,1999-06-21,2.0,,,,19.1
Paul Lake,1999-06-21,2.4,,16.518,,
Paul Lake,1999-06-21,2.5,,,,17.7
Paul Lake,1999-06-21,3.0,,,,15.1
Paul Lake,1999-06-21,3.4,,17.512,,
Paul Lake,1999-06-21,3.5,,,,12.8
Paul Lake,1999-06-21,4.0,,,,10.8
Paul Lake,1999-06-21,4.5,,,,9.0
Paul Lake,1999-06-21,5.0,,,,8.0
Paul Lake,1999-06-21,5.5,,,,6.8
Paul Lake,1999-06-21,5.6,,18.281,,
Paul Lake,1999-06-21,6.0,,,,6.5
Paul Lake,1999-06-21,6.5,,,,6.9
Paul Lake,1999-06-21,7.0,,,,5.5
Paul Lake,1999-06-21,8.0,,,,5.3
Paul Lake,1999-06-21,9.0,1359.99,75.189,12.186,5.1
Paul Lake,1999-06-28,0.0,,,,22.8
Paul Lake,1999-06-28,0.25,,,,
Paul Lake,1999-06-28,0.5,,,,22.9
Paul Lake,1999-06-28,0.75,,,,
Paul Lake,1999-06-28,1.0,,,,22.9
Paul Lake,1999-06-28,1.5,,,,22.7
Paul Lake,1999-06-28,2.0,,,,21.0
Paul Lake,1999-06-28,2.5,,,,18.2
Paul Lake,1999-06-28,3.0,,,,15.9
Paul Lake,1999-06-28,3.5,,,,13.0
Paul Lake,1999-06-28,4.0,,,,10.8
Paul Lake,1999-06-28,4.5,,,,9.4
Paul Lake,1999-06-28,5.0,,,,8.1
Paul Lake,1999-06-28,5.5,,,,7.1
Paul Lake,1999-06-28,6.0,,,,6.5
Paul Lake,1999-06-28,6.5,,,,6.0
Paul Lake,1999-06-28,7.0,,,,5.7
Paul Lake,1999-06-28,8.0,,,,5.3
Paul Lake,1999-06-28,9.0,,,,5.1
Paul Lake,1999-07-05,0.0,,,,24.7
Paul Lake,1999-07-05,0.25,,,,
Paul Lake,1999-07-05,0.5,,,,24.6
Paul Lake,1999-07-05,0.75,,,,
Paul Lake,1999-07-05,1.0,,,,23.2
Paul Lake,1999-07-05,1.5,,,,22.1
Paul Lake,1999-07-05,2.0,,,,21.0
Paul Lake,1999-07-05,2.5,,,,19.5
Paul Lake,1999-07-05,3.0,,,,16.6
Paul Lake,1999-07-05,3.5,,,,13.7
Paul Lake,1999-07-05,4.0,,,,11.8
Paul Lake,1999-07-05,4.5,,,,9.7
Paul Lake,1999-07-05,5.0,,,,8.6
Paul Lake,1999-07-05,5.5,,,,7.5
Paul Lake,1999-07-05,6.0,,,,6.5
Paul Lake,1999-07-05,6.5,,,,6.2
Paul Lake,1999-07-05,7.0,,,,6.0
Paul Lake,1999-07-05,8.0,,,,5.5
Paul Lake,1999-07-05,9.0,,,,5.2
Paul Lake,1999-07-12,0.0,,,,21.5
Paul Lake,1999-07-12,0.25,,,,
Paul Lake,1999-07-12,0.5,,,,21.4
Paul Lake,1999-07-12,0.75,,,,
Paul Lake,1999-07-12,1.0,,,,21.2
Paul Lake,1999-07-12,1.5,,,,20.7
Paul Lake,1999-07-12,2.0,,,,19.9
Paul Lake,1999-07-12,2.5,,,,19.5
Paul Lake,1999-07-12,3.0,,,,17.8
Paul Lake,1999-07-12,3.5,,,,14.5
Paul Lake,1999-07-12,4.0,,,,12.3
Paul Lake,1999-07-12,4.5,,,,10.0
Paul Lake,1999-07-12,5.0,,,,8.7
Paul Lake,1999-07-12,5.5,,,,7.7
Paul Lake,1999-07-12,6.0,,,,6.8
Paul Lake,1999-07-12,6.5,,,,6.3
Paul Lake,1999-07-12,7.0,,,,6.1
Paul Lake,1999-07-12,8.0,,,,5.5
Paul Lake,1999-07-12,9.0,,,,5.3
Paul Lake,1999-07-19,0.0,355.795,5.253,3.13,23.8
Paul Lake,1999-07-19,0.25,,,,
Paul Lake,1999-07-19,0.5,,,,23.8
Paul Lake,1999-07-19,0.6,355.795,17.498,1.184,
Paul Lake,1999-07-19,0.75,,,,
Paul Lake,1999-07-19,1.0,,,,23.7
Paul Lake,1999-07-19,1.4,355.795,14.399,2.025,
Paul Lake,1999-07-19,1.5,,,,23.6
Paul Lake,1999-07-19,2.0,,,,22.4
Paul Lake,1999-07-19,2.3,,7.253,,
Paul Lake,1999-07-19,2.5,,,,20.4
Paul Lake,1999-07-19,3.0,,8.73,,18.3
Paul Lake,1999-07-19,3.5,,,,15.4
Paul Lake,1999-07-19,4.0,,,,12.9
Paul Lake,1999-07-19,4.5,,,,10.7
Paul Lake,1999-07-19,4.9,,10.007,,
Paul Lake,1999-07-19,5.0,,,,9.1
Paul Lake,1999-07-19,5.5,,,,7.9
Paul Lake,1999-07-19,6.0,,,,7.1
Paul Lake,1999-07-19,6.5,,,,6.5
Paul Lake,1999-07-19,7.0,,,,6.0
Paul Lake,1999-07-19,8.0,,,,5.4
Paul Lake,1999-07-19,9.0,1657.376,72.473,15.817,5.2
Paul Lake,1999-07-26,0.0,,,,26.3
Paul Lake,1999-07-26,0.25,,,,
Paul Lake,1999-07-26,0.5,,,,26.3
Paul Lake,1999-07-26,0.75,,,,
Paul Lake,1999-07-26,1.0,,,,26.3
Paul Lake,1999-07-26,1.5,,,,26.2
Paul Lake,1999-07-26,2.0,,,,24.7
Paul Lake,1999-07-26,2.5,,,,22.2
Paul Lake,1999-07-26,3.0,,,,19.5
Paul Lake,1999-07-26,3.5,,,,16.4
Paul Lake,1999-07-26,4.0,,,,13.6
Paul Lake,1999-07-26,4.5,,,,11.3
Paul Lake,1999-07-26,5.0,,,,9.3
Paul Lake,1999-07-26,5.5,,,,8.2
Paul Lake,1999-07-26,6.0,,,,7.5
Paul Lake,1999-07-26,6.5,,,,6.8
Paul Lake,1999-07-26,7.0,,,,6.3
Paul Lake,1999-07-26,8.0,,,,5.7
Paul Lake,1999-07-26,9.0,,,,5.4
Paul Lake,1999-08-02,0.0,,,,24.2
Paul Lake,1999-08-02,0.25,,,,
Paul Lake,1999-08-02,0.5,,,,24.2
Paul Lake,1999-08-02,0.75,,,,
Paul Lake,1999-08-02,1.0,,,,24.2
Paul Lake,1999-08-02,1.5,,,,24.1
Paul Lake,1999-08-02,2.0,,,,24.1
Paul Lake,1999-08-02,2.5,,,,23.9
Paul Lake,1999-08-02,3.0,,,,20.6
Paul Lake,1999-08-02,3.5,,,,17.4
Paul Lake,1999-08-02,4.0,,,,14.3
Paul Lake,1999-08-02,4.5,,,,11.8
Paul Lake,1999-08-02,5.0,,,,10.0
Paul Lake,1999-08-02,5.5,,,,8.7
Paul Lake,1999-08-02,6.0,,,,7.5
Paul Lake,1999-08-02,6.5,,,,6.8
Paul Lake,1999-08-02,7.0,,,,6.3
Paul Lake,1999-08-02,8.0,,,,5.7
Paul Lake,1999-08-02,9.0,,,,5.4
Paul Lake,1999-08-09,0.0,,,,21.7
Paul Lake,1999-08-09,0.25,,,,
Paul Lake,1999-08-09,0.5,,,,21.7
Paul Lake,1999-08-09,0.75,,,,
Paul Lake,1999-08-09,1.0,,,,21.7
Paul Lake,1999-08-09,1.5,,,,21.8
Paul Lake,1999-08-09,2.0,,,,21.8
Paul Lake,1999-08-09,2.5,,,,21.7
Paul Lake,1999-08-09,3.0,,,,21.4
Paul Lake,1999-08-09,3.5,,,,18.4
Paul Lake,1999-08-09,4.0,,,,15.0
Paul Lake,1999-08-09,4.5,,,,12.4
Paul Lake,1999-08-09,5.0,,,,10.3
Paul Lake,1999-08-09,5.5,,,,8.9
Paul Lake,1999-08-09,6.0,,,,7.7
Paul Lake,1999-08-09,6.5,,,,7.1
Paul Lake,1999-08-09,7.0,,,,6.5
Paul Lake,1999-08-09,8.0,,,,5.7
Paul Lake,1999-08-09,9.0,,,,5.4
Paul Lake,1999-08-16,0.0,395.547,11.063,0.02,20.7
Paul Lake,1999-08-16,0.25,,,,
Paul Lake,1999-08-16,0.5,395.547,6.25,0.712,20.7
Paul Lake,1999-08-16,0.75,,,,
Paul Lake,1999-08-16,1.0,,,,20.7
Paul Lake,1999-08-16,1.3,395.547,12.636,0.975,
Paul Lake,1999-08-16,1.5,,,,20.7
Paul Lake,1999-08-16,2.0,,,,20.6
Paul Lake,1999-08-16,2.5,,,,20.4
Paul Lake,1999-08-16,2.8,,6.086,,
Paul Lake,1999-08-16,3.0,,,,20.1
Paul Lake,1999-08-16,3.5,,,,19.1
Paul Lake,1999-08-16,3.8,,8.711,,
Paul Lake,1999-08-16,4.0,,,,15.9
Paul Lake,1999-08-16,4.5,,,,13.6
Paul Lake,1999-08-16,5.0,,,,10.7
Paul Lake,1999-08-16,5.5,,,,9.5
Paul Lake,1999-08-16,5.8,,13.769,,
Paul Lake,1999-08-16,6.0,,,,8.1
Paul Lake,1999-08-16,6.5,,,,7.2
Paul Lake,1999-08-16,7.0,,,,6.5
Paul Lake,1999-08-16,8.0,,,,5.8
Paul Lake,1999-08-16,9.0,1925.169,63.201,15.331,
Paul Lake,1999-08-23,0.0,,,,21.3
Paul Lake,1999-08-23,0.25,,,,
Paul Lake,1999-08-23,0.5,,,,21.3
Paul Lake,1999-08-23,0.75,,,,
Paul Lake,1999-08-23,1.0,,,,21.3
Paul Lake,1999-08-23,1.5,,,,21.2
Paul Lake,1999-08-23,2.0,,,,21.1
Paul Lake,1999-08-23,2.5,,,,20.8
Paul Lake,1999-08-23,3.0,,,,20.4
Paul Lake,1999-08-23,3.5,,,,19.1
Paul Lake,1999-08-23,4.0,,,,16.8
Paul Lake,1999-08-23,4.5,,,,14.2
Paul Lake,1999-08-23,5.0,,,,11.7
Paul Lake,1999-08-23,5.5,,,,9.7
Paul Lake,1999-08-23,6.0,,,,8.5
Paul Lake,1999-08-23,6.5,,,,7.7
Paul Lake,1999-08-23,7.0,,,,6.7
Paul Lake,1999-08-23,8.0,,,,5.9
Paul Lake,1999-08-23,9.0,,,,5.5
Paul Lake,1999-08-29,0.0,,,,21.9
Paul Lake,1999-08-29,0.25,,,,
Paul Lake,1999-08-29,0.5,,,,22.0
Paul Lake,1999-08-29,0.75,,,,
Paul Lake,1999-08-29,1.0,,,,22.0
Paul Lake,1999-08-29,1.5,,,,22.0
Paul Lake,1999-08-29,2.0,,,,22.0
Paul Lake,1999-08-29,2.5,,,,21.9
Paul Lake,1999-08-29,3.0,,,,21.0
Paul Lake,1999-08-29,3.5,,,,19.3
Paul Lake,1999-08-29,4.0,,,,17.5
Paul Lake,1999-08-29,4.5,,,,14.4
Paul Lake,1999-08-29,5.0,,,,11.9
Paul Lake,1999-08-29,5.5,,,,10.1
Paul Lake,1999-08-29,6.0,,,,8.7
Paul Lake,1999-08-29,6.5,,,,7.7
Paul Lake,1999-08-29,7.0,,,,7.1
Paul Lake,1999-08-29,8.0,,,,6.1
Paul Lake,1999-08-29,9.0,,,,5.7
Paul Lake,2000-05-24,0.0,,,,16.7
Paul Lake,2000-05-24,0.25,,,,
Paul Lake,2000-05-24,0.5,,,,16.7
Paul Lake,2000-05-24,0.75,,,,
Paul Lake,2000-05-24,1.0,,,,16.7
Paul Lake,2000-05-24,1.5,,,,16.4
Paul Lake,2000-05-24,2.0,,,,15.4
Paul Lake,2000-05-24,2.5,,,,13.2
Paul Lake,2000-05-24,3.0,,,,10.6
Paul Lake,2000-05-24,3.5,,,,8.4
Paul Lake,2000-05-24,4.0,,,,7.2
Paul Lake,2000-05-24,4.5,,,,6.1
Paul Lake,2000-05-24,5.0,,,,5.5
Paul Lake,2000-05-24,5.5,,,,5.4
Paul Lake,2000-05-24,6.0,,,,5.0
Paul Lake,2000-05-24,6.5,,,,4.9
Paul Lake,2000-05-24,7.0,,,,4.9
Paul Lake,2000-05-24,8.0,,,,4.9
Paul Lake,2000-05-24,9.0,,,,4.8
Paul Lake,2000-06-26,0.0,,,,20.3
Paul Lake,2000-06-26,0.25,,,,
Paul Lake,2000-06-26,0.5,,,,20.3
Paul Lake,2000-06-26,0.75,,,,
Paul Lake,2000-06-26,1.0,,,,20.3
Paul Lake,2000-06-26,1.5,,,,19.9
Paul Lake,2000-06-26,2.0,,,,19.3
Paul Lake,2000-06-26,2.5,,,,18.1
Paul Lake,2000-06-26,3.0,,,,16.3
Paul Lake,2000-06-26,3.5,,,,13.0
Paul Lake,2000-06-26,4.0,,,,10.9
Paul Lake,2000-06-26,4.5,,,,8.5
Paul Lake,2000-06-26,5.0,,,,7.3
Paul Lake,2000-06-26,5.5,,,,6.6
Paul Lake,2000-06-26,6.0,,,,5.9
Paul Lake,2000-06-26,6.5,,,,5.7
Paul Lake,2000-06-26,7.0,,,,5.5
Paul Lake,2000-06-26,8.0,,,,5.5
Paul Lake,2000-06-26,9.0,,,,5.5
Paul Lake,2000-06-26,10.0,,,,5.4
Paul Lake,2000-06-26,11.0,,,,5.3
Paul Lake,2000-06-26,11.5,,,,5.3
Paul Lake,2000-07-24,0.0,,,,19.9
Paul Lake,2000-07-24,0.25,,,,
Paul Lake,2000-07-24,0.5,,,,19.9
Paul Lake,2000-07-24,0.75,,,,
Paul Lake,2000-07-24,1.0,,,,19.8
Paul Lake,2000-07-24,1.5,,,,19.7
Paul Lake,2000-07-24,2.0,,,,19.6
Paul Lake,2000-07-24,2.5,,,,19.3
Paul Lake,2000-07-24,3.0,,,,17.6
Paul Lake,2000-07-24,3.5,,,,14.9
Paul Lake,2000-07-24,4.0,,,,12.1
Paul Lake,2000-07-24,4.5,,,,9.8
Paul Lake,2000-07-24,5.0,,,,8.4
Paul Lake,2000-07-24,5.5,,,,7.1
Paul Lake,2000-07-24,6.0,,,,6.5
Paul Lake,2000-07-24,6.5,,,,6.0
Paul Lake,2000-07-24,7.0,,,,5.7
Paul Lake,2000-07-24,8.0,,,,5.6
Paul Lake,2000-07-24,9.0,,,,5.5
Paul Lake,2000-07-24,10.0,,,,5.4
Paul Lake,2000-07-24,11.0,,,,5.4
Paul Lake,2000-08-21,0.0,,,,20.0
Paul Lake,2000-08-21,0.25,,,,
Paul Lake,2000-08-21,0.5,,,,20.2
Paul Lake,2000-08-21,0.75,,,,
Paul Lake,2000-08-21,1.0,,,,20.2
Paul Lake,2000-08-21,1.5,,,,20.2
Paul Lake,2000-08-21,2.0,,,,20.2
Paul Lake,2000-08-21,2.5,,,,20.2
Paul Lake,2000-08-21,3.0,,,,19.8
Paul Lake,2000-08-21,3.5,,,,17.3
Paul Lake,2000-08-21,4.0,,,,13.9
Paul Lake,2000-08-21,4.5,,,,11.6
Paul Lake,2000-08-21,5.0,,,,10.2
Paul Lake,2000-08-21,5.5,,,,8.5
Paul Lake,2000-08-21,6.0,,,,7.4
Paul Lake,2000-08-21,6.5,,,,6.7
Paul Lake,2000-08-21,7.0,,,,6.3
Paul Lake,2000-08-21,8.0,,,,5.9
Paul Lake,2000-08-21,9.0,,,,5.7
Paul Lake,2001-05-28,0.0,,,,14.3
Paul Lake,2001-05-28,0.25,,,,
Paul Lake,2001-05-28,0.5,,,,14.3
Paul Lake,2001-05-28,0.75,,,,
Paul Lake,2001-05-28,1.0,,,,14.3
Paul Lake,2001-05-28,1.5,,,,14.2
Paul Lake,2001-05-28,2.0,,,,14.1
Paul Lake,2001-05-28,2.5,,,,13.9
Paul Lake,2001-05-28,3.0,,,,11.2
Paul Lake,2001-05-28,3.5,,,,9.1
Paul Lake,2001-05-28,4.0,,,,7.8
Paul Lake,2001-05-28,4.5,,,,6.8
Paul Lake,2001-05-28,5.0,,,,5.8
Paul Lake,2001-05-28,5.5,,,,5.4
Paul Lake,2001-05-28,6.0,,,,5.2
Paul Lake,2001-05-28,6.5,,,,5.0
Paul Lake,2001-05-28,7.0,,,,4.9
Paul Lake,2001-05-28,8.0,,,,4.8
Paul Lake,2001-05-28,9.0,,,,4.8
Paul Lake,2001-05-28,10.0,,,,4.8
Paul Lake,2001-05-28,,364.7116812,12.00205331,,
Paul Lake,2001-06-04,0.0,,,,13.6
Paul Lake,2001-06-04,0.25,,,,
Paul Lake,2001-06-04,0.5,,,,13.6
Paul Lake,2001-06-04,0.75,,,,
Paul Lake,2001-06-04,1.0,,,,13.5
Paul Lake,2001-06-04,1.5,,,,13.5
Paul Lake,2001-06-04,2.0,,,,13.4
Paul Lake,2001-06-04,2.5,,,,13.4
Paul Lake,2001-06-04,3.0,,,,13.2
Paul Lake,2001-06-04,3.5,,,,10.2
Paul Lake,2001-06-04,4.0,,,,8.3
Paul Lake,2001-06-04,4.5,,,,7.2
Paul Lake,2001-06-04,5.0,,,,6.4
Paul Lake,2001-06-04,5.5,,,,5.8
Paul Lake,2001-06-04,6.0,,,,5.4
Paul Lake,2001-06-04,6.5,,,,5.2
Paul Lake,2001-06-04,7.0,,,,5.1
Paul Lake,2001-06-04,8.0,,,,4.9
Paul Lake,2001-06-04,9.0,,,,4.8
Paul Lake,2001-06-04,,332.8062276,8.234097186,,
Paul Lake,2001-06-11,0.0,,,,20.0
Paul Lake,2001-06-11,0.25,,,,
Paul Lake,2001-06-11,0.5,,,,19.8
Paul Lake,2001-06-11,0.75,,,,
Paul Lake,2001-06-11,1.0,,,,19.5
Paul Lake,2001-06-11,1.5,,,,17.9
Paul Lake,2001-06-11,2.0,,,,16.4
Paul Lake,2001-06-11,2.5,,,,15.2
Paul Lake,2001-06-11,3.0,,,,13.6
Paul Lake,2001-06-11,3.5,,,,11.5
Paul Lake,2001-06-11,4.0,,,,9.3
Paul Lake,2001-06-11,4.5,,,,7.8
Paul Lake,2001-06-11,5.0,,,,6.7
Paul Lake,2001-06-11,5.5,,,,6.1
Paul Lake,2001-06-11,6.0,,,,5.8
Paul Lake,2001-06-11,6.5,,,,5.5
Paul Lake,2001-06-11,7.0,,,,5.2
Paul Lake,2001-06-11,8.0,,,,5.0
Paul Lake,2001-06-11,9.0,,,,4.9
Paul Lake,2001-06-11,10.0,,,,4.9
Paul Lake,2001-06-11,11.0,,,,4.9
Paul Lake,2001-06-11,,346.8394393,11.65951185,,
Paul Lake,2001-06-18,0.0,,,,20.1
Paul Lake,2001-06-18,0.25,,,,
Paul Lake,2001-06-18,0.5,,,,20.1
Paul Lake,2001-06-18,0.75,,,,
Paul Lake,2001-06-18,1.0,,,,20.1
Paul Lake,2001-06-18,1.5,,,,20.0
Paul Lake,2001-06-18,2.0,,,,18.7
Paul Lake,2001-06-18,2.5,,,,16.3
Paul Lake,2001-06-18,3.0,,,,14.3
Paul Lake,2001-06-18,3.5,,,,11.9
Paul Lake,2001-06-18,4.0,,,,9.9
Paul Lake,2001-06-18,4.5,,,,8.4
Paul Lake,2001-06-18,5.0,,,,7.2
Paul Lake,2001-06-18,5.5,,,,6.3
Paul Lake,2001-06-18,6.0,,,,5.9
Paul Lake,2001-06-18,6.5,,,,5.5
Paul Lake,2001-06-18,7.0,,,,5.3
Paul Lake,2001-06-18,8.0,,,,5.1
Paul Lake,2001-06-18,9.0,,,,4.9
Paul Lake,2001-06-18,10.0,,,,4.9
Paul Lake,2001-06-18,11.0,,,,4.9
Paul Lake,2001-06-18,12.0,,,,4.9
Paul Lake,2001-06-18,,385.2427109,10.11807525,,
Paul Lake,2001-06-25,0.0,,,,21.5
Paul Lake,2001-06-25,0.25,,,,
Paul Lake,2001-06-25,0.5,,,,21.4
Paul Lake,2001-06-25,0.75,,,,
Paul Lake,2001-06-25,1.0,,,,21.1
Paul Lake,2001-06-25,1.5,,,,21.0
Paul Lake,2001-06-25,2.0,,,,19.7
Paul Lake,2001-06-25,2.5,,,,17.9
Paul Lake,2001-06-25,3.0,,,,14.9
Paul Lake,2001-06-25,3.5,,,,12.7
Paul Lake,2001-06-25,4.0,,,,10.5
Paul Lake,2001-06-25,4.5,,,,8.7
Paul Lake,2001-06-25,5.0,,,,7.4
Paul Lake,2001-06-25,5.5,,,,6.8
Paul Lake,2001-06-25,6.0,,,,6.1
Paul Lake,2001-06-25,6.5,,,,5.8
Paul Lake,2001-06-25,7.0,,,,5.4
Paul Lake,2001-06-25,8.0,,,,5.1
Paul Lake,2001-06-25,9.0,,,,5.0
Paul Lake,2001-06-25,10.0,,,,5.0
Paul Lake,2001-06-25,11.0,,,,4.9
Paul Lake,2001-06-25,,347.9548332,9.432992317,,
Paul Lake,2001-07-02,0.0,,,,21.8
Paul Lake,2001-07-02,0.25,,,,
Paul Lake,2001-07-02,0.5,,,,21.8
Paul Lake,2001-07-02,0.75,,,,
Paul Lake,2001-07-02,1.0,,,,21.8
Paul Lake,2001-07-02,1.5,,,,21.7
Paul Lake,2001-07-02,2.0,,,,21.4
Paul Lake,2001-07-02,2.5,,,,19.5
Paul Lake,2001-07-02,3.0,,,,16.1
Paul Lake,2001-07-02,3.5,,,,13.4
Paul Lake,2001-07-02,4.0,,,,11.1
Paul Lake,2001-07-02,4.5,,,,9.5
Paul Lake,2001-07-02,5.0,,,,7.9
Paul Lake,2001-07-02,5.5,,,,6.9
Paul Lake,2001-07-02,6.0,,,,6.4
Paul Lake,2001-07-02,6.5,,,,5.9
Paul Lake,2001-07-02,7.0,,,,5.5
Paul Lake,2001-07-02,8.0,,,,5.2
Paul Lake,2001-07-02,9.0,,,,5.0
Paul Lake,2001-07-02,10.0,,,,5.0
Paul Lake,2001-07-02,11.0,,,,5.0
Paul Lake,2001-07-02,,368.3302266,8.405367919,,
Paul Lake,2001-07-09,0.0,,,,22.8
Paul Lake,2001-07-09,0.25,,,,
Paul Lake,2001-07-09,0.5,,,,22.7
Paul Lake,2001-07-09,0.75,,,,
Paul Lake,2001-07-09,1.0,,,,22.5
Paul Lake,2001-07-09,1.5,,,,21.7
Paul Lake,2001-07-09,2.0,,,,21.1
Paul Lake,2001-07-09,2.5,,,,19.9
Paul Lake,2001-07-09,3.0,,,,17.3
Paul Lake,2001-07-09,3.5,,,,13.9
Paul Lake,2001-07-09,4.0,,,,11.8
Paul Lake,2001-07-09,4.5,,,,9.7
Paul Lake,2001-07-09,5.0,,,,8.3
Paul Lake,2001-07-09,5.5,,,,7.2
Paul Lake,2001-07-09,6.0,,,,6.5
Paul Lake,2001-07-09,6.5,,,,6.1
Paul Lake,2001-07-09,7.0,,,,5.6
Paul Lake,2001-07-09,8.0,,,,5.2
Paul Lake,2001-07-09,9.0,,,,5.1
Paul Lake,2001-07-09,,469.960769,13.71476064,,
Paul Lake,2001-07-16,0.0,,,,23.9
Paul Lake,2001-07-16,0.25,,,,
Paul Lake,2001-07-16,0.5,,,,23.9
Paul Lake,2001-07-16,0.75,,,,
Paul Lake,2001-07-16,1.0,,,,23.8
Paul Lake,2001-07-16,1.5,,,,23.7
Paul Lake,2001-07-16,2.0,,,,23.1
Paul Lake,2001-07-16,2.5,,,,21.1
Paul Lake,2001-07-16,3.0,,,,18.5
Paul Lake,2001-07-16,3.5,,,,14.9
Paul Lake,2001-07-16,4.0,,,,12.2
Paul Lake,2001-07-16,4.5,,,,10.1
Paul Lake,2001-07-16,5.0,,,,8.9
Paul Lake,2001-07-16,5.5,,,,7.4
Paul Lake,2001-07-16,6.0,,,,6.8
Paul Lake,2001-07-16,6.5,,,,6.2
Paul Lake,2001-07-16,7.0,,,,5.7
Paul Lake,2001-07-16,8.0,,,,5.3
Paul Lake,2001-07-16,9.0,,,,5.1
Paul Lake,2001-07-16,10.0,,,,5.1
Paul Lake,2001-07-16,11.0,,,,5.1
Paul Lake,2001-07-16,12.0,,,,5.1
Paul Lake,2001-07-16,,399.859559,8.919180118,,
Paul Lake,2001-07-23,0.0,,,,26.9
Paul Lake,2001-07-23,0.25,,,,
Paul Lake,2001-07-23,0.5,,,,26.9
Paul Lake,2001-07-23,0.75,,,,
Paul Lake,2001-07-23,1.0,,,,26.9
Paul Lake,2001-07-23,1.5,,,,26.5
Paul Lake,2001-07-23,2.0,,,,25.0
Paul Lake,2001-07-23,2.5,,,,22.5
Paul Lake,2001-07-23,3.0,,,,19.1
Paul Lake,2001-07-23,3.5,,,,15.7
Paul Lake,2001-07-23,4.0,,,,12.9
Paul Lake,2001-07-23,4.5,,,,10.8
Paul Lake,2001-07-23,5.0,,,,9.0
Paul Lake,2001-07-23,5.5,,,,7.9
Paul Lake,2001-07-23,6.0,,,,7.0
Paul Lake,2001-07-23,6.5,,,,6.3
Paul Lake,2001-07-23,7.0,,,,5.9
Paul Lake,2001-07-23,8.0,,,,5.3
Paul Lake,2001-07-23,9.0,,,,5.2
Paul Lake,2001-07-23,10.0,,,,5.1
Paul Lake,2001-07-23,11.0,,,,5.1
Paul Lake,2001-07-23,,415.8771342,10.11807525,,
Paul Lake,2001-07-30,0.0,,,,21.9
Paul Lake,2001-07-30,0.25,,,,
Paul Lake,2001-07-30,0.5,,,,21.9
Paul Lake,2001-07-30,0.75,,,,
Paul Lake,2001-07-30,1.0,,,,21.9
Paul Lake,2001-07-30,1.5,,,,21.9
Paul Lake,2001-07-30,2.0,,,,21.9
Paul Lake,2001-07-30,2.5,,,,21.7
Paul Lake,2001-07-30,3.0,,,,19.9
Paul Lake,2001-07-30,3.5,,,,16.5
Paul Lake,2001-07-30,4.0,,,,13.4
Paul Lake,2001-07-30,4.5,,,,11.7
Paul Lake,2001-07-30,5.0,,,,9.1
Paul Lake,2001-07-30,5.5,,,,8.1
Paul Lake,2001-07-30,6.0,,,,7.1
Paul Lake,2001-07-30,6.5,,,,6.5
Paul Lake,2001-07-30,7.0,,,,6.0
Paul Lake,2001-07-30,8.0,,,,5.5
Paul Lake,2001-07-30,9.0,,,,5.2
Paul Lake,2001-07-30,10.0,,,,5.1
Paul Lake,2001-07-30,,469.9348296,10.28934598,,
Paul Lake,2001-08-06,0.0,,,,26.7
Paul Lake,2001-08-06,0.25,,,,
Paul Lake,2001-08-06,0.5,,,,26.7
Paul Lake,2001-08-06,0.75,,,,
Paul Lake,2001-08-06,1.0,,,,26.5
Paul Lake,2001-08-06,1.5,,,,25.1
Paul Lake,2001-08-06,2.0,,,,23.9
Paul Lake,2001-08-06,2.5,,,,22.7
Paul Lake,2001-08-06,3.0,,,,20.7
Paul Lake,2001-08-06,3.5,,,,17.4
Paul Lake,2001-08-06,4.0,,,,14.4
Paul Lake,2001-08-06,4.5,,,,11.6
Paul Lake,2001-08-06,5.0,,,,9.8
Paul Lake,2001-08-06,5.5,,,,8.4
Paul Lake,2001-08-06,6.0,,,,7.6
Paul Lake,2001-08-06,6.5,,,,6.6
Paul Lake,2001-08-06,7.0,,,,6.1
Paul Lake,2001-08-06,8.0,,,,5.5
Paul Lake,2001-08-06,9.0,,,,5.2
Paul Lake,2001-08-06,,405.5273164,9.261721584,,
Paul Lake,2001-08-13,0.0,,,,21.7
Paul Lake,2001-08-13,0.25,,,,
Paul Lake,2001-08-13,0.5,,,,21.7
Paul Lake,2001-08-13,0.75,,,,
Paul Lake,2001-08-13,1.0,,,,21.7
Paul Lake,2001-08-13,1.5,,,,21.6
Paul Lake,2001-08-13,2.0,,,,21.6
Paul Lake,2001-08-13,2.5,,,,21.5
Paul Lake,2001-08-13,3.0,,,,21.3
Paul Lake,2001-08-13,3.5,,,,18.3
Paul Lake,2001-08-13,4.0,,,,15.5
Paul Lake,2001-08-13,4.5,,,,12.2
Paul Lake,2001-08-13,5.0,,,,10.1
Paul Lake,2001-08-13,5.5,,,,9.0
Paul Lake,2001-08-13,6.0,,,,7.5
Paul Lake,2001-08-13,6.5,,,,6.8
Paul Lake,2001-08-13,7.0,,,,6.2
Paul Lake,2001-08-13,8.0,,,,5.6
Paul Lake,2001-08-13,9.0,,,,5.3
Paul Lake,2001-08-13,,309.7590768,8.062826453,,
Paul Lake,2001-08-20,0.0,,,,20.8
Paul Lake,2001-08-20,0.25,,,,
Paul Lake,2001-08-20,0.5,,,,20.8
Paul Lake,2001-08-20,0.75,,,,
Paul Lake,2001-08-20,1.0,,,,20.7
Paul Lake,2001-08-20,1.5,,,,20.6
Paul Lake,2001-08-20,2.0,,,,20.5
Paul Lake,2001-08-20,2.5,,,,20.5
Paul Lake,2001-08-20,3.0,,,,20.3
Paul Lake,2001-08-20,3.5,,,,19.1
Paul Lake,2001-08-20,4.0,,,,15.6
Paul Lake,2001-08-20,4.5,,,,12.7
Paul Lake,2001-08-20,5.0,,,,10.5
Paul Lake,2001-08-20,5.5,,,,9.1
Paul Lake,2001-08-20,6.0,,,,8.0
Paul Lake,2001-08-20,6.5,,,,7.1
Paul Lake,2001-08-20,7.0,,,,6.4
Paul Lake,2001-08-20,8.0,,,,5.6
Paul Lake,2001-08-20,9.0,,,,5.3
Paul Lake,2001-08-20,,348.6033181,7.89155572,,
Paul Lake,2001-08-27,0.0,,,,22.4
Paul Lake,2001-08-27,0.25,,,,
Paul Lake,2001-08-27,0.5,,,,22.3
Paul Lake,2001-08-27,0.75,,,,
Paul Lake,2001-08-27,1.0,,,,22.2
Paul Lake,2001-08-27,1.5,,,,22.0
Paul Lake,2001-08-27,2.0,,,,22.0
Paul Lake,2001-08-27,2.5,,,,21.7
Paul Lake,2001-08-27,3.0,,,,20.8
Paul Lake,2001-08-27,3.5,,,,19.2
Paul Lake,2001-08-27,4.0,,,,16.3
Paul Lake,2001-08-27,4.5,,,,13.2
Paul Lake,2001-08-27,5.0,,,,11.0
Paul Lake,2001-08-27,5.5,,,,9.5
Paul Lake,2001-08-27,6.0,,,,8.2
Paul Lake,2001-08-27,6.5,,,,7.4
Paul Lake,2001-08-27,7.0,,,,6.5
Paul Lake,2001-08-27,8.0,,,,5.8
Paul Lake,2001-08-27,9.0,,,,5.5
Paul Lake,2001-08-27,,312.3659858,7.89155572,,
Paul Lake,2001-09-04,0.0,,,,22.4
Paul Lake,2001-09-04,0.5,,,,21.2
Paul Lake,2001-09-04,1.0,,,,20.6
Paul Lake,2001-09-04,1.5,,,,20.3
Paul Lake,2001-09-04,2.0,,,,20.2
Paul Lake,2001-09-04,2.5,,,,20.0
Paul Lake,2001-09-04,3.0,,,,19.9
Paul Lake,2001-09-04,3.5,,,,19.5
Paul Lake,2001-09-04,4.0,,,,17.2
Paul Lake,2001-09-04,4.5,,,,14.3
Paul Lake,2001-09-04,5.0,,,,11.5
Paul Lake,2001-09-04,5.5,,,,9.8
Paul Lake,2001-09-04,6.0,,,,8.8
Paul Lake,2001-09-04,6.5,,,,7.4
Paul Lake,2001-09-04,7.0,,,,6.6
Paul Lake,2001-09-04,8.0,,,,5.8
Paul Lake,2001-09-04,9.0,,,,5.5
Paul Lake,2001-09-04,10.0,,,,5.3
Paul Lake,2002-05-30,0.0,,,,19.6
Paul Lake,2002-05-30,0.25,,,,
Paul Lake,2002-05-30,0.5,,,,19.5
Paul Lake,2002-05-30,0.75,,,,
Paul Lake,2002-05-30,1.0,,,,18.7
Paul Lake,2002-05-30,1.5,,,,15.5
Paul Lake,2002-05-30,2.0,,,,14.1
Paul Lake,2002-05-30,2.5,,,,12.1
Paul Lake,2002-05-30,3.0,,,,10.3
Paul Lake,2002-05-30,3.5,,,,8.3
Paul Lake,2002-05-30,4.0,,,,7.1
Paul Lake,2002-05-30,4.5,,,,6.2
Paul Lake,2002-05-30,5.0,,,,5.7
Paul Lake,2002-05-30,5.5,,,,5.3
Paul Lake,2002-05-30,6.0,,,,5.3
Paul Lake,2002-05-30,6.5,,,,5.3
Paul Lake,2002-05-30,7.0,,,,5.3
Paul Lake,2002-05-30,8.0,,,,5.3
Paul Lake,2002-05-30,,295.2914434,9.874896798,,
Paul Lake,2002-06-05,0.0,,,,15.3
Paul Lake,2002-06-05,0.25,,,,
Paul Lake,2002-06-05,0.5,,,,15.2
Paul Lake,2002-06-05,0.75,,,,
Paul Lake,2002-06-05,1.0,,,,15.1
Paul Lake,2002-06-05,1.5,,,,15.0
Paul Lake,2002-06-05,2.0,,,,14.9
Paul Lake,2002-06-05,2.5,,,,13.1
Paul Lake,2002-06-05,3.0,,,,11.0
Paul Lake,2002-06-05,3.5,,,,9.2
Paul Lake,2002-06-05,4.0,,,,7.8
Paul Lake,2002-06-05,4.5,,,,6.6
Paul Lake,2002-06-05,5.0,,,,5.8
Paul Lake,2002-06-05,5.5,,,,5.5
Paul Lake,2002-06-05,6.0,,,,5.4
Paul Lake,2002-06-05,6.5,,,,5.4
Paul Lake,2002-06-05,7.0,,,,5.4
Paul Lake,2002-06-05,8.0,,,,5.4
Paul Lake,2002-06-05,9.0,,,,5.3
Paul Lake,2002-06-05,,410.0360552,15.50585009,,
Paul Lake,2002-06-12,0.0,,,,18.4
Paul Lake,2002-06-12,0.25,,,,
Paul Lake,2002-06-12,0.5,,,,18.4
Paul Lake,2002-06-12,0.75,,,,
Paul Lake,2002-06-12,1.0,,,,18.2
Paul Lake,2002-06-12,1.5,,,,18.2
Paul Lake,2002-06-12,2.0,,,,16.4
Paul Lake,2002-06-12,2.5,,,,14.5
Paul Lake,2002-06-12,3.0,,,,12.0
Paul Lake,2002-06-12,3.5,,,,9.9
Paul Lake,2002-06-12,4.0,,,,8.5
Paul Lake,2002-06-12,4.5,,,,6.8
Paul Lake,2002-06-12,5.0,,,,6.4
Paul Lake,2002-06-12,5.5,,,,5.7
Paul Lake,2002-06-12,6.0,,,,5.6
Paul Lake,2002-06-12,6.5,,,,5.6
Paul Lake,2002-06-12,7.0,,,,5.6
Paul Lake,2002-06-12,8.0,,,,5.5
Paul Lake,2002-06-12,9.0,,,,5.4
Paul Lake,2002-06-12,,387.7218463,13.90844852,,
Paul Lake,2002-06-19,0.0,,,,19.7
Paul Lake,2002-06-19,0.25,,,,
Paul Lake,2002-06-19,0.5,,,,19.7
Paul Lake,2002-06-19,0.75,,,,
Paul Lake,2002-06-19,1.0,,,,19.3
Paul Lake,2002-06-19,1.5,,,,19.1
Paul Lake,2002-06-19,2.0,,,,17.4
Paul Lake,2002-06-19,2.5,,,,15.3
Paul Lake,2002-06-19,3.0,,,,12.8
Paul Lake,2002-06-19,3.5,,,,10.3
Paul Lake,2002-06-19,4.0,,,,8.7
Paul Lake,2002-06-19,4.5,,,,7.2
Paul Lake,2002-06-19,5.0,,,,6.4
Paul Lake,2002-06-19,5.5,,,,6.0
Paul Lake,2002-06-19,6.0,,,,5.8
Paul Lake,2002-06-19,6.5,,,,5.8
Paul Lake,2002-06-19,7.0,,,,5.7
Paul Lake,2002-06-19,8.0,,,,5.5
Paul Lake,2002-06-19,9.0,,,,5.4
Paul Lake,2002-06-19,,360.081084,11.52126165,,
Paul Lake,2002-06-26,0.0,,,,23.8
Paul Lake,2002-06-26,0.25,,,,
Paul Lake,2002-06-26,0.5,,,,23.8
Paul Lake,2002-06-26,0.75,,,,
Paul Lake,2002-06-26,1.0,,,,23.4
Paul Lake,2002-06-26,1.5,,,,21.6
Paul Lake,2002-06-26,2.0,,,,19.2
Paul Lake,2002-06-26,2.5,,,,16.4
Paul Lake,2002-06-26,3.0,,,,13.9
Paul Lake,2002-06-26,3.5,,,,11.4
Paul Lake,2002-06-26,4.0,,,,9.3
Paul Lake,2002-06-26,4.5,,,,7.7
Paul Lake,2002-06-26,5.0,,,,6.7
Paul Lake,2002-06-26,5.5,,,,6.3
Paul Lake,2002-06-26,6.0,,,,6.0
Paul Lake,2002-06-26,6.5,,,,5.7
Paul Lake,2002-06-26,7.0,,,,5.6
Paul Lake,2002-06-26,8.0,,,,5.5
Paul Lake,2002-06-26,9.0,,,,5.4
Paul Lake,2002-06-26,10.0,,,,5.4
Paul Lake,2002-06-26,11.0,,,,5.3
Paul Lake,2002-06-26,12.0,,,,5.4
Paul Lake,2002-06-26,,301.8704041,10.39523384,,
Paul Lake,2002-07-03,0.0,,,,27.2
Paul Lake,2002-07-03,0.25,,,,
Paul Lake,2002-07-03,0.5,,,,27.2
Paul Lake,2002-07-03,0.75,,,,
Paul Lake,2002-07-03,1.0,,,,27.2
Paul Lake,2002-07-03,1.5,,,,24.6
Paul Lake,2002-07-03,2.0,,,,20.3
Paul Lake,2002-07-03,2.5,,,,16.9
Paul Lake,2002-07-03,3.0,,,,14.9
Paul Lake,2002-07-03,3.5,,,,11.8
Paul Lake,2002-07-03,4.0,,,,9.8
Paul Lake,2002-07-03,4.5,,,,7.9
Paul Lake,2002-07-03,5.0,,,,7.1
Paul Lake,2002-07-03,5.5,,,,6.5
Paul Lake,2002-07-03,6.0,,,,6.2
Paul Lake,2002-07-03,6.5,,,,6.0
Paul Lake,2002-07-03,7.0,,,,5.8
Paul Lake,2002-07-03,8.0,,,,5.5
Paul Lake,2002-07-03,9.0,,,,5.5
Paul Lake,2002-07-03,10.0,,,,5.4
Paul Lake,2002-07-03,11.0,,,,5.4
Paul Lake,2002-07-03,12.0,,,,5.4
Paul Lake,2002-07-03,,320.8675209,7.816975387,,
Paul Lake,2002-07-10,0.0,,,,24.9
Paul Lake,2002-07-10,0.25,,,,
Paul Lake,2002-07-10,0.5,,,,24.9
Paul Lake,2002-07-10,0.75,,,,
Paul Lake,2002-07-10,1.0,,,,24.9
Paul Lake,2002-07-10,1.5,,,,24.8
Paul Lake,2002-07-10,2.0,,,,23.8
Paul Lake,2002-07-10,2.5,,,,19.2
Paul Lake,2002-07-10,3.0,,,,15.5
Paul Lake,2002-07-10,3.5,,,,12.7
Paul Lake,2002-07-10,4.0,,,,10.4
Paul Lake,2002-07-10,4.5,,,,8.7
Paul Lake,2002-07-10,5.0,,,,7.6
Paul Lake,2002-07-10,5.5,,,,6.9
Paul Lake,2002-07-10,6.0,,,,6.4
Paul Lake,2002-07-10,6.5,,,,5.9
Paul Lake,2002-07-10,7.0,,,,5.8
Paul Lake,2002-07-10,8.0,,,,5.5
Paul Lake,2002-07-10,9.0,,,,5.4
Paul Lake,2002-07-10,10.0,,,,5.4
Paul Lake,2002-07-10,11.0,,,,5.4
Paul Lake,2002-07-10,12.0,,,,5.4
Paul Lake,2002-07-10,,311.2693968,8.807942057,,
Paul Lake,2002-07-17,0.0,,,,26.4
Paul Lake,2002-07-17,0.25,,,,
Paul Lake,2002-07-17,0.5,,,,26.4
Paul Lake,2002-07-17,0.75,,,,
Paul Lake,2002-07-17,1.0,,,,26.3
Paul Lake,2002-07-17,1.5,,,,25.1
Paul Lake,2002-07-17,2.0,,,,21.0
Paul Lake,2002-07-17,2.5,,,,16.6
Paul Lake,2002-07-17,3.0,,,,13.6
Paul Lake,2002-07-17,3.5,,,,10.9
Paul Lake,2002-07-17,4.0,,,,9.2
Paul Lake,2002-07-17,4.5,,,,7.8
Paul Lake,2002-07-17,5.0,,,,7.0
Paul Lake,2002-07-17,5.5,,,,6.4
Paul Lake,2002-07-17,6.0,,,,6.4
Paul Lake,2002-07-17,6.5,,,,6.2
Paul Lake,2002-07-17,7.0,,,,5.8
Paul Lake,2002-07-17,8.0,,,,5.6
Paul Lake,2002-07-17,9.0,,,,5.5
Paul Lake,2002-07-17,10.0,,,,5.4
Paul Lake,2002-07-17,11.0,,,,5.4
Paul Lake,2002-07-17,12.0,,,,5.4
Paul Lake,2002-07-17,,299.8979409,7.442648117,,
Paul Lake,2002-07-24,0.0,,,,24.1
Paul Lake,2002-07-24,0.25,,,,
Paul Lake,2002-07-24,0.5,,,,24.0
Paul Lake,2002-07-24,0.75,,,,
Paul Lake,2002-07-24,1.0,,,,23.9
Paul Lake,2002-07-24,1.5,,,,23.8
Paul Lake,2002-07-24,2.0,,,,23.7
Paul Lake,2002-07-24,2.5,,,,22.3
Paul Lake,2002-07-24,3.0,,,,18.1
Paul Lake,2002-07-24,3.5,,,,14.8
Paul Lake,2002-07-24,4.0,,,,11.6
Paul Lake,2002-07-24,4.5,,,,9.8
Paul Lake,2002-07-24,5.0,,,,8.5
Paul Lake,2002-07-24,5.5,,,,7.5
Paul Lake,2002-07-24,6.0,,,,6.7
Paul Lake,2002-07-24,6.5,,,,6.3
Paul Lake,2002-07-24,7.0,,,,6.0
Paul Lake,2002-07-24,8.0,,,,5.6
Paul Lake,2002-07-24,9.0,,,,5.5
Paul Lake,2002-07-24,,325.8658034,8.842682376,,
Paul Lake,2002-07-31,0.0,,,,25.4
Paul Lake,2002-07-31,0.25,,,,
Paul Lake,2002-07-31,0.5,,,,25.4
Paul Lake,2002-07-31,0.75,,,,
Paul Lake,2002-07-31,1.0,,,,25.4
Paul Lake,2002-07-31,1.5,,,,25.3
Paul Lake,2002-07-31,2.0,,,,24.9
Paul Lake,2002-07-31,2.5,,,,22.5
Paul Lake,2002-07-31,3.0,,,,19.6
Paul Lake,2002-07-31,3.5,,,,12.4
Paul Lake,2002-07-31,4.0,,,,9.8
Paul Lake,2002-07-31,4.5,,,,9.7
Paul Lake,2002-07-31,5.0,,,,9.4
Paul Lake,2002-07-31,5.5,,,,7.9
Paul Lake,2002-07-31,6.0,,,,7.0
Paul Lake,2002-07-31,6.5,,,,6.2
Paul Lake,2002-07-31,7.0,,,,5.9
Paul Lake,2002-07-31,8.0,,,,5.6
Paul Lake,2002-07-31,9.0,,,,5.5
Paul Lake,2002-07-31,,321.5357408,7.544646308,,
Paul Lake,2002-08-07,0.0,,,,22.0
Paul Lake,2002-08-07,0.25,,,,
Paul Lake,2002-08-07,0.5,,,,22.0
Paul Lake,2002-08-07,0.75,,,,
Paul Lake,2002-08-07,1.0,,,,22.0
Paul Lake,2002-08-07,1.5,,,,22.0
Paul Lake,2002-08-07,2.0,,,,21.9
Paul Lake,2002-08-07,2.5,,,,21.8
Paul Lake,2002-08-07,3.0,,,,19.6
Paul Lake,2002-08-07,3.5,,,,15.9
Paul Lake,2002-08-07,4.0,,,,12.6
Paul Lake,2002-08-07,4.5,,,,10.4
Paul Lake,2002-08-07,5.0,,,,9.2
Paul Lake,2002-08-07,5.5,,,,8.2
Paul Lake,2002-08-07,6.0,,,,7.1
Paul Lake,2002-08-07,6.5,,,,6.5
Paul Lake,2002-08-07,7.0,,,,6.0
Paul Lake,2002-08-07,8.0,,,,5.8
Paul Lake,2002-08-07,9.0,,,,5.6
Paul Lake,2002-08-07,,308.4496474,9.753219771,,
Paul Lake,2002-08-14,0.0,,,,22.7
Paul Lake,2002-08-14,0.25,,,,
Paul Lake,2002-08-14,0.5,,,,22.7
Paul Lake,2002-08-14,0.75,,,,
Paul Lake,2002-08-14,1.0,,,,22.7
Paul Lake,2002-08-14,1.5,,,,22.6
Paul Lake,2002-08-14,2.0,,,,22.6
Paul Lake,2002-08-14,2.5,,,,22.3
Paul Lake,2002-08-14,3.0,,,,20.5
Paul Lake,2002-08-14,3.5,,,,17.2
Paul Lake,2002-08-14,4.0,,,,13.4
Paul Lake,2002-08-14,4.5,,,,11.2
Paul Lake,2002-08-14,5.0,,,,9.5
Paul Lake,2002-08-14,5.5,,,,8.4
Paul Lake,2002-08-14,6.0,,,,7.2
Paul Lake,2002-08-14,6.5,,,,6.5
Paul Lake,2002-08-14,7.0,,,,6.1
Paul Lake,2002-08-14,8.0,,,,5.8
Paul Lake,2002-08-14,9.0,,,,5.6
Paul Lake,2002-08-14,10.0,,,,5.5
Paul Lake,2002-08-14,11.0,,,,5.5
Paul Lake,2002-08-14,,295.0291004,7.306969808,,
Paul Lake,2002-08-21,0.0,,,,20.5
Paul Lake,2002-08-21,0.25,,,,
Paul Lake,2002-08-21,0.5,,,,20.6
Paul Lake,2002-08-21,0.75,,,,
Paul Lake,2002-08-21,1.0,,,,20.6
Paul Lake,2002-08-21,1.5,,,,20.5
Paul Lake,2002-08-21,2.0,,,,20.5
Paul Lake,2002-08-21,2.5,,,,20.3
Paul Lake,2002-08-21,3.0,,,,20.1
Paul Lake,2002-08-21,3.5,,,,17.6
Paul Lake,2002-08-21,4.0,,,,15.1
Paul Lake,2002-08-21,4.5,,,,12.0
Paul Lake,2002-08-21,5.0,,,,10.1
Paul Lake,2002-08-21,5.5,,,,8.7
Paul Lake,2002-08-21,6.0,,,,7.5
Paul Lake,2002-08-21,6.5,,,,6.9
Paul Lake,2002-08-21,7.0,,,,6.1
Paul Lake,2002-08-21,8.0,,,,5.9
Paul Lake,2002-08-21,9.0,,,,5.7
Paul Lake,2002-08-21,10.0,,,,5.6
Paul Lake,2002-08-21,11.0,,,,5.5
Paul Lake,2002-08-21,12.0,,,,5.5
Paul Lake,2002-08-21,,309.722983,8.431392025,,
Paul Lake,2002-08-28,0.0,,,,21.4
Paul Lake,2002-08-28,0.25,,,,
Paul Lake,2002-08-28,0.5,,,,21.4
Paul Lake,2002-08-28,0.75,,,,
Paul Lake,2002-08-28,1.0,,,,21.3
Paul Lake,2002-08-28,1.5,,,,21.2
Paul Lake,2002-08-28,2.0,,,,21.2
Paul Lake,2002-08-28,2.5,,,,20.9
Paul Lake,2002-08-28,3.0,,,,19.9
Paul Lake,2002-08-28,3.5,,,,18.9
Paul Lake,2002-08-28,4.0,,,,15.1
Paul Lake,2002-08-28,4.5,,,,12.2
Paul Lake,2002-08-28,5.0,,,,10.3
Paul Lake,2002-08-28,5.5,,,,8.8
Paul Lake,2002-08-28,6.0,,,,7.6
Paul Lake,2002-08-28,6.5,,,,7.0
Paul Lake,2002-08-28,7.0,,,,6.3
Paul Lake,2002-08-28,8.0,,,,5.8
Paul Lake,2002-08-28,9.0,,,,5.7
Paul Lake,2002-08-28,,278.6578711,6.629185133,,
Paul Lake,2003-05-28,0.0,,,,18.4
Paul Lake,2003-05-28,0.25,,,,
Paul Lake,2003-05-28,0.5,,,,18.5
Paul Lake,2003-05-28,0.75,,,,
Paul Lake,2003-05-28,1.0,,,,18.2
Paul Lake,2003-05-28,1.5,,,,17.4
Paul Lake,2003-05-28,2.0,,,,15.8
Paul Lake,2003-05-28,2.5,,,,13.1
Paul Lake,2003-05-28,3.0,,,,11.6
Paul Lake,2003-05-28,3.5,,,,10.4
Paul Lake,2003-05-28,4.0,,,,8.7
Paul Lake,2003-05-28,4.5,,,,7.0
Paul Lake,2003-05-28,5.0,,,,6.2
Paul Lake,2003-05-28,5.5,,,,5.4
Paul Lake,2003-05-28,6.0,,,,5.2
Paul Lake,2003-05-28,6.5,,,,5.0
Paul Lake,2003-05-28,7.0,,,,4.9
Paul Lake,2003-05-28,8.0,,,,4.8
Paul Lake,2003-05-28,9.0,,,,4.8
Paul Lake,2003-05-28,10.0,,,,4.8
Paul Lake,2003-05-28,,300.2713717,10.48463749,,
Paul Lake,2003-06-03,0.0,,,,17.2
Paul Lake,2003-06-03,0.25,,,,
Paul Lake,2003-06-03,0.5,,,,17.1
Paul Lake,2003-06-03,0.75,,,,
Paul Lake,2003-06-03,1.0,,,,17.0
Paul Lake,2003-06-03,1.5,,,,16.7
Paul Lake,2003-06-03,2.0,,,,16.3
Paul Lake,2003-06-03,2.5,,,,15.0
Paul Lake,2003-06-03,3.0,,,,12.4
Paul Lake,2003-06-03,3.5,,,,10.7
Paul Lake,2003-06-03,4.0,,,,8.5
Paul Lake,2003-06-03,4.5,,,,7.4
Paul Lake,2003-06-03,5.0,,,,6.4
Paul Lake,2003-06-03,5.5,,,,5.8
Paul Lake,2003-06-03,6.0,,,,5.4
Paul Lake,2003-06-03,6.5,,,,4.9
Paul Lake,2003-06-03,7.0,,,,4.9
Paul Lake,2003-06-03,8.0,,,,4.8
Paul Lake,2003-06-03,9.0,,,,4.8
Paul Lake,2003-06-03,,296.6402853,8.63441083,,
Paul Lake,2003-06-10,0.0,,,,17.3
Paul Lake,2003-06-10,0.25,,,,
Paul Lake,2003-06-10,0.5,,,,17.5
Paul Lake,2003-06-10,0.75,,,,
Paul Lake,2003-06-10,1.0,,,,17.5
Paul Lake,2003-06-10,1.5,,,,17.5
Paul Lake,2003-06-10,2.0,,,,17.2
Paul Lake,2003-06-10,2.5,,,,15.4
Paul Lake,2003-06-10,3.0,,,,14.0
Paul Lake,2003-06-10,3.5,,,,11.4
Paul Lake,2003-06-10,4.0,,,,9.1
Paul Lake,2003-06-10,4.5,,,,7.8
Paul Lake,2003-06-10,5.0,,,,7.1
Paul Lake,2003-06-10,5.5,,,,5.9
Paul Lake,2003-06-10,6.0,,,,5.7
Paul Lake,2003-06-10,6.5,,,,5.2
Paul Lake,2003-06-10,7.0,,,,5.1
Paul Lake,2003-06-10,8.0,,,,4.9
Paul Lake,2003-06-10,9.0,,,,4.8
Paul Lake,2003-06-10,,280.1151367,7.654370415,,
Paul Lake,2003-06-17,0.0,,,,23.0
Paul Lake,2003-06-17,0.25,,,,
Paul Lake,2003-06-17,0.5,,,,22.7
Paul Lake,2003-06-17,0.75,,,,
Paul Lake,2003-06-17,1.0,,,,22.5
Paul Lake,2003-06-17,1.5,,,,21.1
Paul Lake,2003-06-17,2.0,,,,19.3
Paul Lake,2003-06-17,2.5,,,,17.5
Paul Lake,2003-06-17,3.0,,,,14.8
Paul Lake,2003-06-17,3.5,,,,12.5
Paul Lake,2003-06-17,4.0,,,,10.3
Paul Lake,2003-06-17,4.5,,,,8.6
Paul Lake,2003-06-17,5.0,,,,7.6
Paul Lake,2003-06-17,5.5,,,,6.4
Paul Lake,2003-06-17,6.0,,,,5.9
Paul Lake,2003-06-17,6.5,,,,5.5
Paul Lake,2003-06-17,7.0,,,,5.2
Paul Lake,2003-06-17,8.0,,,,4.9
Paul Lake,2003-06-17,9.0,,,,4.9
Paul Lake,2003-06-17,,316.2036899,9.809910938,,
Paul Lake,2003-06-24,0.0,,,,23.5
Paul Lake,2003-06-24,0.25,,,,
Paul Lake,2003-06-24,0.5,,,,23.5
Paul Lake,2003-06-24,0.75,,,,
Paul Lake,2003-06-24,1.0,,,,23.4
Paul Lake,2003-06-24,1.5,,,,23.1
Paul Lake,2003-06-24,2.0,,,,21.5
Paul Lake,2003-06-24,2.5,,,,18.8
Paul Lake,2003-06-24,3.0,,,,15.6
Paul Lake,2003-06-24,3.5,,,,13.3
Paul Lake,2003-06-24,4.0,,,,11.0
Paul Lake,2003-06-24,4.5,,,,9.4
Paul Lake,2003-06-24,5.0,,,,7.7
Paul Lake,2003-06-24,5.5,,,,6.7
Paul Lake,2003-06-24,6.0,,,,6.2
Paul Lake,2003-06-24,6.5,,,,5.8
Paul Lake,2003-06-24,7.0,,,,5.3
Paul Lake,2003-06-24,8.0,,,,5.0
Paul Lake,2003-06-24,9.0,,,,4.9
Paul Lake,2003-06-24,10.0,,,,4.9
Paul Lake,2003-06-24,,313.2395377,7.429694068,,
Paul Lake,2003-07-01,0.0,,,,21.5
Paul Lake,2003-07-01,0.25,,,,
Paul Lake,2003-07-01,0.5,,,,21.1
Paul Lake,2003-07-01,0.75,,,,
Paul Lake,2003-07-01,1.0,,,,20.9
Paul Lake,2003-07-01,1.5,,,,20.3
Paul Lake,2003-07-01,2.0,,,,20.0
Paul Lake,2003-07-01,2.5,,,,19.3
Paul Lake,2003-07-01,3.0,,,,16.6
Paul Lake,2003-07-01,3.5,,,,13.8
Paul Lake,2003-07-01,4.0,,,,11.3
Paul Lake,2003-07-01,4.5,,,,9.3
Paul Lake,2003-07-01,5.0,,,,8.0
Paul Lake,2003-07-01,5.5,,,,7.0
Paul Lake,2003-07-01,6.0,,,,6.4
Paul Lake,2003-07-01,6.5,,,,5.8
Paul Lake,2003-07-01,7.0,,,,5.4
Paul Lake,2003-07-01,8.0,,,,5.0
Paul Lake,2003-07-01,9.0,,,,4.9
Paul Lake,2003-07-01,,292.935095,8.634532894,,
Paul Lake,2003-07-08,0.0,,,,23.8
Paul Lake,2003-07-08,0.25,,,,
Paul Lake,2003-07-08,0.5,,,,23.8
Paul Lake,2003-07-08,0.75,,,,
Paul Lake,2003-07-08,1.0,,,,23.8
Paul Lake,2003-07-08,1.5,,,,23.7
Paul Lake,2003-07-08,2.0,,,,22.8
Paul Lake,2003-07-08,2.5,,,,20.4
Paul Lake,2003-07-08,3.0,,,,17.8
Paul Lake,2003-07-08,3.5,,,,14.6
Paul Lake,2003-07-08,4.0,,,,12.0
Paul Lake,2003-07-08,4.5,,,,10.0
Paul Lake,2003-07-08,5.0,,,,8.6
Paul Lake,2003-07-08,5.5,,,,7.6
Paul Lake,2003-07-08,6.0,,,,6.6
Paul Lake,2003-07-08,6.5,,,,5.9
Paul Lake,2003-07-08,7.0,,,,5.5
Paul Lake,2003-07-08,8.0,,,,5.2
Paul Lake,2003-07-08,9.0,,,,5.0
Paul Lake,2003-07-08,10.0,,,,5.0
Paul Lake,2003-07-08,11.0,,,,5.0
Paul Lake,2003-07-08,,345.2523816,9.229206679,,
Paul Lake,2003-07-15,0.0,,,,21.9
Paul Lake,2003-07-15,0.25,,,,
Paul Lake,2003-07-15,0.5,,,,21.9
Paul Lake,2003-07-15,0.75,,,,
Paul Lake,2003-07-15,1.0,,,,22.0
Paul Lake,2003-07-15,1.5,,,,22.0
Paul Lake,2003-07-15,2.0,,,,21.3
Paul Lake,2003-07-15,2.5,,,,20.5
Paul Lake,2003-07-15,3.0,,,,18.5
Paul Lake,2003-07-15,3.5,,,,15.7
Paul Lake,2003-07-15,4.0,,,,12.3
Paul Lake,2003-07-15,4.5,,,,10.6
Paul Lake,2003-07-15,5.0,,,,8.9
Paul Lake,2003-07-15,5.5,,,,7.5
Paul Lake,2003-07-15,6.0,,,,6.7
Paul Lake,2003-07-15,6.5,,,,6.3
Paul Lake,2003-07-15,7.0,,,,5.7
Paul Lake,2003-07-15,8.0,,,,5.2
Paul Lake,2003-07-15,9.0,,,,5.0
Paul Lake,2003-07-15,,373.634139,10.24325041,,
Paul Lake,2003-07-22,0.0,,,,21.4
Paul Lake,2003-07-22,0.25,,,,
Paul Lake,2003-07-22,0.5,,,,21.4
Paul Lake,2003-07-22,0.75,,,,
Paul Lake,2003-07-22,1.0,,,,21.3
Paul Lake,2003-07-22,1.5,,,,21.3
Paul Lake,2003-07-22,2.0,,,,21.3
Paul Lake,2003-07-22,2.5,,,,21.2
Paul Lake,2003-07-22,3.0,,,,18.9
Paul Lake,2003-07-22,3.5,,,,15.8
Paul Lake,2003-07-22,4.0,,,,13.3
Paul Lake,2003-07-22,4.5,,,,10.9
Paul Lake,2003-07-22,5.0,,,,9.4
Paul Lake,2003-07-22,5.5,,,,7.9
Paul Lake,2003-07-22,6.0,,,,7.3
Paul Lake,2003-07-22,6.5,,,,6.4
Paul Lake,2003-07-22,7.0,,,,5.8
Paul Lake,2003-07-22,8.0,,,,5.3
Paul Lake,2003-07-22,9.0,,,,5.1
Paul Lake,2003-07-22,,388.1584849,9.969371279,,
Paul Lake,2003-07-29,0.0,,,,23.1
Paul Lake,2003-07-29,0.25,,,,
Paul Lake,2003-07-29,0.5,,,,22.9
Paul Lake,2003-07-29,0.75,,,,
Paul Lake,2003-07-29,1.0,,,,22.8
Paul Lake,2003-07-29,1.5,,,,22.7
Paul Lake,2003-07-29,2.0,,,,22.5
Paul Lake,2003-07-29,2.5,,,,21.4
Paul Lake,2003-07-29,3.0,,,,19.2
Paul Lake,2003-07-29,3.5,,,,15.8
Paul Lake,2003-07-29,4.0,,,,13.3
Paul Lake,2003-07-29,4.5,,,,11.1
Paul Lake,2003-07-29,5.0,,,,9.4
Paul Lake,2003-07-29,5.5,,,,7.7
Paul Lake,2003-07-29,6.0,,,,7.0
Paul Lake,2003-07-29,6.5,,,,6.3
Paul Lake,2003-07-29,7.0,,,,5.9
Paul Lake,2003-07-29,8.0,,,,5.2
Paul Lake,2003-07-29,9.0,,,,5.1
Paul Lake,2003-07-29,,355.9974334,8.907620348,,
Paul Lake,2003-08-05,0.0,,,,23.1
Paul Lake,2003-08-05,0.25,,,,
Paul Lake,2003-08-05,0.5,,,,22.9
Paul Lake,2003-08-05,0.75,,,,
Paul Lake,2003-08-05,1.0,,,,22.9
Paul Lake,2003-08-05,1.5,,,,22.8
Paul Lake,2003-08-05,2.0,,,,22.6
Paul Lake,2003-08-05,2.5,,,,22.2
Paul Lake,2003-08-05,3.0,,,,19.2
Paul Lake,2003-08-05,3.5,,,,16.5
Paul Lake,2003-08-05,4.0,,,,14.3
Paul Lake,2003-08-05,4.5,,,,11.1
Paul Lake,2003-08-05,5.0,,,,9.8
Paul Lake,2003-08-05,5.5,,,,8.2
Paul Lake,2003-08-05,6.0,,,,7.3
Paul Lake,2003-08-05,6.5,,,,6.3
Paul Lake,2003-08-05,7.0,,,,5.8
Paul Lake,2003-08-05,8.0,,,,5.4
Paul Lake,2003-08-05,9.0,,,,5.2
Paul Lake,2003-08-05,,344.2890321,7.879176383,,
Paul Lake,2003-08-12,0.0,,,,22.4
Paul Lake,2003-08-12,0.25,,,,
Paul Lake,2003-08-12,0.5,,,,22.4
Paul Lake,2003-08-12,0.75,,,,
Paul Lake,2003-08-12,1.0,,,,22.3
Paul Lake,2003-08-12,1.5,,,,22.2
Paul Lake,2003-08-12,2.0,,,,22.1
Paul Lake,2003-08-12,2.5,,,,22.0
Paul Lake,2003-08-12,3.0,,,,21.0
Paul Lake,2003-08-12,3.5,,,,18.0
Paul Lake,2003-08-12,4.0,,,,14.9
Paul Lake,2003-08-12,4.5,,,,12.1
Paul Lake,2003-08-12,5.0,,,,10.2
Paul Lake,2003-08-12,5.5,,,,8.6
Paul Lake,2003-08-12,6.0,,,,7.6
Paul Lake,2003-08-12,6.5,,,,6.8
Paul Lake,2003-08-12,7.0,,,,6.2
Paul Lake,2003-08-12,8.0,,,,5.6
Paul Lake,2003-08-12,9.0,,,,5.2
Paul Lake,2003-08-12,,360.1472465,10.96807372,,
Paul Lake,2003-08-19,0.0,,,,25.1
Paul Lake,2003-08-19,0.25,,,,
Paul Lake,2003-08-19,0.5,,,,25.1
Paul Lake,2003-08-19,0.75,,,,
Paul Lake,2003-08-19,1.0,,,,25.1
Paul Lake,2003-08-19,1.5,,,,25.0
Paul Lake,2003-08-19,2.0,,,,24.8
Paul Lake,2003-08-19,2.5,,,,23.9
Paul Lake,2003-08-19,3.0,,,,21.7
Paul Lake,2003-08-19,3.5,,,,18.6
Paul Lake,2003-08-19,4.0,,,,15.5
Paul Lake,2003-08-19,4.5,,,,12.4
Paul Lake,2003-08-19,5.0,,,,10.6
Paul Lake,2003-08-19,5.5,,,,9.3
Paul Lake,2003-08-19,6.0,,,,7.9
Paul Lake,2003-08-19,6.5,,,,7.3
Paul Lake,2003-08-19,7.0,,,,6.2
Paul Lake,2003-08-19,8.0,,,,5.6
Paul Lake,2003-08-19,9.0,,,,5.3
Paul Lake,2003-08-19,,337.7678972,7.060741733,,
Paul Lake,2003-08-26,0.0,,,,23.3
Paul Lake,2003-08-26,0.25,,,,
Paul Lake,2003-08-26,0.5,,,,23.3
Paul Lake,2003-08-26,0.75,,,,
Paul Lake,2003-08-26,1.0,,,,23.3
Paul Lake,2003-08-26,1.5,,,,23.1
Paul Lake,2003-08-26,2.0,,,,23.1
Paul Lake,2003-08-26,2.5,,,,22.8
Paul Lake,2003-08-26,3.0,,,,22.3
Paul Lake,2003-08-26,3.5,,,,19.3
Paul Lake,2003-08-26,4.0,,,,16.6
Paul Lake,2003-08-26,4.5,,,,13.9
Paul Lake,2003-08-26,5.0,,,,10.7
Paul Lake,2003-08-26,5.5,,,,9.3
Paul Lake,2003-08-26,6.0,,,,8.6
Paul Lake,2003-08-26,6.5,,,,7.2
Paul Lake,2003-08-26,7.0,,,,6.3
Paul Lake,2003-08-26,8.0,,,,5.6
Paul Lake,2003-08-26,9.0,,,,5.3
Paul Lake,2003-08-26,,371.5592325,9.695747324,,
Paul Lake,2004-05-25,0.0,,,,12.0
Paul Lake,2004-05-25,0.25,,,,
Paul Lake,2004-05-25,0.5,,,,12.0
Paul Lake,2004-05-25,0.75,,,,
Paul Lake,2004-05-25,1.0,,,,11.9
Paul Lake,2004-05-25,1.5,,,,11.9
Paul Lake,2004-05-25,2.0,,,,11.8
Paul Lake,2004-05-25,2.5,,,,11.6
Paul Lake,2004-05-25,3.0,,,,10.2
Paul Lake,2004-05-25,3.5,,,,8.2
Paul Lake,2004-05-25,4.0,,,,7.1
Paul Lake,2004-05-25,4.5,,,,6.1
Paul Lake,2004-05-25,5.0,,,,5.5
Paul Lake,2004-05-25,5.5,,,,5.4
Paul Lake,2004-05-25,6.0,,,,5.4
Paul Lake,2004-05-25,6.5,,,,5.1
Paul Lake,2004-05-25,7.0,,,,4.9
Paul Lake,2004-05-25,8.0,,,,4.8
Paul Lake,2004-05-25,9.0,,,,4.8
Paul Lake,2004-05-25,10.0,,,,4.8
Paul Lake,2004-05-25,11.0,,,,4.8
Paul Lake,2004-05-25,12.0,,,,4.8
Paul Lake,2004-06-01,0.0,,,,13.8
Paul Lake,2004-06-01,0.25,,,,
Paul Lake,2004-06-01,0.5,,,,13.8
Paul Lake,2004-06-01,0.75,,,,
Paul Lake,2004-06-01,1.0,,,,13.8
Paul Lake,2004-06-01,1.5,,,,13.8
Paul Lake,2004-06-01,2.0,,,,13.6
Paul Lake,2004-06-01,2.5,,,,12.3
Paul Lake,2004-06-01,3.0,,,,10.9
Paul Lake,2004-06-01,3.5,,,,9.1
Paul Lake,2004-06-01,4.0,,,,7.5
Paul Lake,2004-06-01,4.5,,,,6.4
Paul Lake,2004-06-01,5.0,,,,5.6
Paul Lake,2004-06-01,5.5,,,,5.5
Paul Lake,2004-06-01,6.0,,,,5.5
Paul Lake,2004-06-01,6.5,,,,5.1
Paul Lake,2004-06-01,7.0,,,,5.0
Paul Lake,2004-06-01,8.0,,,,4.8
Paul Lake,2004-06-01,9.0,,,,4.8
Paul Lake,2004-06-01,10.0,,,,4.8
Paul Lake,2004-06-01,11.0,,,,4.8
Paul Lake,2004-06-01,12.0,,,,4.8
Paul Lake,2004-06-01,13.0,,,,4.8
Paul Lake,2004-06-07,0.0,,,,19.7
Paul Lake,2004-06-07,0.25,,,,
Paul Lake,2004-06-07,0.5,,,,19.5
Paul Lake,2004-06-07,0.75,,,,
Paul Lake,2004-06-07,1.0,,,,18.1
Paul Lake,2004-06-07,1.5,,,,16.6
Paul Lake,2004-06-07,2.0,,,,15.4
Paul Lake,2004-06-07,2.5,,,,13.6
Paul Lake,2004-06-07,3.0,,,,11.7
Paul Lake,2004-06-07,3.5,,,,9.7
Paul Lake,2004-06-07,4.0,,,,8.0
Paul Lake,2004-06-07,4.5,,,,6.6
Paul Lake,2004-06-07,5.0,,,,5.9
Paul Lake,2004-06-07,5.5,,,,5.7
Paul Lake,2004-06-07,6.0,,,,5.7
Paul Lake,2004-06-07,6.5,,,,5.3
Paul Lake,2004-06-07,7.0,,,,5.0
Paul Lake,2004-06-07,8.0,,,,4.9
Paul Lake,2004-06-07,9.0,,,,4.8
Paul Lake,2004-06-07,10.0,,,,4.8
Paul Lake,2004-06-14,0.0,,,,19.7
Paul Lake,2004-06-14,0.25,,,,
Paul Lake,2004-06-14,0.5,,,,19.6
Paul Lake,2004-06-14,0.75,,,,
Paul Lake,2004-06-14,1.0,,,,19.4
Paul Lake,2004-06-14,1.5,,,,18.7
Paul Lake,2004-06-14,2.0,,,,17.4
Paul Lake,2004-06-14,2.5,,,,14.7
Paul Lake,2004-06-14,3.0,,,,12.4
Paul Lake,2004-06-14,3.5,,,,10.3
Paul Lake,2004-06-14,4.0,,,,9.0
Paul Lake,2004-06-14,4.5,,,,7.1
Paul Lake,2004-06-14,5.0,,,,6.2
Paul Lake,2004-06-14,5.5,,,,5.9
Paul Lake,2004-06-14,6.0,,,,5.9
Paul Lake,2004-06-14,6.5,,,,5.5
Paul Lake,2004-06-14,7.0,,,,5.2
Paul Lake,2004-06-14,8.0,,,,4.9
Paul Lake,2004-06-14,9.0,,,,4.9
Paul Lake,2004-06-14,10.0,,,,4.9
Paul Lake,2004-06-21,0.0,,,,19.6
Paul Lake,2004-06-21,0.25,,,,
Paul Lake,2004-06-21,0.5,,,,19.6
Paul Lake,2004-06-21,0.75,,,,
Paul Lake,2004-06-21,1.0,,,,19.4
Paul Lake,2004-06-21,1.5,,,,19.4
Paul Lake,2004-06-21,2.0,,,,19.2
Paul Lake,2004-06-21,2.5,,,,17.0
Paul Lake,2004-06-21,3.0,,,,13.4
Paul Lake,2004-06-21,3.5,,,,11.0
Paul Lake,2004-06-21,4.0,,,,9.2
Paul Lake,2004-06-21,4.5,,,,7.9
Paul Lake,2004-06-21,5.0,,,,6.6
Paul Lake,2004-06-21,5.5,,,,6.2
Paul Lake,2004-06-21,6.0,,,,6.1
Paul Lake,2004-06-21,6.5,,,,5.7
Paul Lake,2004-06-21,7.0,,,,5.3
Paul Lake,2004-06-21,8.0,,,,5.0
Paul Lake,2004-06-21,9.0,,,,4.9
Paul Lake,2004-06-21,10.0,,,,4.9
Paul Lake,2004-06-28,0.0,,,,17.6
Paul Lake,2004-06-28,0.25,,,,
Paul Lake,2004-06-28,0.5,,,,17.5
Paul Lake,2004-06-28,0.75,,,,
Paul Lake,2004-06-28,1.0,,,,17.3
Paul Lake,2004-06-28,1.5,,,,17.2
Paul Lake,2004-06-28,2.0,,,,17.1
Paul Lake,2004-06-28,2.5,,,,16.6
Paul Lake,2004-06-28,3.0,,,,14.2
Paul Lake,2004-06-28,3.5,,,,11.5
Paul Lake,2004-06-28,4.0,,,,10.1
Paul Lake,2004-06-28,4.5,,,,8.4
Paul Lake,2004-06-28,5.0,,,,6.9
Paul Lake,2004-06-28,5.5,,,,6.4
Paul Lake,2004-06-28,6.0,,,,6.3
Paul Lake,2004-06-28,6.5,,,,5.8
Paul Lake,2004-06-28,7.0,,,,5.5
Paul Lake,2004-06-28,8.0,,,,5.1
Paul Lake,2004-06-28,9.0,,,,5.0
Paul Lake,2004-07-06,0.0,,,,19.1
Paul Lake,2004-07-06,0.25,,,,
Paul Lake,2004-07-06,0.5,,,,19.1
Paul Lake,2004-07-06,0.75,,,,
Paul Lake,2004-07-06,1.0,,,,19.1
Paul Lake,2004-07-06,1.5,,,,19.1
Paul Lake,2004-07-06,2.0,,,,19.1
Paul Lake,2004-07-06,2.5,,,,18.0
Paul Lake,2004-07-06,3.0,,,,15.5
Paul Lake,2004-07-06,3.5,,,,12.7
Paul Lake,2004-07-06,4.0,,,,10.3
Paul Lake,2004-07-06,4.5,,,,8.6
Paul Lake,2004-07-06,5.0,,,,7.4
Paul Lake,2004-07-06,5.5,,,,6.7
Paul Lake,2004-07-06,6.0,,,,6.4
Paul Lake,2004-07-06,6.5,,,,6.0
Paul Lake,2004-07-06,7.0,,,,5.6
Paul Lake,2004-07-06,8.0,,,,5.2
Paul Lake,2004-07-06,9.0,,,,5.1
Paul Lake,2004-07-06,10.0,,,,5.0
Paul Lake,2004-07-06,11.0,,,,5.0
Paul Lake,2004-07-06,12.0,,,,5.0
Paul Lake,2004-07-12,0.0,,,,21.3
Paul Lake,2004-07-12,0.25,,,,
Paul Lake,2004-07-12,0.5,,,,21.3
Paul Lake,2004-07-12,0.75,,,,
Paul Lake,2004-07-12,1.0,,,,20.2
Paul Lake,2004-07-12,1.5,,,,19.1
Paul Lake,2004-07-12,2.0,,,,18.2
Paul Lake,2004-07-12,2.5,,,,17.4
Paul Lake,2004-07-12,3.0,,,,16.0
Paul Lake,2004-07-12,3.5,,,,13.6
Paul Lake,2004-07-12,4.0,,,,11.1
Paul Lake,2004-07-12,4.5,,,,9.0
Paul Lake,2004-07-12,5.0,,,,7.6
Paul Lake,2004-07-12,5.5,,,,6.8
Paul Lake,2004-07-12,6.0,,,,6.5
Paul Lake,2004-07-12,6.5,,,,5.9
Paul Lake,2004-07-12,7.0,,,,5.6
Paul Lake,2004-07-12,8.0,,,,5.1
Paul Lake,2004-07-12,9.0,,,,5.0
Paul Lake,2004-07-12,10.0,,,,5.0
Paul Lake,2004-07-12,11.0,,,,5.0
Paul Lake,2004-07-19,0.0,,,,22.7
Paul Lake,2004-07-19,0.25,,,,
Paul Lake,2004-07-19,0.5,,,,22.7
Paul Lake,2004-07-19,0.75,,,,
Paul Lake,2004-07-19,1.0,,,,22.5
Paul Lake,2004-07-19,1.5,,,,22.3
Paul Lake,2004-07-19,2.0,,,,21.0
Paul Lake,2004-07-19,2.5,,,,18.8
Paul Lake,2004-07-19,3.0,,,,16.5
Paul Lake,2004-07-19,3.5,,,,14.2
Paul Lake,2004-07-19,4.0,,,,11.7
Paul Lake,2004-07-19,4.5,,,,9.5
Paul Lake,2004-07-19,5.0,,,,8.0
Paul Lake,2004-07-19,5.5,,,,7.1
Paul Lake,2004-07-19,6.0,,,,6.8
Paul Lake,2004-07-19,6.5,,,,6.2
Paul Lake,2004-07-19,7.0,,,,5.8
Paul Lake,2004-07-19,8.0,,,,5.3
Paul Lake,2004-07-19,9.0,,,,5.1
Paul Lake,2004-07-19,10.0,,,,5.0
Paul Lake,2004-07-26,0.0,,,,21.8
Paul Lake,2004-07-26,0.25,,,,
Paul Lake,2004-07-26,0.5,,,,21.8
Paul Lake,2004-07-26,0.75,,,,
Paul Lake,2004-07-26,1.0,,,,21.7
Paul Lake,2004-07-26,1.5,,,,21.5
Paul Lake,2004-07-26,2.0,,,,21.4
Paul Lake,2004-07-26,2.5,,,,20.3
Paul Lake,2004-07-26,3.0,,,,17.6
Paul Lake,2004-07-26,3.5,,,,15.0
Paul Lake,2004-07-26,4.0,,,,12.0
Paul Lake,2004-07-26,4.5,,,,10.2
Paul Lake,2004-07-26,5.0,,,,8.4
Paul Lake,2004-07-26,5.5,,,,7.4
Paul Lake,2004-07-26,6.0,,,,6.9
Paul Lake,2004-07-26,6.5,,,,6.4
Paul Lake,2004-07-26,7.0,,,,5.9
Paul Lake,2004-07-26,8.0,,,,5.4
Paul Lake,2004-07-26,9.0,,,,5.2
Paul Lake,2004-07-26,10.0,,,,5.1
Paul Lake,2004-08-02,0.0,,,,23.7
Paul Lake,2004-08-02,0.25,,,,
Paul Lake,2004-08-02,0.5,,,,23.7
Paul Lake,2004-08-02,0.75,,,,
Paul Lake,2004-08-02,1.0,,,,23.4
Paul Lake,2004-08-02,1.5,,,,22.7
Paul Lake,2004-08-02,2.0,,,,22.3
Paul Lake,2004-08-02,2.5,,,,21.2
Paul Lake,2004-08-02,3.0,,,,18.6
Paul Lake,2004-08-02,3.5,,,,15.4
Paul Lake,2004-08-02,4.0,,,,12.7
Paul Lake,2004-08-02,4.5,,,,10.5
Paul Lake,2004-08-02,5.0,,,,8.9
Paul Lake,2004-08-02,5.5,,,,7.8
Paul Lake,2004-08-02,6.0,,,,7.1
Paul Lake,2004-08-02,6.5,,,,6.6
Paul Lake,2004-08-02,7.0,,,,6.0
Paul Lake,2004-08-02,8.0,,,,5.4
Paul Lake,2004-08-02,9.0,,,,5.2
Paul Lake,2004-08-02,10.0,,,,5.1
Paul Lake,2004-08-09,0.0,,,,21.4
Paul Lake,2004-08-09,0.25,,,,
Paul Lake,2004-08-09,0.5,,,,21.4
Paul Lake,2004-08-09,0.75,,,,
Paul Lake,2004-08-09,1.0,,,,21.3
Paul Lake,2004-08-09,1.5,,,,21.2
Paul Lake,2004-08-09,2.0,,,,21.2
Paul Lake,2004-08-09,2.5,,,,21.0
Paul Lake,2004-08-09,3.0,,,,19.4
Paul Lake,2004-08-09,3.5,,,,15.7
Paul Lake,2004-08-09,4.0,,,,13.2
Paul Lake,2004-08-09,4.5,,,,10.9
Paul Lake,2004-08-09,5.0,,,,9.1
Paul Lake,2004-08-09,5.5,,,,8.0
Paul Lake,2004-08-09,6.0,,,,7.3
Paul Lake,2004-08-09,6.5,,,,6.6
Paul Lake,2004-08-09,7.0,,,,6.1
Paul Lake,2004-08-09,8.0,,,,5.5
Paul Lake,2004-08-09,9.0,,,,5.2
Paul Lake,2004-08-09,10.0,,,,5.1
Paul Lake,2004-08-16,0.0,,,,18.5
Paul Lake,2004-08-16,0.25,,,,
Paul Lake,2004-08-16,0.5,,,,18.5
Paul Lake,2004-08-16,0.75,,,,
Paul Lake,2004-08-16,1.0,,,,18.5
Paul Lake,2004-08-16,1.5,,,,18.4
Paul Lake,2004-08-16,2.0,,,,18.3
Paul Lake,2004-08-16,2.5,,,,18.1
Paul Lake,2004-08-16,3.0,,,,17.7
Paul Lake,2004-08-16,3.5,,,,16.7
Paul Lake,2004-08-16,4.0,,,,14.0
Paul Lake,2004-08-16,4.5,,,,11.3
Paul Lake,2004-08-16,5.0,,,,9.4
Paul Lake,2004-08-16,5.5,,,,8.2
Paul Lake,2004-08-16,6.0,,,,7.5
Paul Lake,2004-08-16,6.5,,,,6.8
Paul Lake,2004-08-16,7.0,,,,6.1
Paul Lake,2004-08-16,8.0,,,,5.5
Paul Lake,2004-08-16,9.0,,,,5.3
Paul Lake,2004-08-16,10.0,,,,5.2
Paul Lake,2005-05-24,0.0,,,,16.4
Paul Lake,2005-05-24,0.25,,,,
Paul Lake,2005-05-24,0.5,,,,15.7
Paul Lake,2005-05-24,0.75,,,,
Paul Lake,2005-05-24,1.0,,,,15.3
Paul Lake,2005-05-24,1.5,,,,13.2
Paul Lake,2005-05-24,2.0,,,,12.0
Paul Lake,2005-05-24,2.5,,,,10.9
Paul Lake,2005-05-24,3.0,,,,9.8
Paul Lake,2005-05-24,3.5,,,,9.0
Paul Lake,2005-05-24,4.0,,,,8.2
Paul Lake,2005-05-24,4.5,,,,7.1
Paul Lake,2005-05-24,5.0,,,,6.4
Paul Lake,2005-05-24,5.5,,,,5.7
Paul Lake,2005-05-24,6.0,,,,5.4
Paul Lake,2005-05-24,6.5,,,,5.3
Paul Lake,2005-05-24,7.0,,,,5.2
Paul Lake,2005-05-24,8.0,,,,4.9
Paul Lake,2005-05-24,9.0,,,,4.8
Paul Lake,2005-05-24,10.0,,,,4.8
Paul Lake,2005-05-24,11.0,,,,4.8
Paul Lake,2005-05-24,12.0,,,,4.8
Paul Lake,2005-05-24,,263.33,11.96,,
Paul Lake,2005-06-01,0.0,,,,18.7
Paul Lake,2005-06-01,0.25,,,,
Paul Lake,2005-06-01,0.5,,,,18.6
Paul Lake,2005-06-01,0.75,,,,
Paul Lake,2005-06-01,1.0,,,,18.2
Paul Lake,2005-06-01,1.5,,,,16.9
Paul Lake,2005-06-01,2.0,,,,15.3
Paul Lake,2005-06-01,2.5,,,,13.1
Paul Lake,2005-06-01,3.0,,,,11.5
Paul Lake,2005-06-01,3.5,,,,10.1
Paul Lake,2005-06-01,4.0,,,,9.1
Paul Lake,2005-06-01,4.5,,,,7.8
Paul Lake,2005-06-01,5.0,,,,6.9
Paul Lake,2005-06-01,5.5,,,,6.3
Paul Lake,2005-06-01,6.0,,,,5.7
Paul Lake,2005-06-01,6.5,,,,5.5
Paul Lake,2005-06-01,7.0,,,,5.4
Paul Lake,2005-06-01,8.0,,,,5.0
Paul Lake,2005-06-01,9.0,,,,4.9
Paul Lake,2005-06-01,10.0,,,,4.8
Paul Lake,2005-06-01,11.0,,,,4.8
Paul Lake,2005-06-01,12.0,,,,4.8
Paul Lake,2005-06-01,,396.4,5.76,,
Paul Lake,2005-06-07,0.0,,,,21.2
Paul Lake,2005-06-07,0.25,,,,
Paul Lake,2005-06-07,0.5,,,,21.2
Paul Lake,2005-06-07,0.75,,,,
Paul Lake,2005-06-07,1.0,,,,21.0
Paul Lake,2005-06-07,1.5,,,,20.8
Paul Lake,2005-06-07,2.0,,,,17.3
Paul Lake,2005-06-07,2.5,,,,14.7
Paul Lake,2005-06-07,3.0,,,,12.8
Paul Lake,2005-06-07,3.5,,,,11.7
Paul Lake,2005-06-07,4.0,,,,9.4
Paul Lake,2005-06-07,4.5,,,,8.6
Paul Lake,2005-06-07,5.0,,,,7.6
Paul Lake,2005-06-07,5.5,,,,6.6
Paul Lake,2005-06-07,6.0,,,,5.8
Paul Lake,2005-06-07,6.5,,,,5.7
Paul Lake,2005-06-07,7.0,,,,5.7
Paul Lake,2005-06-07,8.0,,,,5.2
Paul Lake,2005-06-07,9.0,,,,5.0
Paul Lake,2005-06-07,10.0,,,,4.9
Paul Lake,2005-06-07,11.0,,,,4.9
Paul Lake,2005-06-07,12.0,,,,4.9
Paul Lake,2005-06-07,,369.08,11.15,,
Paul Lake,2005-06-14,0.0,,,,23.1
Paul Lake,2005-06-14,0.25,,,,
Paul Lake,2005-06-14,0.5,,,,23.1
Paul Lake,2005-06-14,0.75,,,,
Paul Lake,2005-06-14,1.0,,,,23.1
Paul Lake,2005-06-14,1.5,,,,22.8
Paul Lake,2005-06-14,2.0,,,,20.1
Paul Lake,2005-06-14,2.5,,,,17.0
Paul Lake,2005-06-14,3.0,,,,14.1
Paul Lake,2005-06-14,3.5,,,,12.7
Paul Lake,2005-06-14,4.0,,,,10.7
Paul Lake,2005-06-14,4.5,,,,9.3
Paul Lake,2005-06-14,5.0,,,,8.0
Paul Lake,2005-06-14,5.5,,,,6.9
Paul Lake,2005-06-14,6.0,,,,6.3
Paul Lake,2005-06-14,6.5,,,,5.9
Paul Lake,2005-06-14,7.0,,,,5.3
Paul Lake,2005-06-14,8.0,,,,5.1
Paul Lake,2005-06-14,9.0,,,,4.9
Paul Lake,2005-06-14,10.0,,,,4.9
Paul Lake,2005-06-14,11.0,,,,4.9
Paul Lake,2005-06-14,12.0,,,,5.0
Paul Lake,2005-06-14,,315.16,8.75,,
Paul Lake,2005-06-21,0.0,,,,23.3
Paul Lake,2005-06-21,0.25,,,,
Paul Lake,2005-06-21,0.5,,,,23.1
Paul Lake,2005-06-21,0.75,,,,
Paul Lake,2005-06-21,1.0,,,,22.9
Paul Lake,2005-06-21,1.5,,,,22.5
Paul Lake,2005-06-21,2.0,,,,21.8
Paul Lake,2005-06-21,2.5,,,,18.9
Paul Lake,2005-06-21,3.0,,,,16.2
Paul Lake,2005-06-21,3.5,,,,13.5
Paul Lake,2005-06-21,4.0,,,,11.3
Paul Lake,2005-06-21,4.5,,,,9.6
Paul Lake,2005-06-21,5.0,,,,8.2
Paul Lake,2005-06-21,5.5,,,,7.2
Paul Lake,2005-06-21,6.0,,,,6.3
Paul Lake,2005-06-21,6.5,,,,6.1
Paul Lake,2005-06-21,7.0,,,,6.0
Paul Lake,2005-06-21,8.0,,,,5.3
Paul Lake,2005-06-21,9.0,,,,5.0
Paul Lake,2005-06-21,10.0,,,,5.0
Paul Lake,2005-06-21,11.0,,,,5.0
Paul Lake,2005-06-21,12.0,,,,5.0
Paul Lake,2005-06-21,,326.36,5.9,,
Paul Lake,2005-06-28,0.0,,,,25.1
Paul Lake,2005-06-28,0.25,,,,
Paul Lake,2005-06-28,0.5,,,,24.8
Paul Lake,2005-06-28,0.75,,,,
Paul Lake,2005-06-28,1.0,,,,24.6
Paul Lake,2005-06-28,1.5,,,,24.5
Paul Lake,2005-06-28,2.0,,,,24.2
Paul Lake,2005-06-28,2.5,,,,21.3
Paul Lake,2005-06-28,3.0,,,,17.5
Paul Lake,2005-06-28,3.5,,,,14.7
Paul Lake,2005-06-28,4.0,,,,12.6
Paul Lake,2005-06-28,4.5,,,,10.5
Paul Lake,2005-06-28,5.0,,,,8.8
Paul Lake,2005-06-28,5.5,,,,7.8
Paul Lake,2005-06-28,6.0,,,,6.9
Paul Lake,2005-06-28,6.5,,,,6.4
Paul Lake,2005-06-28,7.0,,,,6.0
Paul Lake,2005-06-28,8.0,,,,5.4
Paul Lake,2005-06-28,9.0,,,,5.2
Paul Lake,2005-06-28,10.0,,,,5.1
Paul Lake,2005-06-28,11.0,,,,5.1
Paul Lake,2005-06-28,12.0,,,,5.1
Paul Lake,2005-06-28,,352.98,17.9,,
Paul Lake,2005-07-04,0.0,,,,23.1
Paul Lake,2005-07-04,0.25,,,,
Paul Lake,2005-07-04,0.5,,,,23.0
Paul Lake,2005-07-04,0.75,,,,
Paul Lake,2005-07-04,1.0,,,,22.6
Paul Lake,2005-07-04,1.5,,,,22.5
Paul Lake,2005-07-04,2.0,,,,22.4
Paul Lake,2005-07-04,2.5,,,,22.0
Paul Lake,2005-07-04,3.0,,,,18.9
Paul Lake,2005-07-04,3.5,,,,15.5
Paul Lake,2005-07-04,4.0,,,,12.6
Paul Lake,2005-07-04,4.5,,,,10.8
Paul Lake,2005-07-04,5.0,,,,9.1
Paul Lake,2005-07-04,5.5,,,,8.0
Paul Lake,2005-07-04,6.0,,,,6.9
Paul Lake,2005-07-04,6.5,,,,6.6
Paul Lake,2005-07-04,7.0,,,,6.3
Paul Lake,2005-07-04,8.0,,,,5.6
Paul Lake,2005-07-04,9.0,,,,5.3
Paul Lake,2005-07-04,10.0,,,,5.2
Paul Lake,2005-07-04,11.0,,,,5.2
Paul Lake,2005-07-04,12.0,,,,5.2
Paul Lake,2005-07-04,,299.05,9.09,,
Paul Lake,2005-07-12,0.0,,,,27.7
Paul Lake,2005-07-12,0.25,,,,
Paul Lake,2005-07-12,0.5,,,,27.1
Paul Lake,2005-07-12,0.75,,,,
Paul Lake,2005-07-12,1.0,,,,26.7
Paul Lake,2005-07-12,1.5,,,,25.9
Paul Lake,2005-07-12,2.0,,,,24.4
Paul Lake,2005-07-12,2.5,,,,22.9
Paul Lake,2005-07-12,3.0,,,,19.7
Paul Lake,2005-07-12,3.5,,,,17.3
Paul Lake,2005-07-12,4.0,,,,14.0
Paul Lake,2005-07-12,4.5,,,,11.2
Paul Lake,2005-07-12,5.0,,,,9.6
Paul Lake,2005-07-12,5.5,,,,8.1
Paul Lake,2005-07-12,6.0,,,,7.2
Paul Lake,2005-07-12,6.5,,,,6.8
Paul Lake,2005-07-12,7.0,,,,6.4
Paul Lake,2005-07-12,8.0,,,,5.7
Paul Lake,2005-07-12,9.0,,,,5.3
Paul Lake,2005-07-12,10.0,,,,5.2
Paul Lake,2005-07-12,11.0,,,,5.2
Paul Lake,2005-07-12,12.0,,,,5.2
Paul Lake,2005-07-12,,351.58,10.08,,
Paul Lake,2005-07-19,0.0,,,,26.0
Paul Lake,2005-07-19,0.25,,,,
Paul Lake,2005-07-19,0.5,,,,25.9
Paul Lake,2005-07-19,0.75,,,,
Paul Lake,2005-07-19,1.0,,,,25.8
Paul Lake,2005-07-19,1.5,,,,25.8
Paul Lake,2005-07-19,2.0,,,,25.6
Paul Lake,2005-07-19,2.5,,,,24.2
Paul Lake,2005-07-19,3.0,,,,20.5
Paul Lake,2005-07-19,3.5,,,,17.9
Paul Lake,2005-07-19,4.0,,,,14.4
Paul Lake,2005-07-19,4.5,,,,11.8
Paul Lake,2005-07-19,5.0,,,,9.9
Paul Lake,2005-07-19,5.5,,,,8.5
Paul Lake,2005-07-19,6.0,,,,7.4
Paul Lake,2005-07-19,6.5,,,,7.0
Paul Lake,2005-07-19,7.0,,,,6.6
Paul Lake,2005-07-19,8.0,,,,5.8
Paul Lake,2005-07-19,9.0,,,,5.5
Paul Lake,2005-07-19,10.0,,,,5.3
Paul Lake,2005-07-19,11.0,,,,5.2
Paul Lake,2005-07-19,12.0,,,,5.3
Paul Lake,2005-07-19,,402.0,6.81,,
Paul Lake,2005-07-26,0.0,,,,23.8
Paul Lake,2005-07-26,0.25,,,,
Paul Lake,2005-07-26,0.5,,,,23.9
Paul Lake,2005-07-26,0.75,,,,
Paul Lake,2005-07-26,1.0,,,,23.9
Paul Lake,2005-07-26,1.5,,,,23.9
Paul Lake,2005-07-26,2.0,,,,23.9
Paul Lake,2005-07-26,2.5,,,,23.8
Paul Lake,2005-07-26,3.0,,,,22.4
Paul Lake,2005-07-26,3.5,,,,18.5
Paul Lake,2005-07-26,4.0,,,,15.9
Paul Lake,2005-07-26,4.5,,,,12.4
Paul Lake,2005-07-26,5.0,,,,10.5
Paul Lake,2005-07-26,5.5,,,,9.2
Paul Lake,2005-07-26,6.0,,,,7.8
Paul Lake,2005-07-26,6.5,,,,7.4
Paul Lake,2005-07-26,7.0,,,,6.6
Paul Lake,2005-07-26,8.0,,,,6.0
Paul Lake,2005-07-26,9.0,,,,5.5
Paul Lake,2005-07-26,10.0,,,,5.3
Paul Lake,2005-07-26,11.0,,,,5.2
Paul Lake,2005-07-26,12.0,,,,5.3
Paul Lake,2005-07-26,,280.14,12.3,,
Paul Lake,2005-08-02,0.0,,,,25.3
Paul Lake,2005-08-02,0.25,,,,
Paul Lake,2005-08-02,0.5,,,,25.4
Paul Lake,2005-08-02,0.75,,,,
Paul Lake,2005-08-02,1.0,,,,25.1
Paul Lake,2005-08-02,1.5,,,,23.9
Paul Lake,2005-08-02,2.0,,,,23.0
Paul Lake,2005-08-02,2.5,,,,22.5
Paul Lake,2005-08-02,3.0,,,,21.5
Paul Lake,2005-08-02,3.5,,,,19.6
Paul Lake,2005-08-02,4.0,,,,16.3
Paul Lake,2005-08-02,4.5,,,,12.9
Paul Lake,2005-08-02,5.0,,,,11.1
Paul Lake,2005-08-02,5.5,,,,9.0
Paul Lake,2005-08-02,6.0,,,,8.1
Paul Lake,2005-08-02,6.5,,,,7.3
Paul Lake,2005-08-02,7.0,,,,6.5
Paul Lake,2005-08-02,8.0,,,,5.9
Paul Lake,2005-08-02,9.0,,,,5.5
Paul Lake,2005-08-02,10.0,,,,5.3
Paul Lake,2005-08-02,11.0,,,,5.4
Paul Lake,2005-08-02,12.0,,,,5.5
Paul Lake,2005-08-02,,362.08,9.85,,
Paul Lake,2005-08-09,0.0,,,,24.9
Paul Lake,2005-08-09,0.25,,,,
Paul Lake,2005-08-09,0.5,,,,25.0
Paul Lake,2005-08-09,0.75,,,,
Paul Lake,2005-08-09,1.0,,,,25.1
Paul Lake,2005-08-09,1.5,,,,25.0
Paul Lake,2005-08-09,2.0,,,,24.6
Paul Lake,2005-08-09,2.5,,,,24.0
Paul Lake,2005-08-09,3.0,,,,21.9
Paul Lake,2005-08-09,3.5,,,,19.1
Paul Lake,2005-08-09,4.0,,,,15.8
Paul Lake,2005-08-09,4.5,,,,13.6
Paul Lake,2005-08-09,5.0,,,,10.6
Paul Lake,2005-08-09,5.5,,,,9.2
Paul Lake,2005-08-09,6.0,,,,7.9
Paul Lake,2005-08-09,6.5,,,,7.1
Paul Lake,2005-08-09,7.0,,,,6.9
Paul Lake,2005-08-09,8.0,,,,5.7
Paul Lake,2005-08-09,9.0,,,,5.4
Paul Lake,2005-08-09,10.0,,,,5.4
Paul Lake,2005-08-09,11.0,,,,5.3
Paul Lake,2005-08-09,12.0,,,,5.3
Paul Lake,2005-08-09,,329.86,11.77,,
Paul Lake,2005-08-15,0.0,,,,22.4
Paul Lake,2005-08-15,0.25,,,,
Paul Lake,2005-08-15,0.5,,,,22.3
Paul Lake,2005-08-15,0.75,,,,
Paul Lake,2005-08-15,1.0,,,,22.2
Paul Lake,2005-08-15,1.5,,,,22.2
Paul Lake,2005-08-15,2.0,,,,22.1
Paul Lake,2005-08-15,2.5,,,,22.0
Paul Lake,2005-08-15,3.0,,,,21.8
Paul Lake,2005-08-15,3.5,,,,19.6
Paul Lake,2005-08-15,4.0,,,,16.5
Paul Lake,2005-08-15,4.5,,,,13.4
Paul Lake,2005-08-15,5.0,,,,11.2
Paul Lake,2005-08-15,5.5,,,,9.4
Paul Lake,2005-08-15,6.0,,,,8.7
Paul Lake,2005-08-15,6.5,,,,7.6
Paul Lake,2005-08-15,7.0,,,,6.8
Paul Lake,2005-08-15,8.0,,,,6.0
Paul Lake,2005-08-15,9.0,,,,5.6
Paul Lake,2005-08-15,10.0,,,,5.4
Paul Lake,2005-08-15,11.0,,,,5.3
Paul Lake,2005-08-15,12.0,,,,5.4
Paul Lake,2005-08-15,,266.83,11.77,,
Paul Lake,2005-08-23,0.0,,,,20.3
Paul Lake,2005-08-23,0.25,,,,
Paul Lake,2005-08-23,0.5,,,,20.3
Paul Lake,2005-08-23,0.75,,,,
Paul Lake,2005-08-23,1.0,,,,20.2
Paul Lake,2005-08-23,1.5,,,,20.2
Paul Lake,2005-08-23,2.0,,,,20.1
Paul Lake,2005-08-23,2.5,,,,20.1
Paul Lake,2005-08-23,3.0,,,,20.0
Paul Lake,2005-08-23,3.5,,,,19.7
Paul Lake,2005-08-23,4.0,,,,16.8
Paul Lake,2005-08-23,4.5,,,,13.9
Paul Lake,2005-08-23,5.0,,,,11.4
Paul Lake,2005-08-23,5.5,,,,9.8
Paul Lake,2005-08-23,6.0,,,,8.7
Paul Lake,2005-08-23,6.5,,,,7.7
Paul Lake,2005-08-23,7.0,,,,6.9
Paul Lake,2005-08-23,8.0,,,,6.0
Paul Lake,2005-08-23,9.0,,,,5.5
Paul Lake,2005-08-23,10.0,,,,5.4
Paul Lake,2005-08-23,11.0,,,,5.4
Paul Lake,2005-08-23,12.0,,,,5.4
Paul Lake,2005-08-23,,336.17,13.04,,
Paul Lake,2006-05-23,0.0,,,,14.0
Paul Lake,2006-05-23,0.25,,,,
Paul Lake,2006-05-23,0.5,,,,13.8
Paul Lake,2006-05-23,0.75,,,,
Paul Lake,2006-05-23,1.0,,,,13.7
Paul Lake,2006-05-23,1.5,,,,13.3
Paul Lake,2006-05-23,2.0,,,,12.7
Paul Lake,2006-05-23,2.5,,,,11.9
Paul Lake,2006-05-23,3.0,,,,10.0
Paul Lake,2006-05-23,3.5,,,,9.4
Paul Lake,2006-05-23,4.0,,,,8.8
Paul Lake,2006-05-23,4.5,,,,7.7
Paul Lake,2006-05-23,5.0,,,,6.2
Paul Lake,2006-05-23,5.5,,,,5.6
Paul Lake,2006-05-23,6.0,,,,5.4
Paul Lake,2006-05-23,6.5,,,,5.1
Paul Lake,2006-05-23,7.0,,,,4.9
Paul Lake,2006-05-23,8.0,,,,4.9
Paul Lake,2006-05-23,9.0,,,,4.8
Paul Lake,2006-05-23,10.0,,,,4.8
Paul Lake,2006-05-23,11.0,,,,4.8
Paul Lake,2006-05-23,12.0,,,,4.8
Paul Lake,2006-05-23,,224.86,7.25,,
Paul Lake,2006-05-29,0.0,,,,23.8
Paul Lake,2006-05-29,0.25,,,,
Paul Lake,2006-05-29,0.5,,,,23.1
Paul Lake,2006-05-29,0.75,,,,
Paul Lake,2006-05-29,1.0,,,,21.1
Paul Lake,2006-05-29,1.5,,,,17.0
Paul Lake,2006-05-29,2.0,,,,15.3
Paul Lake,2006-05-29,2.5,,,,13.6
Paul Lake,2006-05-29,3.0,,,,11.6
Paul Lake,2006-05-29,3.5,,,,10.6
Paul Lake,2006-05-29,4.0,,,,9.2
Paul Lake,2006-05-29,4.5,,,,8.5
Paul Lake,2006-05-29,5.0,,,,7.0
Paul Lake,2006-05-29,5.5,,,,6.1
Paul Lake,2006-05-29,6.0,,,,5.7
Paul Lake,2006-05-29,6.5,,,,5.3
Paul Lake,2006-05-29,7.0,,,,5.1
Paul Lake,2006-05-29,8.0,,,,5.0
Paul Lake,2006-05-29,9.0,,,,4.9
Paul Lake,2006-05-29,10.0,,,,4.9
Paul Lake,2006-05-29,11.0,,,,4.9
Paul Lake,2006-05-29,12.0,,,,4.9
Paul Lake,2006-06-05,0.0,,,,22.4
Paul Lake,2006-06-05,0.25,,,,
Paul Lake,2006-06-05,0.5,,,,22.2
Paul Lake,2006-06-05,0.75,,,,
Paul Lake,2006-06-05,1.0,,,,21.8
Paul Lake,2006-06-05,1.5,,,,21.4
Paul Lake,2006-06-05,2.0,,,,18.5
Paul Lake,2006-06-05,2.5,,,,15.0
Paul Lake,2006-06-05,3.0,,,,12.9
Paul Lake,2006-06-05,3.5,,,,11.4
Paul Lake,2006-06-05,4.0,,,,10.1
Paul Lake,2006-06-05,4.5,,,,9.0
Paul Lake,2006-06-05,5.0,,,,7.4
Paul Lake,2006-06-05,5.5,,,,6.5
Paul Lake,2006-06-05,6.0,,,,6.0
Paul Lake,2006-06-05,6.5,,,,5.4
Paul Lake,2006-06-05,7.0,,,,5.2
Paul Lake,2006-06-05,8.0,,,,5.0
Paul Lake,2006-06-05,9.0,,,,4.9
Paul Lake,2006-06-05,10.0,,,,4.9
Paul Lake,2006-06-05,11.0,,,,4.9
Paul Lake,2006-06-05,12.0,,,,4.9
Paul Lake,2006-06-12,0.0,,,,19.6
Paul Lake,2006-06-12,0.25,,,,
Paul Lake,2006-06-12,0.5,,,,19.6
Paul Lake,2006-06-12,0.75,,,,
Paul Lake,2006-06-12,1.0,,,,19.4
Paul Lake,2006-06-12,1.5,,,,19.4
Paul Lake,2006-06-12,2.0,,,,19.2
Paul Lake,2006-06-12,2.5,,,,17.1
Paul Lake,2006-06-12,3.0,,,,14.4
Paul Lake,2006-06-12,3.5,,,,12.0
Paul Lake,2006-06-12,4.0,,,,10.8
Paul Lake,2006-06-12,4.5,,,,9.1
Paul Lake,2006-06-12,5.0,,,,7.8
Paul Lake,2006-06-12,5.5,,,,6.7
Paul Lake,2006-06-12,6.0,,,,6.1
Paul Lake,2006-06-12,6.5,,,,5.7
Paul Lake,2006-06-12,7.0,,,,5.3
Paul Lake,2006-06-12,8.0,,,,5.1
Paul Lake,2006-06-12,9.0,,,,5.0
Paul Lake,2006-06-12,10.0,,,,4.9
Paul Lake,2006-06-12,11.0,,,,4.9
Paul Lake,2006-06-12,12.0,,,,5.0
Paul Lake,2006-06-20,0.0,,,,21.7
Paul Lake,2006-06-20,0.25,,,,
Paul Lake,2006-06-20,0.5,,,,21.6
Paul Lake,2006-06-20,0.75,,,,
Paul Lake,2006-06-20,1.0,,,,21.5
Paul Lake,2006-06-20,1.5,,,,21.3
Paul Lake,2006-06-20,2.0,,,,21.2
Paul Lake,2006-06-20,2.5,,,,18.4
Paul Lake,2006-06-20,3.0,,,,15.5
Paul Lake,2006-06-20,3.5,,,,13.1
Paul Lake,2006-06-20,4.0,,,,11.2
Paul Lake,2006-06-20,4.5,,,,9.5
Paul Lake,2006-06-20,5.0,,,,8.0
Paul Lake,2006-06-20,5.5,,,,7.1
Paul Lake,2006-06-20,6.0,,,,6.4
Paul Lake,2006-06-20,6.5,,,,5.8
Paul Lake,2006-06-20,7.0,,,,5.5
Paul Lake,2006-06-20,8.0,,,,5.1
Paul Lake,2006-06-20,9.0,,,,5.0
Paul Lake,2006-06-20,10.0,,,,5.0
Paul Lake,2006-06-20,11.0,,,,5.0
Paul Lake,2006-06-20,12.0,,,,5.0
Paul Lake,2006-06-20,,315.8,15.04,,
Paul Lake,2006-06-26,0.0,,,,22.5
Paul Lake,2006-06-26,0.25,,,,
Paul Lake,2006-06-26,0.5,,,,22.3
Paul Lake,2006-06-26,0.75,,,,
Paul Lake,2006-06-26,1.0,,,,22.0
Paul Lake,2006-06-26,1.5,,,,21.7
Paul Lake,2006-06-26,2.0,,,,21.5
Paul Lake,2006-06-26,2.5,,,,19.0
Paul Lake,2006-06-26,3.0,,,,15.9
Paul Lake,2006-06-26,3.5,,,,14.2
Paul Lake,2006-06-26,4.0,,,,11.4
Paul Lake,2006-06-26,4.5,,,,9.4
Paul Lake,2006-06-26,5.0,,,,8.3
Paul Lake,2006-06-26,5.5,,,,7.4
Paul Lake,2006-06-26,6.0,,,,6.4
Paul Lake,2006-06-26,6.5,,,,6.0
Paul Lake,2006-06-26,7.0,,,,5.6
Paul Lake,2006-06-26,8.0,,,,5.2
Paul Lake,2006-06-26,9.0,,,,5.1
Paul Lake,2006-06-26,10.0,,,,5.0
Paul Lake,2006-06-26,11.0,,,,5.0
Paul Lake,2006-06-26,12.0,,,,5.0
Paul Lake,2006-07-03,0.0,,,,22.8
Paul Lake,2006-07-03,0.25,,,,
Paul Lake,2006-07-03,0.5,,,,23.1
Paul Lake,2006-07-03,0.75,,,,
Paul Lake,2006-07-03,1.0,,,,23.1
Paul Lake,2006-07-03,1.5,,,,23.1
Paul Lake,2006-07-03,2.0,,,,22.4
Paul Lake,2006-07-03,2.5,,,,20.1
Paul Lake,2006-07-03,3.0,,,,17.5
Paul Lake,2006-07-03,3.5,,,,14.3
Paul Lake,2006-07-03,4.0,,,,11.6
Paul Lake,2006-07-03,4.5,,,,9.8
Paul Lake,2006-07-03,5.0,,,,8.8
Paul Lake,2006-07-03,5.5,,,,7.9
Paul Lake,2006-07-03,6.0,,,,6.9
Paul Lake,2006-07-03,6.5,,,,6.0
Paul Lake,2006-07-03,7.0,,,,5.6
Paul Lake,2006-07-03,8.0,,,,5.1
Paul Lake,2006-07-03,9.0,,,,5.0
Paul Lake,2006-07-03,10.0,,,,4.9
Paul Lake,2006-07-03,11.0,,,,5.1
Paul Lake,2006-07-03,12.0,,,,5.2
Paul Lake,2006-07-10,0.0,,,,22.3
Paul Lake,2006-07-10,0.25,,,,
Paul Lake,2006-07-10,0.5,,,,22.4
Paul Lake,2006-07-10,0.75,,,,
Paul Lake,2006-07-10,1.0,,,,22.3
Paul Lake,2006-07-10,1.5,,,,22.2
Paul Lake,2006-07-10,2.0,,,,22.2
Paul Lake,2006-07-10,2.5,,,,21.6
Paul Lake,2006-07-10,3.0,,,,18.2
Paul Lake,2006-07-10,3.5,,,,15.0
Paul Lake,2006-07-10,4.0,,,,12.8
Paul Lake,2006-07-10,4.5,,,,11.0
Paul Lake,2006-07-10,5.0,,,,9.1
Paul Lake,2006-07-10,5.5,,,,7.6
Paul Lake,2006-07-10,6.0,,,,6.9
Paul Lake,2006-07-10,6.5,,,,6.5
Paul Lake,2006-07-10,7.0,,,,6.0
Paul Lake,2006-07-10,8.0,,,,5.4
Paul Lake,2006-07-10,9.0,,,,5.2
Paul Lake,2006-07-10,10.0,,,,5.1
Paul Lake,2006-07-10,11.0,,,,5.1
Paul Lake,2006-07-10,12.0,,,,5.1
Paul Lake,2006-07-18,0.0,,,,25.9
Paul Lake,2006-07-18,0.25,,,,
Paul Lake,2006-07-18,0.5,,,,26.0
Paul Lake,2006-07-18,0.75,,,,
Paul Lake,2006-07-18,1.0,,,,25.8
Paul Lake,2006-07-18,1.5,,,,25.7
Paul Lake,2006-07-18,2.0,,,,25.4
Paul Lake,2006-07-18,2.5,,,,22.7
Paul Lake,2006-07-18,3.0,,,,20.1
Paul Lake,2006-07-18,3.5,,,,16.1
Paul Lake,2006-07-18,4.0,,,,13.4
Paul Lake,2006-07-18,4.5,,,,10.8
Paul Lake,2006-07-18,5.0,,,,9.4
Paul Lake,2006-07-18,5.5,,,,8.2
Paul Lake,2006-07-18,6.0,,,,7.2
Paul Lake,2006-07-18,6.5,,,,6.4
Paul Lake,2006-07-18,7.0,,,,5.9
Paul Lake,2006-07-18,8.0,,,,5.4
Paul Lake,2006-07-18,9.0,,,,5.2
Paul Lake,2006-07-18,10.0,,,,5.1
Paul Lake,2006-07-18,11.0,,,,5.1
Paul Lake,2006-07-18,12.0,,,,5.2
Paul Lake,2006-07-18,,327.59,8.47,,
Paul Lake,2006-07-24,0.0,,,,24.4
Paul Lake,2006-07-24,0.25,,,,
Paul Lake,2006-07-24,0.5,,,,23.9
Paul Lake,2006-07-24,0.75,,,,
Paul Lake,2006-07-24,1.0,,,,23.7
Paul Lake,2006-07-24,1.5,,,,23.6
Paul Lake,2006-07-24,2.0,,,,23.5
Paul Lake,2006-07-24,2.5,,,,23.1
Paul Lake,2006-07-24,3.0,,,,20.1
Paul Lake,2006-07-24,3.5,,,,16.7
Paul Lake,2006-07-24,4.0,,,,13.4
Paul Lake,2006-07-24,4.5,,,,11.3
Paul Lake,2006-07-24,5.0,,,,9.4
Paul Lake,2006-07-24,5.5,,,,8.2
Paul Lake,2006-07-24,6.0,,,,7.3
Paul Lake,2006-07-24,6.5,,,,6.4
Paul Lake,2006-07-24,7.0,,,,5.8
Paul Lake,2006-07-24,8.0,,,,5.4
Paul Lake,2006-07-24,9.0,,,,5.2
Paul Lake,2006-07-24,10.0,,,,5.1
Paul Lake,2006-07-24,11.0,,,,5.1
Paul Lake,2006-07-24,12.0,,,,5.1
Paul Lake,2006-07-31,0.0,,,,24.6
Paul Lake,2006-07-31,0.25,,,,
Paul Lake,2006-07-31,0.5,,,,24.4
Paul Lake,2006-07-31,0.75,,,,
Paul Lake,2006-07-31,1.0,,,,24.4
Paul Lake,2006-07-31,1.5,,,,24.3
Paul Lake,2006-07-31,2.0,,,,24.2
Paul Lake,2006-07-31,2.5,,,,24.1
Paul Lake,2006-07-31,3.0,,,,22.4
Paul Lake,2006-07-31,3.5,,,,18.7
Paul Lake,2006-07-31,4.0,,,,15.1
Paul Lake,2006-07-31,4.5,,,,12.6
Paul Lake,2006-07-31,5.0,,,,10.5
Paul Lake,2006-07-31,5.5,,,,9.0
Paul Lake,2006-07-31,6.0,,,,7.8
Paul Lake,2006-07-31,6.5,,,,6.9
Paul Lake,2006-07-31,7.0,,,,6.3
Paul Lake,2006-07-31,8.0,,,,6.0
Paul Lake,2006-07-31,9.0,,,,5.3
Paul Lake,2006-07-31,10.0,,,,5.2
Paul Lake,2006-07-31,11.0,,,,5.2
Paul Lake,2006-07-31,12.0,,,,5.2
Paul Lake,2006-08-07,0.0,,,,23.4
Paul Lake,2006-08-07,0.25,,,,
Paul Lake,2006-08-07,0.5,,,,23.3
Paul Lake,2006-08-07,0.75,,,,
Paul Lake,2006-08-07,1.0,,,,23.3
Paul Lake,2006-08-07,1.5,,,,23.2
Paul Lake,2006-08-07,2.0,,,,23.2
Paul Lake,2006-08-07,2.5,,,,23.1
Paul Lake,2006-08-07,3.0,,,,23.0
Paul Lake,2006-08-07,3.5,,,,19.4
Paul Lake,2006-08-07,4.0,,,,15.8
Paul Lake,2006-08-07,4.5,,,,12.6
Paul Lake,2006-08-07,5.0,,,,10.5
Paul Lake,2006-08-07,5.5,,,,9.2
Paul Lake,2006-08-07,6.0,,,,8.0
Paul Lake,2006-08-07,6.5,,,,6.9
Paul Lake,2006-08-07,7.0,,,,6.2
Paul Lake,2006-08-07,8.0,,,,5.8
Paul Lake,2006-08-07,9.0,,,,5.6
Paul Lake,2006-08-07,10.0,,,,5.5
Paul Lake,2006-08-07,11.0,,,,5.2
Paul Lake,2006-08-07,12.0,,,,5.2
Paul Lake,2006-08-15,0.0,,,,21.9
Paul Lake,2006-08-15,0.25,,,,
Paul Lake,2006-08-15,0.5,,,,21.9
Paul Lake,2006-08-15,0.75,,,,
Paul Lake,2006-08-15,1.0,,,,21.9
Paul Lake,2006-08-15,1.5,,,,21.9
Paul Lake,2006-08-15,2.0,,,,21.8
Paul Lake,2006-08-15,2.5,,,,21.8
Paul Lake,2006-08-15,3.0,,,,21.6
Paul Lake,2006-08-15,3.5,,,,19.7
Paul Lake,2006-08-15,4.0,,,,16.1
Paul Lake,2006-08-15,4.5,,,,13.3
Paul Lake,2006-08-15,5.0,,,,11.0
Paul Lake,2006-08-15,5.5,,,,9.7
Paul Lake,2006-08-15,6.0,,,,8.3
Paul Lake,2006-08-15,6.5,,,,7.3
Paul Lake,2006-08-15,7.0,,,,6.4
Paul Lake,2006-08-15,8.0,,,,6.0
Paul Lake,2006-08-15,9.0,,,,5.4
Paul Lake,2006-08-15,10.0,,,,5.3
Paul Lake,2006-08-15,11.0,,,,5.3
Paul Lake,2006-08-15,12.0,,,,5.3
Paul Lake,2006-08-15,,307.38,4.26,,
Paul Lake,2006-08-21,0.0,,,,21.8
Paul Lake,2006-08-21,0.25,,,,
Paul Lake,2006-08-21,0.5,,,,21.8
Paul Lake,2006-08-21,0.75,,,,
Paul Lake,2006-08-21,1.0,,,,21.9
Paul Lake,2006-08-21,1.5,,,,21.0
Paul Lake,2006-08-21,2.0,,,,21.1
Paul Lake,2006-08-21,2.5,,,,21.7
Paul Lake,2006-08-21,3.0,,,,21.7
Paul Lake,2006-08-21,3.5,,,,20.3
Paul Lake,2006-08-21,4.0,,,,16.9
Paul Lake,2006-08-21,4.5,,,,13.9
Paul Lake,2006-08-21,5.0,,,,11.6
Paul Lake,2006-08-21,5.5,,,,9.7
Paul Lake,2006-08-21,6.0,,,,8.8
Paul Lake,2006-08-21,6.5,,,,7.7
Paul Lake,2006-08-21,7.0,,,,6.8
Paul Lake,2006-08-21,8.0,,,,5.9
Paul Lake,2006-08-21,9.0,,,,5.5
Paul Lake,2006-08-21,10.0,,,,5.4
Paul Lake,2006-08-21,11.0,,,,5.3
Paul Lake,2006-08-21,12.0,,,,5.4
Paul Lake,2006-08-26,0.0,,,,20.6
Paul Lake,2006-08-26,0.25,,,,
Paul Lake,2006-08-26,0.5,,,,20.6
Paul Lake,2006-08-26,0.75,,,,
Paul Lake,2006-08-26,1.0,,,,20.6
Paul Lake,2006-08-26,1.5,,,,20.6
Paul Lake,2006-08-26,2.0,,,,20.6
Paul Lake,2006-08-26,2.5,,,,20.6
Paul Lake,2006-08-26,3.0,,,,20.6
Paul Lake,2006-08-26,3.5,,,,20.4
Paul Lake,2006-08-26,4.0,,,,17.9
Paul Lake,2006-08-26,4.5,,,,14.4
Paul Lake,2006-08-26,5.0,,,,11.7
Paul Lake,2006-08-26,5.5,,,,10.3
Paul Lake,2006-08-26,6.0,,,,8.8
Paul Lake,2006-08-26,6.5,,,,7.6
Paul Lake,2006-08-26,7.0,,,,6.8
Paul Lake,2006-08-26,8.0,,,,6.1
Paul Lake,2006-08-26,9.0,,,,5.5
Paul Lake,2006-08-26,10.0,,,,5.4
Paul Lake,2006-08-26,11.0,,,,5.4
Paul Lake,2006-08-26,12.0,,,,5.4
Paul Lake,2007-05-22,0.0,,,,15.8
Paul Lake,2007-05-22,0.25,,,,
Paul Lake,2007-05-22,0.5,,,,15.6
Paul Lake,2007-05-22,0.75,,,,
Paul Lake,2007-05-22,1.0,,,,15.3
Paul Lake,2007-05-22,1.5,,,,15.2
Paul Lake,2007-05-22,2.0,,,,15.0
Paul Lake,2007-05-22,2.5,,,,14.1
Paul Lake,2007-05-22,3.0,,,,11.6
Paul Lake,2007-05-22,3.5,,,,9.6
Paul Lake,2007-05-22,4.0,,,,8.1
Paul Lake,2007-05-22,4.5,,,,7.1
Paul Lake,2007-05-22,5.0,,,,6.4
Paul Lake,2007-05-22,5.5,,,,5.8
Paul Lake,2007-05-22,6.0,,,,5.6
Paul Lake,2007-05-22,6.5,,,,5.3
Paul Lake,2007-05-22,7.0,,,,5.1
Paul Lake,2007-05-22,8.0,,,,4.9
Paul Lake,2007-05-22,9.0,,,,4.8
Paul Lake,2007-05-22,10.0,,,,4.8
Paul Lake,2007-05-22,11.0,,,,4.8
Paul Lake,2007-05-22,12.0,,,,4.8
Paul Lake,2007-05-23,0.0,,,,18.9
Paul Lake,2007-05-23,0.25,,,,
Paul Lake,2007-05-23,0.5,,,,18.5
Paul Lake,2007-05-23,0.75,,,,
Paul Lake,2007-05-23,1.0,,,,16.7
Paul Lake,2007-05-23,1.5,,,,15.8
Paul Lake,2007-05-23,2.0,,,,15.3
Paul Lake,2007-05-23,2.5,,,,14.1
Paul Lake,2007-05-23,3.0,,,,11.6
Paul Lake,2007-05-23,3.5,,,,9.5
Paul Lake,2007-05-23,4.0,,,,8.1
Paul Lake,2007-05-23,4.5,,,,7.2
Paul Lake,2007-05-23,5.0,,,,6.5
Paul Lake,2007-05-23,5.5,,,,6.0
Paul Lake,2007-05-23,6.0,,,,5.4
Paul Lake,2007-05-23,6.5,,,,5.2
Paul Lake,2007-05-23,7.0,,,,5.1
Paul Lake,2007-05-23,8.0,,,,4.9
Paul Lake,2007-05-23,9.0,,,,4.8
Paul Lake,2007-05-23,10.0,,,,4.8
Paul Lake,2007-05-23,11.0,,,,4.8
Paul Lake,2007-05-23,12.0,,,,4.8
Paul Lake,2007-05-23,,327.45,19.62,,
Paul Lake,2007-05-28,0.0,,,,15.6
Paul Lake,2007-05-28,0.25,,,,
Paul Lake,2007-05-28,0.5,,,,15.4
Paul Lake,2007-05-28,0.75,,,,
Paul Lake,2007-05-28,1.0,,,,15.3
Paul Lake,2007-05-28,1.5,,,,15.2
Paul Lake,2007-05-28,2.0,,,,15.1
Paul Lake,2007-05-28,2.5,,,,14.8
Paul Lake,2007-05-28,3.0,,,,12.7
Paul Lake,2007-05-28,3.5,,,,10.5
Paul Lake,2007-05-28,4.0,,,,8.7
Paul Lake,2007-05-28,4.5,,,,7.6
Paul Lake,2007-05-28,5.0,,,,6.8
Paul Lake,2007-05-28,5.5,,,,6.2
Paul Lake,2007-05-28,6.0,,,,5.8
Paul Lake,2007-05-28,6.5,,,,5.4
Paul Lake,2007-05-28,7.0,,,,5.2
Paul Lake,2007-05-28,8.0,,,,4.9
Paul Lake,2007-05-28,9.0,,,,4.9
Paul Lake,2007-05-28,10.0,,,,4.8
Paul Lake,2007-05-28,11.0,,,,4.8
Paul Lake,2007-05-28,12.0,,,,4.8
Paul Lake,2007-05-28,,303.97,10.5,,
Paul Lake,2007-06-04,0.0,,,,19.2
Paul Lake,2007-06-04,0.25,,,,
Paul Lake,2007-06-04,0.5,,,,19.3
Paul Lake,2007-06-04,0.75,,,,
Paul Lake,2007-06-04,1.0,,,,19.2
Paul Lake,2007-06-04,1.5,,,,19.1
Paul Lake,2007-06-04,2.0,,,,17.4
Paul Lake,2007-06-04,2.5,,,,15.5
Paul Lake,2007-06-04,3.0,,,,13.9
Paul Lake,2007-06-04,3.5,,,,11.2
Paul Lake,2007-06-04,4.0,,,,9.8
Paul Lake,2007-06-04,4.5,,,,8.1
Paul Lake,2007-06-04,5.0,,,,7.2
Paul Lake,2007-06-04,5.5,,,,6.5
Paul Lake,2007-06-04,6.0,,,,6.0
Paul Lake,2007-06-04,6.5,,,,5.7
Paul Lake,2007-06-04,7.0,,,,5.3
Paul Lake,2007-06-04,8.0,,,,5.0
Paul Lake,2007-06-04,9.0,,,,4.9
Paul Lake,2007-06-04,10.0,,,,4.8
Paul Lake,2007-06-04,11.0,,,,4.8
Paul Lake,2007-06-04,12.0,,,,4.8
Paul Lake,2007-06-04,,319.52,7.3,,
Paul Lake,2007-06-11,0.0,,,,21.2
Paul Lake,2007-06-11,0.25,,,,
Paul Lake,2007-06-11,0.5,,,,20.7
Paul Lake,2007-06-11,0.75,,,,
Paul Lake,2007-06-11,1.0,,,,20.4
Paul Lake,2007-06-11,1.5,,,,19.6
Paul Lake,2007-06-11,2.0,,,,19.0
Paul Lake,2007-06-11,2.5,,,,17.6
Paul Lake,2007-06-11,3.0,,,,14.9
Paul Lake,2007-06-11,3.5,,,,12.3
Paul Lake,2007-06-11,4.0,,,,10.1
Paul Lake,2007-06-11,4.5,,,,9.1
Paul Lake,2007-06-11,5.0,,,,7.7
Paul Lake,2007-06-11,5.5,,,,6.8
Paul Lake,2007-06-11,6.0,,,,6.4
Paul Lake,2007-06-11,6.5,,,,5.9
Paul Lake,2007-06-11,7.0,,,,5.6
Paul Lake,2007-06-11,8.0,,,,5.0
Paul Lake,2007-06-11,9.0,,,,4.9
Paul Lake,2007-06-11,10.0,,,,4.9
Paul Lake,2007-06-11,11.0,,,,4.9
Paul Lake,2007-06-11,12.0,,,,4.9
Paul Lake,2007-06-11,,300.33,14.15,,
Paul Lake,2007-06-18,0.0,,,,23.9
Paul Lake,2007-06-18,0.25,,,,
Paul Lake,2007-06-18,0.5,,,,23.9
Paul Lake,2007-06-18,0.75,,,,
Paul Lake,2007-06-18,1.0,,,,23.8
Paul Lake,2007-06-18,1.5,,,,23.6
Paul Lake,2007-06-18,2.0,,,,22.3
Paul Lake,2007-06-18,2.5,,,,19.2
Paul Lake,2007-06-18,3.0,,,,16.4
Paul Lake,2007-06-18,3.5,,,,13.3
Paul Lake,2007-06-18,4.0,,,,11.1
Paul Lake,2007-06-18,4.5,,,,9.4
Paul Lake,2007-06-18,5.0,,,,8.3
Paul Lake,2007-06-18,5.5,,,,7.3
Paul Lake,2007-06-18,6.0,,,,6.7
Paul Lake,2007-06-18,6.5,,,,6.1
Paul Lake,2007-06-18,7.0,,,,5.7
Paul Lake,2007-06-18,8.0,,,,5.3
Paul Lake,2007-06-18,9.0,,,,5.0
Paul Lake,2007-06-18,10.0,,,,4.9
Paul Lake,2007-06-18,11.0,,,,4.9
Paul Lake,2007-06-18,12.0,,,,4.9
Paul Lake,2007-06-18,,329.29,16.25,,
Paul Lake,2007-06-25,0.0,,,,23.6
Paul Lake,2007-06-25,0.25,,,,
Paul Lake,2007-06-25,0.5,,,,24.1
Paul Lake,2007-06-25,0.75,,,,
Paul Lake,2007-06-25,1.0,,,,24.0
Paul Lake,2007-06-25,1.5,,,,23.7
Paul Lake,2007-06-25,2.0,,,,22.8
Paul Lake,2007-06-25,2.5,,,,20.9
Paul Lake,2007-06-25,3.0,,,,18.2
Paul Lake,2007-06-25,3.5,,,,14.6
Paul Lake,2007-06-25,4.0,,,,12.6
Paul Lake,2007-06-25,4.5,,,,10.1
Paul Lake,2007-06-25,5.0,,,,8.8
Paul Lake,2007-06-25,5.5,,,,7.7
Paul Lake,2007-06-25,6.0,,,,7.0
Paul Lake,2007-06-25,6.5,,,,6.4
Paul Lake,2007-06-25,7.0,,,,5.9
Paul Lake,2007-06-25,8.0,,,,5.0
Paul Lake,2007-06-25,9.0,,,,5.0
Paul Lake,2007-06-25,10.0,,,,5.0
Paul Lake,2007-06-25,11.0,,,,4.9
Paul Lake,2007-06-25,12.0,,,,4.9
Paul Lake,2007-06-25,,288.77,15.36,,
Paul Lake,2007-07-02,0.0,,,,22.5
Paul Lake,2007-07-02,0.25,,,,
Paul Lake,2007-07-02,0.5,,,,22.6
Paul Lake,2007-07-02,0.75,,,,
Paul Lake,2007-07-02,1.0,,,,22.7
Paul Lake,2007-07-02,1.5,,,,22.7
Paul Lake,2007-07-02,2.0,,,,22.6
Paul Lake,2007-07-02,2.5,,,,22.2
Paul Lake,2007-07-02,3.0,,,,19.3
Paul Lake,2007-07-02,3.5,,,,15.7
Paul Lake,2007-07-02,4.0,,,,12.2
Paul Lake,2007-07-02,4.5,,,,10.9
Paul Lake,2007-07-02,5.0,,,,9.3
Paul Lake,2007-07-02,5.5,,,,8.2
Paul Lake,2007-07-02,6.0,,,,7.2
Paul Lake,2007-07-02,6.5,,,,6.7
Paul Lake,2007-07-02,7.0,,,,5.9
Paul Lake,2007-07-02,8.0,,,,5.4
Paul Lake,2007-07-02,9.0,,,,5.1
Paul Lake,2007-07-02,10.0,,,,5.1
Paul Lake,2007-07-02,11.0,,,,5.0
Paul Lake,2007-07-02,12.0,,,,5.0
Paul Lake,2007-07-02,,286.03,5.5,,
Paul Lake,2007-07-09,0.0,,,,24.7
Paul Lake,2007-07-09,0.25,,,,
Paul Lake,2007-07-09,0.5,,,,24.7
Paul Lake,2007-07-09,0.75,,,,
Paul Lake,2007-07-09,1.0,,,,24.8
Paul Lake,2007-07-09,1.5,,,,24.6
Paul Lake,2007-07-09,2.0,,,,24.1
Paul Lake,2007-07-09,2.5,,,,22.9
Paul Lake,2007-07-09,3.0,,,,20.2
Paul Lake,2007-07-09,3.5,,,,17.1
Paul Lake,2007-07-09,4.0,,,,14.0
Paul Lake,2007-07-09,4.5,,,,11.5
Paul Lake,2007-07-09,5.0,,,,9.5
Paul Lake,2007-07-09,5.5,,,,8.3
Paul Lake,2007-07-09,6.0,,,,7.5
Paul Lake,2007-07-09,6.5,,,,6.9
Paul Lake,2007-07-09,7.0,,,,5.8
Paul Lake,2007-07-09,8.0,,,,5.4
Paul Lake,2007-07-09,9.0,,,,5.2
Paul Lake,2007-07-09,10.0,,,,5.0
Paul Lake,2007-07-09,11.0,,,,4.9
Paul Lake,2007-07-09,12.0,,,,4.8
Paul Lake,2007-07-09,,330.47,10.09,,
Paul Lake,2007-07-16,0.0,,,,20.3
Paul Lake,2007-07-16,0.25,,,,
Paul Lake,2007-07-16,0.5,,,,20.5
Paul Lake,2007-07-16,0.75,,,,
Paul Lake,2007-07-16,1.0,,,,19.9
Paul Lake,2007-07-16,1.5,,,,20.2
Paul Lake,2007-07-16,2.0,,,,20.2
Paul Lake,2007-07-16,2.5,,,,20.2
Paul Lake,2007-07-16,3.0,,,,19.5
Paul Lake,2007-07-16,3.5,,,,17.1
Paul Lake,2007-07-16,4.0,,,,14.4
Paul Lake,2007-07-16,4.5,,,,12.3
Paul Lake,2007-07-16,5.0,,,,9.8
Paul Lake,2007-07-16,5.5,,,,8.8
Paul Lake,2007-07-16,6.0,,,,7.7
Paul Lake,2007-07-16,6.5,,,,7.0
Paul Lake,2007-07-16,7.0,,,,6.2
Paul Lake,2007-07-16,8.0,,,,5.5
Paul Lake,2007-07-16,9.0,,,,5.1
Paul Lake,2007-07-16,10.0,,,,5.1
Paul Lake,2007-07-16,11.0,,,,5.1
Paul Lake,2007-07-16,12.0,,,,5.1
Paul Lake,2007-07-16,,299.03,16.88,,
Paul Lake,2007-07-23,0.0,,,,22.7
Paul Lake,2007-07-23,0.25,,,,
Paul Lake,2007-07-23,0.5,,,,22.7
Paul Lake,2007-07-23,0.75,,,,
Paul Lake,2007-07-23,1.0,,,,22.7
Paul Lake,2007-07-23,1.5,,,,22.4
Paul Lake,2007-07-23,2.0,,,,22.0
Paul Lake,2007-07-23,2.5,,,,21.3
Paul Lake,2007-07-23,3.0,,,,20.5
Paul Lake,2007-07-23,3.5,,,,17.9
Paul Lake,2007-07-23,4.0,,,,14.6
Paul Lake,2007-07-23,4.5,,,,12.4
Paul Lake,2007-07-23,5.0,,,,10.2
Paul Lake,2007-07-23,5.5,,,,8.9
Paul Lake,2007-07-23,6.0,,,,7.9
Paul Lake,2007-07-23,6.5,,,,7.4
Paul Lake,2007-07-23,7.0,,,,6.5
Paul Lake,2007-07-23,8.0,,,,5.6
Paul Lake,2007-07-23,9.0,,,,5.3
Paul Lake,2007-07-23,10.0,,,,5.2
Paul Lake,2007-07-23,11.0,,,,5.1
Paul Lake,2007-07-23,12.0,,,,5.1
Paul Lake,2007-07-23,,338.72,9.73,,
Paul Lake,2007-07-30,0.0,,,,25.2
Paul Lake,2007-07-30,0.25,,,,
Paul Lake,2007-07-30,0.5,,,,25.1
Paul Lake,2007-07-30,0.75,,,,
Paul Lake,2007-07-30,1.0,,,,25.1
Paul Lake,2007-07-30,1.5,,,,25.1
Paul Lake,2007-07-30,2.0,,,,24.4
Paul Lake,2007-07-30,2.5,,,,22.7
Paul Lake,2007-07-30,3.0,,,,20.8
Paul Lake,2007-07-30,3.5,,,,18.5
Paul Lake,2007-07-30,4.0,,,,15.1
Paul Lake,2007-07-30,4.5,,,,13.3
Paul Lake,2007-07-30,5.0,,,,10.7
Paul Lake,2007-07-30,5.5,,,,9.0
Paul Lake,2007-07-30,6.0,,,,8.1
Paul Lake,2007-07-30,6.5,,,,7.4
Paul Lake,2007-07-30,7.0,,,,6.6
Paul Lake,2007-07-30,8.0,,,,5.6
Paul Lake,2007-07-30,9.0,,,,5.4
Paul Lake,2007-07-30,10.0,,,,5.2
Paul Lake,2007-07-30,11.0,,,,5.2
Paul Lake,2007-07-30,12.0,,,,5.2
Paul Lake,2007-07-30,,376.47,12.46,,
Paul Lake,2007-08-06,0.0,,,,23.4
Paul Lake,2007-08-06,0.25,,,,
Paul Lake,2007-08-06,0.5,,,,23.4
Paul Lake,2007-08-06,0.75,,,,
Paul Lake,2007-08-06,1.0,,,,23.4
Paul Lake,2007-08-06,1.5,,,,23.3
Paul Lake,2007-08-06,2.0,,,,23.2
Paul Lake,2007-08-06,2.5,,,,23.2
Paul Lake,2007-08-06,3.0,,,,22.2
Paul Lake,2007-08-06,3.5,,,,18.8
Paul Lake,2007-08-06,4.0,,,,15.6
Paul Lake,2007-08-06,4.5,,,,13.0
Paul Lake,2007-08-06,5.0,,,,10.8
Paul Lake,2007-08-06,5.5,,,,9.5
Paul Lake,2007-08-06,6.0,,,,8.3
Paul Lake,2007-08-06,6.5,,,,7.3
Paul Lake,2007-08-06,7.0,,,,6.7
Paul Lake,2007-08-06,8.0,,,,5.8
Paul Lake,2007-08-06,9.0,,,,5.4
Paul Lake,2007-08-06,10.0,,,,5.3
Paul Lake,2007-08-06,11.0,,,,5.2
Paul Lake,2007-08-06,12.0,,,,5.2
Paul Lake,2007-08-06,,367.28,11.86,,
Paul Lake,2007-08-13,0.0,,,,23.7
Paul Lake,2007-08-13,0.25,,,,
Paul Lake,2007-08-13,0.5,,,,23.7
Paul Lake,2007-08-13,0.75,,,,
Paul Lake,2007-08-13,1.0,,,,23.6
Paul Lake,2007-08-13,1.5,,,,23.5
Paul Lake,2007-08-13,2.0,,,,23.5
Paul Lake,2007-08-13,2.5,,,,23.2
Paul Lake,2007-08-13,3.0,,,,22.4
Paul Lake,2007-08-13,3.5,,,,19.4
Paul Lake,2007-08-13,4.0,,,,15.6
Paul Lake,2007-08-13,4.5,,,,13.5
Paul Lake,2007-08-13,5.0,,,,11.1
Paul Lake,2007-08-13,5.5,,,,9.2
Paul Lake,2007-08-13,6.0,,,,8.1
Paul Lake,2007-08-13,6.5,,,,7.4
Paul Lake,2007-08-13,7.0,,,,6.4
Paul Lake,2007-08-13,8.0,,,,5.7
Paul Lake,2007-08-13,9.0,,,,5.4
Paul Lake,2007-08-13,10.0,,,,5.3
Paul Lake,2007-08-13,11.0,,,,5.3
Paul Lake,2007-08-13,12.0,,,,5.3
Paul Lake,2007-08-13,,316.46,21.49,,
Paul Lake,2007-08-20,0.0,,,,20.2
Paul Lake,2007-08-20,0.25,,,,
Paul Lake,2007-08-20,0.5,,,,20.3
Paul Lake,2007-08-20,0.75,,,,
Paul Lake,2007-08-20,1.0,,,,20.3
Paul Lake,2007-08-20,1.5,,,,20.3
Paul Lake,2007-08-20,2.0,,,,20.3
Paul Lake,2007-08-20,2.5,,,,20.3
Paul Lake,2007-08-20,3.0,,,,20.3
Paul Lake,2007-08-20,3.5,,,,20.1
Paul Lake,2007-08-20,4.0,,,,17.0
Paul Lake,2007-08-20,4.5,,,,13.7
Paul Lake,2007-08-20,5.0,,,,11.4
Paul Lake,2007-08-20,5.5,,,,9.9
Paul Lake,2007-08-20,6.0,,,,8.9
Paul Lake,2007-08-20,6.5,,,,7.7
Paul Lake,2007-08-20,7.0,,,,6.5
Paul Lake,2007-08-20,8.0,,,,5.9
Paul Lake,2007-08-20,9.0,,,,5.5
Paul Lake,2007-08-20,10.0,,,,5.3
Paul Lake,2007-08-20,11.0,,,,5.3
Paul Lake,2007-08-20,12.0,,,,5.4
Paul Lake,2007-08-20,,305.25,16.51,,
Paul Lake,2007-08-27,0.0,,,,20.2
Paul Lake,2007-08-27,0.25,,,,
Paul Lake,2007-08-27,0.5,,,,20.2
Paul Lake,2007-08-27,0.75,,,,
Paul Lake,2007-08-27,1.0,,,,20.2
Paul Lake,2007-08-27,1.5,,,,20.2
Paul Lake,2007-08-27,2.0,,,,20.1
Paul Lake,2007-08-27,2.5,,,,20.0
Paul Lake,2007-08-27,3.0,,,,19.7
Paul Lake,2007-08-27,3.5,,,,19.2
Paul Lake,2007-08-27,4.0,,,,16.7
Paul Lake,2007-08-27,4.5,,,,14.8
Paul Lake,2007-08-27,5.0,,,,11.7
Paul Lake,2007-08-27,5.5,,,,9.5
Paul Lake,2007-08-27,6.0,,,,8.6
Paul Lake,2007-08-27,6.5,,,,7.9
Paul Lake,2007-08-27,7.0,,,,6.7
Paul Lake,2007-08-27,8.0,,,,6.0
Paul Lake,2007-08-27,9.0,,,,5.5
Paul Lake,2007-08-27,10.0,,,,5.5
Paul Lake,2007-08-27,11.0,,,,5.5
Paul Lake,2007-08-27,12.0,,,,5.5
Paul Lake,2007-08-27,,342.15,19.36,,
Paul Lake,2007-10-01,0.0,,,,15.4
Paul Lake,2007-10-01,0.5,,,,15.4
Paul Lake,2007-10-01,1.0,,,,15.4
Paul Lake,2007-10-01,1.5,,,,15.2
Paul Lake,2007-10-01,2.0,,,,15.2
Paul Lake,2007-10-01,2.5,,,,15.1
Paul Lake,2007-10-01,3.0,,,,15.0
Paul Lake,2007-10-01,3.5,,,,15.0
Paul Lake,2007-10-01,4.0,,,,14.9
Paul Lake,2007-10-01,4.5,,,,14.2
Paul Lake,2007-10-01,5.0,,,,13.3
Paul Lake,2007-10-01,5.5,,,,11.8
Paul Lake,2007-10-01,6.0,,,,10.4
Paul Lake,2007-10-01,6.5,,,,8.9
Paul Lake,2007-10-01,7.0,,,,8.0
Paul Lake,2007-10-01,7.5,,,,6.9
Paul Lake,2007-10-01,8.0,,,,6.6
Paul Lake,2007-10-01,8.5,,,,6.1
Paul Lake,2007-10-01,9.0,,,,6.0
Paul Lake,2007-10-01,9.5,,,,5.8
Paul Lake,2007-10-01,10.0,,,,5.8
Paul Lake,2007-10-01,11.0,,,,5.8
Paul Lake,2007-10-01,12.0,,,,5.8
Paul Lake,2008-05-15,0.0,,,,13.0
Paul Lake,2008-05-15,0.25,,,,
Paul Lake,2008-05-15,0.5,,,,12.9
Paul Lake,2008-05-15,0.75,,,,
Paul Lake,2008-05-15,1.0,,,,12.7
Paul Lake,2008-05-15,1.5,,,,12.4
Paul Lake,2008-05-15,2.0,,,,11.2
Paul Lake,2008-05-15,2.5,,,,8.6
Paul Lake,2008-05-15,3.0,,,,6.9
Paul Lake,2008-05-15,3.5,,,,6.0
Paul Lake,2008-05-15,4.0,,,,5.4
Paul Lake,2008-05-15,4.5,,,,4.8
Paul Lake,2008-05-15,5.0,,,,4.7
Paul Lake,2008-05-15,5.5,,,,4.7
Paul Lake,2008-05-15,6.0,,,,4.7
Paul Lake,2008-05-15,6.5,,,,4.7
Paul Lake,2008-05-15,7.0,,,,4.7
Paul Lake,2008-05-15,8.0,,,,4.7
Paul Lake,2008-05-15,9.0,,,,4.7
Paul Lake,2008-05-15,10.0,,,,4.7
Paul Lake,2008-05-15,11.0,,,,4.7
Paul Lake,2008-05-15,12.0,,,,4.7
Paul Lake,2008-05-15,,230.64,9.46,,
Paul Lake,2008-05-20,0.0,,,,12.9
Paul Lake,2008-05-20,0.25,,,,
Paul Lake,2008-05-20,0.5,,,,13.0
Paul Lake,2008-05-20,0.75,,,,
Paul Lake,2008-05-20,1.0,,,,13.0
Paul Lake,2008-05-20,1.5,,,,12.9
Paul Lake,2008-05-20,2.0,,,,12.7
Paul Lake,2008-05-20,2.5,,,,10.5
Paul Lake,2008-05-20,3.0,,,,8.5
Paul Lake,2008-05-20,3.5,,,,6.6
Paul Lake,2008-05-20,4.0,,,,5.9
Paul Lake,2008-05-20,4.5,,,,5.3
Paul Lake,2008-05-20,5.0,,,,5.0
Paul Lake,2008-05-20,5.5,,,,4.9
Paul Lake,2008-05-20,6.0,,,,4.8
Paul Lake,2008-05-20,6.5,,,,4.7
Paul Lake,2008-05-20,7.0,,,,4.7
Paul Lake,2008-05-20,8.0,,,,4.7
Paul Lake,2008-05-20,9.0,,,,4.7
Paul Lake,2008-05-20,10.0,,,,4.7
Paul Lake,2008-05-20,11.0,,,,4.7
Paul Lake,2008-05-20,12.0,,,,4.7
Paul Lake,2008-05-20,,198.83,7.74,,
Paul Lake,2008-05-27,0.0,,,,14.6
Paul Lake,2008-05-27,0.25,,,,
Paul Lake,2008-05-27,0.5,,,,14.6
Paul Lake,2008-05-27,0.75,,,,
Paul Lake,2008-05-27,1.0,,,,14.6
Paul Lake,2008-05-27,1.5,,,,14.5
Paul Lake,2008-05-27,2.0,,,,14.5
Paul Lake,2008-05-27,2.5,,,,13.2
Paul Lake,2008-05-27,3.0,,,,10.5
Paul Lake,2008-05-27,3.5,,,,8.2
Paul Lake,2008-05-27,4.0,,,,7.1
Paul Lake,2008-05-27,4.5,,,,6.0
Paul Lake,2008-05-27,5.0,,,,5.4
Paul Lake,2008-05-27,5.5,,,,5.2
Paul Lake,2008-05-27,6.0,,,,5.0
Paul Lake,2008-05-27,6.5,,,,4.8
Paul Lake,2008-05-27,7.0,,,,4.8
Paul Lake,2008-05-27,8.0,,,,4.8
Paul Lake,2008-05-27,9.0,,,,4.8
Paul Lake,2008-05-27,10.0,,,,4.8
Paul Lake,2008-05-27,11.0,,,,4.8
Paul Lake,2008-05-27,12.0,,,,4.8
Paul Lake,2008-05-27,,236.67,5.25,,
Paul Lake,2008-06-03,0.0,,,,15.9
Paul Lake,2008-06-03,0.25,,,,
Paul Lake,2008-06-03,0.5,,,,15.9
Paul Lake,2008-06-03,0.75,,,,
Paul Lake,2008-06-03,1.0,,,,16.0
Paul Lake,2008-06-03,1.5,,,,15.9
Paul Lake,2008-06-03,2.0,,,,15.5
Paul Lake,2008-06-03,2.5,,,,14.0
Paul Lake,2008-06-03,3.0,,,,12.5
Paul Lake,2008-06-03,3.5,,,,10.0
Paul Lake,2008-06-03,4.0,,,,8.1
Paul Lake,2008-06-03,4.5,,,,7.1
Paul Lake,2008-06-03,5.0,,,,6.0
Paul Lake,2008-06-03,5.5,,,,5.6
Paul Lake,2008-06-03,6.0,,,,5.1
Paul Lake,2008-06-03,6.5,,,,5.0
Paul Lake,2008-06-03,7.0,,,,4.9
Paul Lake,2008-06-03,8.0,,,,4.9
Paul Lake,2008-06-03,9.0,,,,4.8
Paul Lake,2008-06-03,10.0,,,,4.8
Paul Lake,2008-06-03,11.0,,,,4.8
Paul Lake,2008-06-03,12.0,,,,4.8
Paul Lake,2008-06-03,,290.08,10.0,,
Paul Lake,2008-06-10,0.0,,,,20.0
Paul Lake,2008-06-10,0.25,,,,
Paul Lake,2008-06-10,0.5,,,,20.1
Paul Lake,2008-06-10,0.75,,,,
Paul Lake,2008-06-10,1.0,,,,19.6
Paul Lake,2008-06-10,1.5,,,,18.2
Paul Lake,2008-06-10,2.0,,,,17.0
Paul Lake,2008-06-10,2.5,,,,15.2
Paul Lake,2008-06-10,3.0,,,,13.0
Paul Lake,2008-06-10,3.5,,,,10.6
Paul Lake,2008-06-10,4.0,,,,8.7
Paul Lake,2008-06-10,4.5,,,,7.2
Paul Lake,2008-06-10,5.0,,,,6.2
Paul Lake,2008-06-10,5.5,,,,5.7
Paul Lake,2008-06-10,6.0,,,,5.3
Paul Lake,2008-06-10,6.5,,,,5.1
Paul Lake,2008-06-10,7.0,,,,4.9
Paul Lake,2008-06-10,8.0,,,,4.8
Paul Lake,2008-06-10,9.0,,,,4.8
Paul Lake,2008-06-10,10.0,,,,4.8
Paul Lake,2008-06-10,11.0,,,,4.8
Paul Lake,2008-06-10,12.0,,,,4.8
Paul Lake,2008-06-10,,257.75,8.04,,
Paul Lake,2008-06-17,0.0,,,,17.8
Paul Lake,2008-06-17,0.25,,,,
Paul Lake,2008-06-17,0.5,,,,17.8
Paul Lake,2008-06-17,0.75,,,,
Paul Lake,2008-06-17,1.0,,,,17.7
Paul Lake,2008-06-17,1.5,,,,17.7
Paul Lake,2008-06-17,2.0,,,,17.4
Paul Lake,2008-06-17,2.5,,,,16.2
Paul Lake,2008-06-17,3.0,,,,13.3
Paul Lake,2008-06-17,3.5,,,,11.1
Paul Lake,2008-06-17,4.0,,,,9.4
Paul Lake,2008-06-17,4.5,,,,8.1
Paul Lake,2008-06-17,5.0,,,,6.7
Paul Lake,2008-06-17,5.5,,,,5.9
Paul Lake,2008-06-17,6.0,,,,5.6
Paul Lake,2008-06-17,6.5,,,,5.2
Paul Lake,2008-06-17,7.0,,,,5.0
Paul Lake,2008-06-17,8.0,,,,4.9
Paul Lake,2008-06-17,9.0,,,,4.9
Paul Lake,2008-06-17,10.0,,,,4.9
Paul Lake,2008-06-17,11.0,,,,4.8
Paul Lake,2008-06-17,12.0,,,,4.9
Paul Lake,2008-06-17,,231.42,4.06,,
Paul Lake,2008-06-24,0.0,,,,20.8
Paul Lake,2008-06-24,0.25,,,,
Paul Lake,2008-06-24,0.5,,,,20.9
Paul Lake,2008-06-24,0.75,,,,
Paul Lake,2008-06-24,1.0,,,,20.8
Paul Lake,2008-06-24,1.5,,,,20.7
Paul Lake,2008-06-24,2.0,,,,19.7
Paul Lake,2008-06-24,2.5,,,,16.7
Paul Lake,2008-06-24,3.0,,,,14.4
Paul Lake,2008-06-24,3.5,,,,12.2
Paul Lake,2008-06-24,4.0,,,,9.6
Paul Lake,2008-06-24,4.5,,,,8.2
Paul Lake,2008-06-24,5.0,,,,7.1
Paul Lake,2008-06-24,5.5,,,,6.1
Paul Lake,2008-06-24,6.0,,,,5.8
Paul Lake,2008-06-24,6.5,,,,5.4
Paul Lake,2008-06-24,7.0,,,,5.2
Paul Lake,2008-06-24,8.0,,,,5.0
Paul Lake,2008-06-24,9.0,,,,4.9
Paul Lake,2008-06-24,10.0,,,,4.9
Paul Lake,2008-06-24,11.0,,,,4.9
Paul Lake,2008-06-24,12.0,,,,4.9
Paul Lake,2008-06-24,,336.5,14.36,,
Paul Lake,2008-07-01,0.0,,,,22.0
Paul Lake,2008-07-01,0.25,,,,
Paul Lake,2008-07-01,0.5,,,,21.9
Paul Lake,2008-07-01,0.75,,,,
Paul Lake,2008-07-01,1.0,,,,21.9
Paul Lake,2008-07-01,1.5,,,,21.7
Paul Lake,2008-07-01,2.0,,,,21.2
Paul Lake,2008-07-01,2.5,,,,19.2
Paul Lake,2008-07-01,3.0,,,,15.7
Paul Lake,2008-07-01,3.5,,,,12.8
Paul Lake,2008-07-01,4.0,,,,10.4
Paul Lake,2008-07-01,4.5,,,,8.5
Paul Lake,2008-07-01,5.0,,,,7.2
Paul Lake,2008-07-01,5.5,,,,6.3
Paul Lake,2008-07-01,6.0,,,,5.8
Paul Lake,2008-07-01,6.5,,,,5.4
Paul Lake,2008-07-01,7.0,,,,5.2
Paul Lake,2008-07-01,8.0,,,,5.0
Paul Lake,2008-07-01,9.0,,,,4.9
Paul Lake,2008-07-01,10.0,,,,4.9
Paul Lake,2008-07-01,11.0,,,,4.9
Paul Lake,2008-07-01,12.0,,,,4.9
Paul Lake,2008-07-01,,272.46,3.55,,
Paul Lake,2008-07-08,0.0,,,,23.6
Paul Lake,2008-07-08,0.25,,,,
Paul Lake,2008-07-08,0.5,,,,23.6
Paul Lake,2008-07-08,0.75,,,,
Paul Lake,2008-07-08,1.0,,,,23.6
Paul Lake,2008-07-08,1.5,,,,23.2
Paul Lake,2008-07-08,2.0,,,,22.5
Paul Lake,2008-07-08,2.5,,,,20.2
Paul Lake,2008-07-08,3.0,,,,17.0
Paul Lake,2008-07-08,3.5,,,,13.7
Paul Lake,2008-07-08,4.0,,,,11.3
Paul Lake,2008-07-08,4.5,,,,9.1
Paul Lake,2008-07-08,5.0,,,,7.5
Paul Lake,2008-07-08,5.5,,,,6.9
Paul Lake,2008-07-08,6.0,,,,6.1
Paul Lake,2008-07-08,6.5,,,,5.7
Paul Lake,2008-07-08,7.0,,,,5.4
Paul Lake,2008-07-08,8.0,,,,5.2
Paul Lake,2008-07-08,9.0,,,,5.0
Paul Lake,2008-07-08,10.0,,,,5.0
Paul Lake,2008-07-08,11.0,,,,4.9
Paul Lake,2008-07-08,12.0,,,,5.0
Paul Lake,2008-07-08,,328.37,10.34,,
Paul Lake,2008-07-15,0.0,,,,21.9
Paul Lake,2008-07-15,0.25,,,,
Paul Lake,2008-07-15,0.5,,,,21.8
Paul Lake,2008-07-15,0.75,,,,
Paul Lake,2008-07-15,1.0,,,,21.6
Paul Lake,2008-07-15,1.5,,,,21.4
Paul Lake,2008-07-15,2.0,,,,20.8
Paul Lake,2008-07-15,2.5,,,,20.4
Paul Lake,2008-07-15,3.0,,,,17.9
Paul Lake,2008-07-15,3.5,,,,14.3
Paul Lake,2008-07-15,4.0,,,,11.9
Paul Lake,2008-07-15,4.5,,,,9.4
Paul Lake,2008-07-15,5.0,,,,8.6
Paul Lake,2008-07-15,5.5,,,,7.1
Paul Lake,2008-07-15,6.0,,,,6.4
Paul Lake,2008-07-15,6.5,,,,5.9
Paul Lake,2008-07-15,7.0,,,,5.4
Paul Lake,2008-07-15,8.0,,,,5.2
Paul Lake,2008-07-15,9.0,,,,5.0
Paul Lake,2008-07-15,10.0,,,,5.0
Paul Lake,2008-07-15,11.0,,,,5.0
Paul Lake,2008-07-15,12.0,,,,5.0
Paul Lake,2008-07-15,,312.1,4.49,,
Paul Lake,2008-07-22,0.0,,,,22.6
Paul Lake,2008-07-22,0.25,,,,
Paul Lake,2008-07-22,0.5,,,,22.8
Paul Lake,2008-07-22,0.75,,,,
Paul Lake,2008-07-22,1.0,,,,22.7
Paul Lake,2008-07-22,1.5,,,,22.7
Paul Lake,2008-07-22,2.0,,,,22.5
Paul Lake,2008-07-22,2.5,,,,21.4
Paul Lake,2008-07-22,3.0,,,,19.1
Paul Lake,2008-07-22,3.5,,,,16.0
Paul Lake,2008-07-22,4.0,,,,12.5
Paul Lake,2008-07-22,4.5,,,,10.1
Paul Lake,2008-07-22,5.0,,,,8.9
Paul Lake,2008-07-22,5.5,,,,7.6
Paul Lake,2008-07-22,6.0,,,,6.8
Paul Lake,2008-07-22,6.5,,,,6.3
Paul Lake,2008-07-22,7.0,,,,5.7
Paul Lake,2008-07-22,8.0,,,,5.3
Paul Lake,2008-07-22,9.0,,,,5.1
Paul Lake,2008-07-22,10.0,,,,5.1
Paul Lake,2008-07-22,11.0,,,,5.0
Paul Lake,2008-07-22,12.0,,,,5.1
Paul Lake,2008-07-22,,295.32,3.17,,
Paul Lake,2008-07-29,0.0,,,,23.0
Paul Lake,2008-07-29,0.25,,,,
Paul Lake,2008-07-29,0.5,,,,23.0
Paul Lake,2008-07-29,0.75,,,,
Paul Lake,2008-07-29,1.0,,,,23.0
Paul Lake,2008-07-29,1.5,,,,22.9
Paul Lake,2008-07-29,2.0,,,,22.6
Paul Lake,2008-07-29,2.5,,,,21.9
Paul Lake,2008-07-29,3.0,,,,19.7
Paul Lake,2008-07-29,3.5,,,,15.7
Paul Lake,2008-07-29,4.0,,,,12.6
Paul Lake,2008-07-29,4.5,,,,10.5
Paul Lake,2008-07-29,5.0,,,,9.0
Paul Lake,2008-07-29,5.5,,,,7.7
Paul Lake,2008-07-29,6.0,,,,6.8
Paul Lake,2008-07-29,6.5,,,,6.1
Paul Lake,2008-07-29,7.0,,,,5.7
Paul Lake,2008-07-29,8.0,,,,5.4
Paul Lake,2008-07-29,9.0,,,,5.1
Paul Lake,2008-07-29,10.0,,,,5.0
Paul Lake,2008-07-29,11.0,,,,5.0
Paul Lake,2008-07-29,12.0,,,,5.1
Paul Lake,2008-07-29,,263.99,4.02,,
Paul Lake,2008-08-05,0.0,,,,23.6
Paul Lake,2008-08-05,0.25,,,,
Paul Lake,2008-08-05,0.5,,,,23.6
Paul Lake,2008-08-05,0.75,,,,
Paul Lake,2008-08-05,1.0,,,,23.5
Paul Lake,2008-08-05,1.5,,,,23.4
Paul Lake,2008-08-05,2.0,,,,23.3
Paul Lake,2008-08-05,2.5,,,,22.7
Paul Lake,2008-08-05,3.0,,,,19.7
Paul Lake,2008-08-05,3.5,,,,16.8
Paul Lake,2008-08-05,4.0,,,,13.4
Paul Lake,2008-08-05,4.5,,,,10.8
Paul Lake,2008-08-05,5.0,,,,9.2
Paul Lake,2008-08-05,5.5,,,,7.9
Paul Lake,2008-08-05,6.0,,,,7.0
Paul Lake,2008-08-05,6.5,,,,6.4
Paul Lake,2008-08-05,7.0,,,,5.9
Paul Lake,2008-08-05,8.0,,,,5.4
Paul Lake,2008-08-05,9.0,,,,5.1
Paul Lake,2008-08-05,10.0,,,,5.1
Paul Lake,2008-08-05,11.0,,,,5.1
Paul Lake,2008-08-05,12.0,,,,5.1
Paul Lake,2008-08-05,,355.4,3.0,,
Paul Lake,2008-08-12,0.0,,,,22.0
Paul Lake,2008-08-12,0.25,,,,
Paul Lake,2008-08-12,0.5,,,,22.0
Paul Lake,2008-08-12,0.75,,,,
Paul Lake,2008-08-12,1.0,,,,22.0
Paul Lake,2008-08-12,1.5,,,,21.9
Paul Lake,2008-08-12,2.0,,,,21.8
Paul Lake,2008-08-12,2.5,,,,21.6
Paul Lake,2008-08-12,3.0,,,,20.6
Paul Lake,2008-08-12,3.5,,,,17.7
Paul Lake,2008-08-12,4.0,,,,14.1
Paul Lake,2008-08-12,4.5,,,,11.2
Paul Lake,2008-08-12,5.0,,,,9.5
Paul Lake,2008-08-12,5.5,,,,8.1
Paul Lake,2008-08-12,6.0,,,,7.3
Paul Lake,2008-08-12,6.5,,,,6.4
Paul Lake,2008-08-12,7.0,,,,5.8
Paul Lake,2008-08-12,8.0,,,,5.4
Paul Lake,2008-08-12,9.0,,,,5.2
Paul Lake,2008-08-12,10.0,,,,5.1
Paul Lake,2008-08-12,11.0,,,,5.1
Paul Lake,2008-08-12,12.0,,,,5.1
Paul Lake,2008-08-12,,323.88,4.39,,
Paul Lake,2008-08-19,0.0,,,,21.1
Paul Lake,2008-08-19,0.25,,,,
Paul Lake,2008-08-19,0.5,,,,21.1
Paul Lake,2008-08-19,0.75,,,,
Paul Lake,2008-08-19,1.0,,,,21.1
Paul Lake,2008-08-19,1.5,,,,21.1
Paul Lake,2008-08-19,2.0,,,,21.1
Paul Lake,2008-08-19,2.5,,,,21.0
Paul Lake,2008-08-19,3.0,,,,20.5
Paul Lake,2008-08-19,3.5,,,,18.0
Paul Lake,2008-08-19,4.0,,,,14.6
Paul Lake,2008-08-19,4.5,,,,11.6
Paul Lake,2008-08-19,5.0,,,,9.8
Paul Lake,2008-08-19,5.5,,,,8.2
Paul Lake,2008-08-19,6.0,,,,7.3
Paul Lake,2008-08-19,6.5,,,,6.5
Paul Lake,2008-08-19,7.0,,,,6.0
Paul Lake,2008-08-19,8.0,,,,5.5
Paul Lake,2008-08-19,9.0,,,,5.3
Paul Lake,2008-08-19,10.0,,,,5.2
Paul Lake,2008-08-19,11.0,,,,5.1
Paul Lake,2008-08-19,12.0,,,,5.2
Paul Lake,2008-08-19,,311.55,4.17,,
Paul Lake,2009-05-19,0.0,,,,13.6
Paul Lake,2009-05-19,0.25,,,,
Paul Lake,2009-05-19,0.5,,,,13.5
Paul Lake,2009-05-19,0.75,,,,
Paul Lake,2009-05-19,1.0,,,,13.5
Paul Lake,2009-05-19,1.5,,,,13.1
Paul Lake,2009-05-19,2.0,,,,12.2
Paul Lake,2009-05-19,2.5,,,,11.4
Paul Lake,2009-05-19,3.0,,,,8.4
Paul Lake,2009-05-19,3.5,,,,7.1
Paul Lake,2009-05-19,4.0,,,,5.9
Paul Lake,2009-05-19,4.5,,,,5.5
Paul Lake,2009-05-19,5.0,,,,4.9
Paul Lake,2009-05-19,5.5,,,,4.7
Paul Lake,2009-05-19,6.0,,,,4.5
Paul Lake,2009-05-19,6.5,,,,4.5
Paul Lake,2009-05-19,7.0,,,,4.5
Paul Lake,2009-05-19,8.0,,,,4.6
Paul Lake,2009-05-19,9.0,,,,4.7
Paul Lake,2009-05-19,10.0,,,,4.7
Paul Lake,2009-05-19,11.0,,,,4.7
Paul Lake,2009-05-19,12.0,,,,4.7
Paul Lake,2009-05-19,,336.46,4.24,,
Paul Lake,2009-05-26,0.0,,,,14.8
Paul Lake,2009-05-26,0.25,,,,
Paul Lake,2009-05-26,0.5,,,,17.3
Paul Lake,2009-05-26,0.75,,,,
Paul Lake,2009-05-26,1.0,,,,17.4
Paul Lake,2009-05-26,1.5,,,,17.4
Paul Lake,2009-05-26,2.0,,,,16.3
Paul Lake,2009-05-26,2.5,,,,13.1
Paul Lake,2009-05-26,3.0,,,,10.8
Paul Lake,2009-05-26,3.5,,,,9.0
Paul Lake,2009-05-26,4.0,,,,7.1
Paul Lake,2009-05-26,4.5,,,,6.3
Paul Lake,2009-05-26,5.0,,,,5.5
Paul Lake,2009-05-26,5.5,,,,5.1
Paul Lake,2009-05-26,6.0,,,,4.8
Paul Lake,2009-05-26,6.5,,,,4.8
Paul Lake,2009-05-26,7.0,,,,4.7
Paul Lake,2009-05-26,8.0,,,,4.6
Paul Lake,2009-05-26,9.0,,,,4.7
Paul Lake,2009-05-26,10.0,,,,4.7
Paul Lake,2009-05-26,11.0,,,,4.7
Paul Lake,2009-05-26,12.0,,,,4.8
Paul Lake,2009-05-26,,232.58,8.01,,
Paul Lake,2009-06-02,0.0,,,,14.4
Paul Lake,2009-06-02,0.25,,,,
Paul Lake,2009-06-02,0.5,,,,14.4
Paul Lake,2009-06-02,0.75,,,,
Paul Lake,2009-06-02,1.0,,,,14.3
Paul Lake,2009-06-02,1.5,,,,14.3
Paul Lake,2009-06-02,2.0,,,,14.3
Paul Lake,2009-06-02,2.5,,,,14.0
Paul Lake,2009-06-02,3.0,,,,12.6
Paul Lake,2009-06-02,3.5,,,,9.7
Paul Lake,2009-06-02,4.0,,,,7.9
Paul Lake,2009-06-02,4.5,,,,6.7
Paul Lake,2009-06-02,5.0,,,,5.8
Paul Lake,2009-06-02,5.5,,,,5.2
Paul Lake,2009-06-02,6.0,,,,5.0
Paul Lake,2009-06-02,6.5,,,,4.9
Paul Lake,2009-06-02,7.0,,,,4.8
Paul Lake,2009-06-02,8.0,,,,4.7
Paul Lake,2009-06-02,9.0,,,,4.7
Paul Lake,2009-06-02,10.0,,,,4.7
Paul Lake,2009-06-02,11.0,,,,4.7
Paul Lake,2009-06-02,12.0,,,,4.7
Paul Lake,2009-06-02,,222.91,3.79,,
Paul Lake,2009-06-09,0.0,,,,14.3
Paul Lake,2009-06-09,0.25,,,,
Paul Lake,2009-06-09,0.5,,,,14.3
Paul Lake,2009-06-09,0.75,,,,
Paul Lake,2009-06-09,1.0,,,,14.3
Paul Lake,2009-06-09,1.5,,,,14.3
Paul Lake,2009-06-09,2.0,,,,14.3
Paul Lake,2009-06-09,2.5,,,,14.2
Paul Lake,2009-06-09,3.0,,,,14.1
Paul Lake,2009-06-09,3.5,,,,11.1
Paul Lake,2009-06-09,4.0,,,,8.7
Paul Lake,2009-06-09,4.5,,,,7.4
Paul Lake,2009-06-09,5.0,,,,6.4
Paul Lake,2009-06-09,5.5,,,,5.8
Paul Lake,2009-06-09,6.0,,,,5.4
Paul Lake,2009-06-09,6.5,,,,5.1
Paul Lake,2009-06-09,7.0,,,,5.0
Paul Lake,2009-06-09,8.0,,,,4.8
Paul Lake,2009-06-09,9.0,,,,4.8
Paul Lake,2009-06-09,10.0,,,,4.8
Paul Lake,2009-06-09,11.0,,,,4.8
Paul Lake,2009-06-09,12.0,,,,4.8
Paul Lake,2009-06-09,,305.96,1.46,,
Paul Lake,2009-06-16,0.0,,,,19.7
Paul Lake,2009-06-16,0.25,,,,
Paul Lake,2009-06-16,0.5,,,,19.6
Paul Lake,2009-06-16,0.75,,,,
Paul Lake,2009-06-16,1.0,,,,19.0
Paul Lake,2009-06-16,1.5,,,,17.8
Paul Lake,2009-06-16,2.0,,,,16.8
Paul Lake,2009-06-16,2.5,,,,15.8
Paul Lake,2009-06-16,3.0,,,,14.3
Paul Lake,2009-06-16,3.5,,,,12.0
Paul Lake,2009-06-16,4.0,,,,10.2
Paul Lake,2009-06-16,4.5,,,,8.3
Paul Lake,2009-06-16,5.0,,,,7.1
Paul Lake,2009-06-16,5.5,,,,6.1
Paul Lake,2009-06-16,6.0,,,,5.7
Paul Lake,2009-06-16,6.5,,,,5.5
Paul Lake,2009-06-16,7.0,,,,5.2
Paul Lake,2009-06-16,8.0,,,,5.0
Paul Lake,2009-06-16,9.0,,,,4.8
Paul Lake,2009-06-16,10.0,,,,4.8
Paul Lake,2009-06-16,11.0,,,,4.8
Paul Lake,2009-06-16,12.0,,,,4.8
Paul Lake,2009-06-16,,255.54,1.7,,
Paul Lake,2009-06-23,0.0,,,,25.0
Paul Lake,2009-06-23,0.25,,,,
Paul Lake,2009-06-23,0.5,,,,24.9
Paul Lake,2009-06-23,0.75,,,,
Paul Lake,2009-06-23,1.0,,,,24.7
Paul Lake,2009-06-23,1.5,,,,22.6
Paul Lake,2009-06-23,2.0,,,,20.1
Paul Lake,2009-06-23,2.5,,,,18.0
Paul Lake,2009-06-23,3.0,,,,15.9
Paul Lake,2009-06-23,3.5,,,,13.3
Paul Lake,2009-06-23,4.0,,,,11.0
Paul Lake,2009-06-23,4.5,,,,9.1
Paul Lake,2009-06-23,5.0,,,,7.8
Paul Lake,2009-06-23,5.5,,,,6.9
Paul Lake,2009-06-23,6.0,,,,6.1
Paul Lake,2009-06-23,6.5,,,,5.7
Paul Lake,2009-06-23,7.0,,,,5.4
Paul Lake,2009-06-23,8.0,,,,5.1
Paul Lake,2009-06-23,9.0,,,,4.9
Paul Lake,2009-06-23,10.0,,,,4.8
Paul Lake,2009-06-23,11.0,,,,4.9
Paul Lake,2009-06-23,12.0,,,,4.9
Paul Lake,2009-06-23,,256.04,5.7,,
Paul Lake,2009-06-30,0.0,,,,18.9
Paul Lake,2009-06-30,0.25,,,,
Paul Lake,2009-06-30,0.5,,,,18.9
Paul Lake,2009-06-30,0.75,,,,
Paul Lake,2009-06-30,1.0,,,,18.9
Paul Lake,2009-06-30,1.5,,,,19.0
Paul Lake,2009-06-30,2.0,,,,18.9
Paul Lake,2009-06-30,2.5,,,,18.9
Paul Lake,2009-06-30,3.0,,,,17.8
Paul Lake,2009-06-30,3.5,,,,14.3
Paul Lake,2009-06-30,4.0,,,,11.6
Paul Lake,2009-06-30,4.5,,,,9.8
Paul Lake,2009-06-30,5.0,,,,8.3
Paul Lake,2009-06-30,5.5,,,,7.1
Paul Lake,2009-06-30,6.0,,,,6.4
Paul Lake,2009-06-30,6.5,,,,6.0
Paul Lake,2009-06-30,7.0,,,,5.6
Paul Lake,2009-06-30,8.0,,,,5.1
Paul Lake,2009-06-30,9.0,,,,4.9
Paul Lake,2009-06-30,10.0,,,,4.9
Paul Lake,2009-06-30,11.0,,,,4.9
Paul Lake,2009-06-30,12.0,,,,4.9
Paul Lake,2009-06-30,,260.32,4.36,,
Paul Lake,2009-07-07,0.0,,,,20.1
Paul Lake,2009-07-07,0.25,,,,
Paul Lake,2009-07-07,0.5,,,,20.2
Paul Lake,2009-07-07,0.75,,,,
Paul Lake,2009-07-07,1.0,,,,20.0
Paul Lake,2009-07-07,1.5,,,,20.0
Paul Lake,2009-07-07,2.0,,,,19.9
Paul Lake,2009-07-07,2.5,,,,19.0
Paul Lake,2009-07-07,3.0,,,,17.7
Paul Lake,2009-07-07,3.5,,,,15.5
Paul Lake,2009-07-07,4.0,,,,12.5
Paul Lake,2009-07-07,4.5,,,,10.2
Paul Lake,2009-07-07,5.0,,,,8.7
Paul Lake,2009-07-07,5.5,,,,7.5
Paul Lake,2009-07-07,6.0,,,,6.8
Paul Lake,2009-07-07,6.5,,,,6.2
Paul Lake,2009-07-07,7.0,,,,5.8
Paul Lake,2009-07-07,8.0,,,,5.2
Paul Lake,2009-07-07,9.0,,,,5.0
Paul Lake,2009-07-07,10.0,,,,5.0
Paul Lake,2009-07-07,11.0,,,,4.9
Paul Lake,2009-07-07,12.0,,,,5.0
Paul Lake,2009-07-07,,396.73,4.18,,
Paul Lake,2009-07-14,0.0,,,,21.7
Paul Lake,2009-07-14,0.25,,,,
Paul Lake,2009-07-14,0.5,,,,21.7
Paul Lake,2009-07-14,0.75,,,,
Paul Lake,2009-07-14,1.0,,,,21.6
Paul Lake,2009-07-14,1.5,,,,21.6
Paul Lake,2009-07-14,2.0,,,,21.5
Paul Lake,2009-07-14,2.5,,,,21.2
Paul Lake,2009-07-14,3.0,,,,19.4
Paul Lake,2009-07-14,3.5,,,,16.6
Paul Lake,2009-07-14,4.0,,,,13.7
Paul Lake,2009-07-14,4.5,,,,11.1
Paul Lake,2009-07-14,5.0,,,,9.4
Paul Lake,2009-07-14,5.5,,,,8.1
Paul Lake,2009-07-14,6.0,,,,7.2
Paul Lake,2009-07-14,6.5,,,,6.4
Paul Lake,2009-07-14,7.0,,,,6.0
Paul Lake,2009-07-14,8.0,,,,5.3
Paul Lake,2009-07-14,9.0,,,,5.1
Paul Lake,2009-07-14,10.0,,,,5.0
Paul Lake,2009-07-14,11.0,,,,5.0
Paul Lake,2009-07-14,12.0,,,,5.0
Paul Lake,2009-07-14,,341.86,-0.64,,
Paul Lake,2009-07-21,0.0,,,,19.8
Paul Lake,2009-07-21,0.25,,,,
Paul Lake,2009-07-21,0.5,,,,19.7
Paul Lake,2009-07-21,0.75,,,,
Paul Lake,2009-07-21,1.0,,,,19.7
Paul Lake,2009-07-21,1.5,,,,19.5
Paul Lake,2009-07-21,2.0,,,,19.1
Paul Lake,2009-07-21,2.5,,,,18.9
Paul Lake,2009-07-21,3.0,,,,18.6
Paul Lake,2009-07-21,3.5,,,,17.4
Paul Lake,2009-07-21,4.0,,,,14.3
Paul Lake,2009-07-21,4.5,,,,11.6
Paul Lake,2009-07-21,5.0,,,,10.0
Paul Lake,2009-07-21,5.5,,,,8.2
Paul Lake,2009-07-21,6.0,,,,7.2
Paul Lake,2009-07-21,6.5,,,,6.7
Paul Lake,2009-07-21,7.0,,,,6.0
Paul Lake,2009-07-21,8.0,,,,5.3
Paul Lake,2009-07-21,9.0,,,,5.1
Paul Lake,2009-07-21,10.0,,,,5.0
Paul Lake,2009-07-21,11.0,,,,5.0
Paul Lake,2009-07-21,12.0,,,,5.0
Paul Lake,2009-07-21,,246.45,6.02,,
Paul Lake,2009-07-28,0.0,,,,21.0
Paul Lake,2009-07-28,0.25,,,,
Paul Lake,2009-07-28,0.5,,,,21.5
Paul Lake,2009-07-28,0.75,,,,
Paul Lake,2009-07-28,1.0,,,,21.4
Paul Lake,2009-07-28,1.5,,,,21.4
Paul Lake,2009-07-28,2.0,,,,21.2
Paul Lake,2009-07-28,2.5,,,,20.6
Paul Lake,2009-07-28,3.0,,,,19.8
Paul Lake,2009-07-28,3.5,,,,17.9
Paul Lake,2009-07-28,4.0,,,,15.4
Paul Lake,2009-07-28,4.5,,,,12.7
Paul Lake,2009-07-28,5.0,,,,10.1
Paul Lake,2009-07-28,5.5,,,,8.7
Paul Lake,2009-07-28,6.0,,,,7.6
Paul Lake,2009-07-28,6.5,,,,6.9
Paul Lake,2009-07-28,7.0,,,,6.3
Paul Lake,2009-07-28,8.0,,,,5.6
Paul Lake,2009-07-28,9.0,,,,5.2
Paul Lake,2009-07-28,10.0,,,,5.1
Paul Lake,2009-07-28,11.0,,,,5.1
Paul Lake,2009-07-28,12.0,,,,5.1
Paul Lake,2009-07-29,,338.89,2.07,,
Paul Lake,2009-08-04,0.0,,,,20.2
Paul Lake,2009-08-04,0.25,,,,
Paul Lake,2009-08-04,0.5,,,,20.4
Paul Lake,2009-08-04,0.75,,,,
Paul Lake,2009-08-04,1.0,,,,20.4
Paul Lake,2009-08-04,1.5,,,,20.3
Paul Lake,2009-08-04,2.0,,,,20.3
Paul Lake,2009-08-04,2.5,,,,20.1
Paul Lake,2009-08-04,3.0,,,,19.7
Paul Lake,2009-08-04,3.5,,,,18.3
Paul Lake,2009-08-04,4.0,,,,15.5
Paul Lake,2009-08-04,4.5,,,,13.1
Paul Lake,2009-08-04,5.0,,,,10.5
Paul Lake,2009-08-04,5.5,,,,9.0
Paul Lake,2009-08-04,6.0,,,,7.9
Paul Lake,2009-08-04,6.5,,,,7.0
Paul Lake,2009-08-04,7.0,,,,6.4
Paul Lake,2009-08-04,8.0,,,,5.6
Paul Lake,2009-08-04,9.0,,,,5.2
Paul Lake,2009-08-04,10.0,,,,5.1
Paul Lake,2009-08-04,11.0,,,,5.1
Paul Lake,2009-08-04,12.0,,,,5.1
Paul Lake,2009-08-04,,327.01,-2.48,,
Paul Lake,2009-08-11,0.0,,,,21.5
Paul Lake,2009-08-11,0.25,,,,
Paul Lake,2009-08-11,0.5,,,,21.5
Paul Lake,2009-08-11,0.75,,,,
Paul Lake,2009-08-11,1.0,,,,21.5
Paul Lake,2009-08-11,1.5,,,,21.3
Paul Lake,2009-08-11,2.0,,,,21.3
Paul Lake,2009-08-11,2.5,,,,20.8
Paul Lake,2009-08-11,3.0,,,,20.3
Paul Lake,2009-08-11,3.5,,,,18.6
Paul Lake,2009-08-11,4.0,,,,16.5
Paul Lake,2009-08-11,4.5,,,,13.5
Paul Lake,2009-08-11,5.0,,,,11.5
Paul Lake,2009-08-11,5.5,,,,9.2
Paul Lake,2009-08-11,6.0,,,,8.3
Paul Lake,2009-08-11,6.5,,,,7.3
Paul Lake,2009-08-11,7.0,,,,6.5
Paul Lake,2009-08-11,8.0,,,,5.7
Paul Lake,2009-08-11,9.0,,,,5.3
Paul Lake,2009-08-11,10.0,,,,5.2
Paul Lake,2009-08-11,11.0,,,,5.2
Paul Lake,2009-08-11,12.0,,,,5.2
Paul Lake,2009-08-12,,297.19,6.81,,
Paul Lake,2009-08-18,0.0,,,,22.8
Paul Lake,2009-08-18,0.25,,,,
Paul Lake,2009-08-18,0.5,,,,22.9
Paul Lake,2009-08-18,0.75,,,,
Paul Lake,2009-08-18,1.0,,,,22.9
Paul Lake,2009-08-18,1.5,,,,22.9
Paul Lake,2009-08-18,2.0,,,,22.8
Paul Lake,2009-08-18,2.5,,,,22.6
Paul Lake,2009-08-18,3.0,,,,21.0
Paul Lake,2009-08-18,3.5,,,,19.5
Paul Lake,2009-08-18,4.0,,,,16.7
Paul Lake,2009-08-18,4.5,,,,14.0
Paul Lake,2009-08-18,5.0,,,,11.2
Paul Lake,2009-08-18,5.5,,,,9.9
Paul Lake,2009-08-18,6.0,,,,8.4
Paul Lake,2009-08-18,6.5,,,,7.4
Paul Lake,2009-08-18,7.0,,,,6.7
Paul Lake,2009-08-18,8.0,,,,6.0
Paul Lake,2009-08-18,9.0,,,,5.4
Paul Lake,2009-08-18,10.0,,,,5.3
Paul Lake,2009-08-18,11.0,,,,5.2
Paul Lake,2009-08-18,12.0,,,,5.2
Paul Lake,2009-08-18,,422.58,5.81,,
Paul Lake,2009-08-26,0.0,,,,19.8
Paul Lake,2009-08-26,0.25,,,,
Paul Lake,2009-08-26,0.5,,,,19.6
Paul Lake,2009-08-26,0.75,,,,
Paul Lake,2009-08-26,1.0,,,,19.6
Paul Lake,2009-08-26,1.5,,,,19.5
Paul Lake,2009-08-26,2.0,,,,19.4
Paul Lake,2009-08-26,2.5,,,,19.3
Paul Lake,2009-08-26,3.0,,,,19.2
Paul Lake,2009-08-26,3.5,,,,18.6
Paul Lake,2009-08-26,4.0,,,,17.0
Paul Lake,2009-08-26,4.5,,,,14.0
Paul Lake,2009-08-26,5.0,,,,11.7
Paul Lake,2009-08-26,5.5,,,,9.8
Paul Lake,2009-08-26,6.0,,,,8.7
Paul Lake,2009-08-26,6.5,,,,7.8
Paul Lake,2009-08-26,7.0,,,,6.8
Paul Lake,2009-08-26,8.0,,,,5.6
Paul Lake,2009-08-26,9.0,,,,5.4
Paul Lake,2009-08-26,10.0,,,,5.2
Paul Lake,2009-08-26,11.0,,,,5.2
Paul Lake,2009-08-26,12.0,,,,5.2
Paul Lake,2009-08-26,,298.9,3.75,,
Paul Lake,2010-05-18,0.0,,,,16.6
Paul Lake,2010-05-18,0.25,,,,
Paul Lake,2010-05-18,0.5,,,,16.1
Paul Lake,2010-05-18,0.75,,,,
Paul Lake,2010-05-18,1.0,,,,15.6
Paul Lake,2010-05-18,1.5,,,,13.8
Paul Lake,2010-05-18,2.0,,,,12.9
Paul Lake,2010-05-18,2.5,,,,12.3
Paul Lake,2010-05-18,3.0,,,,11.9
Paul Lake,2010-05-18,3.5,,,,11.2
Paul Lake,2010-05-18,4.0,,,,10.0
Paul Lake,2010-05-18,4.5,,,,8.5
Paul Lake,2010-05-18,5.0,,,,7.1
Paul Lake,2010-05-18,5.5,,,,6.4
Paul Lake,2010-05-18,6.0,,,,5.8
Paul Lake,2010-05-18,6.5,,,,5.5
Paul Lake,2010-05-18,7.0,,,,5.2
Paul Lake,2010-05-18,8.0,,,,5.0
Paul Lake,2010-05-18,9.0,,,,4.9
Paul Lake,2010-05-18,10.0,,,,4.9
Paul Lake,2010-05-18,11.0,,,,4.8
Paul Lake,2010-05-18,12.0,,,,4.9
Paul Lake,2010-05-18,,237.7062305,2.306646779,,
Paul Lake,2010-05-25,0.0,,,,23.9
Paul Lake,2010-05-25,0.25,,,,
Paul Lake,2010-05-25,0.5,,,,23.1
Paul Lake,2010-05-25,0.75,,,,
Paul Lake,2010-05-25,1.0,,,,21.3
Paul Lake,2010-05-25,1.5,,,,18.7
Paul Lake,2010-05-25,2.0,,,,16.4
Paul Lake,2010-05-25,2.5,,,,14.7
Paul Lake,2010-05-25,3.0,,,,13.1
Paul Lake,2010-05-25,3.5,,,,12.3
Paul Lake,2010-05-25,4.0,,,,10.7
Paul Lake,2010-05-25,4.5,,,,9.2
Paul Lake,2010-05-25,5.0,,,,8.0
Paul Lake,2010-05-25,5.5,,,,6.8
Paul Lake,2010-05-25,6.0,,,,6.2
Paul Lake,2010-05-25,6.5,,,,5.8
Paul Lake,2010-05-25,7.0,,,,5.4
Paul Lake,2010-05-25,8.0,,,,5.1
Paul Lake,2010-05-25,9.0,,,,5.0
Paul Lake,2010-05-25,10.0,,,,4.9
Paul Lake,2010-05-25,11.0,,,,4.9
Paul Lake,2010-05-25,12.0,,,,5.0
Paul Lake,2010-05-25,,236.1876811,2.721208496,,
Paul Lake,2010-06-01,0.0,,,,23.0
Paul Lake,2010-06-01,0.25,,,,
Paul Lake,2010-06-01,0.5,,,,23.0
Paul Lake,2010-06-01,0.75,,,,
Paul Lake,2010-06-01,1.0,,,,22.8
Paul Lake,2010-06-01,1.5,,,,22.6
Paul Lake,2010-06-01,2.0,,,,19.9
Paul Lake,2010-06-01,2.5,,,,16.7
Paul Lake,2010-06-01,3.0,,,,14.8
Paul Lake,2010-06-01,3.5,,,,13.2
Paul Lake,2010-06-01,4.0,,,,11.6
Paul Lake,2010-06-01,4.5,,,,10.0
Paul Lake,2010-06-01,5.0,,,,8.1
Paul Lake,2010-06-01,5.5,,,,7.2
Paul Lake,2010-06-01,6.0,,,,6.3
Paul Lake,2010-06-01,6.5,,,,5.9
Paul Lake,2010-06-01,7.0,,,,5.6
Paul Lake,2010-06-01,8.0,,,,5.2
Paul Lake,2010-06-01,9.0,,,,5.0
Paul Lake,2010-06-01,10.0,,,,5.0
Paul Lake,2010-06-01,11.0,,,,4.9
Paul Lake,2010-06-01,12.0,,,,4.9
Paul Lake,2010-06-01,,241.0529217,5.889695922,,
Paul Lake,2010-06-08,0.0,,,,19.3
Paul Lake,2010-06-08,0.25,,,,
Paul Lake,2010-06-08,0.5,,,,19.5
Paul Lake,2010-06-08,0.75,,,,
Paul Lake,2010-06-08,1.0,,,,19.5
Paul Lake,2010-06-08,1.5,,,,19.3
Paul Lake,2010-06-08,2.0,,,,19.1
Paul Lake,2010-06-08,2.5,,,,18.6
Paul Lake,2010-06-08,3.0,,,,16.1
Paul Lake,2010-06-08,3.5,,,,14.0
Paul Lake,2010-06-08,4.0,,,,12.1
Paul Lake,2010-06-08,4.5,,,,10.2
Paul Lake,2010-06-08,5.0,,,,8.8
Paul Lake,2010-06-08,5.5,,,,7.6
Paul Lake,2010-06-08,6.0,,,,6.7
Paul Lake,2010-06-08,6.5,,,,6.1
Paul Lake,2010-06-08,7.0,,,,5.7
Paul Lake,2010-06-08,8.0,,,,5.3
Paul Lake,2010-06-08,9.0,,,,5.1
Paul Lake,2010-06-08,10.0,,,,5.0
Paul Lake,2010-06-08,11.0,,,,5.0
Paul Lake,2010-06-08,12.0,,,,5.0
Paul Lake,2010-06-08,,323.1436169,7.856184383,,
Paul Lake,2010-06-15,0.0,,,,18.3
Paul Lake,2010-06-15,0.25,,,,
Paul Lake,2010-06-15,0.5,,,,18.3
Paul Lake,2010-06-15,0.75,,,,
Paul Lake,2010-06-15,1.0,,,,18.3
Paul Lake,2010-06-15,1.5,,,,18.2
Paul Lake,2010-06-15,2.0,,,,18.1
Paul Lake,2010-06-15,2.5,,,,17.8
Paul Lake,2010-06-15,3.0,,,,16.2
Paul Lake,2010-06-15,3.5,,,,14.5
Paul Lake,2010-06-15,4.0,,,,12.6
Paul Lake,2010-06-15,4.5,,,,10.8
Paul Lake,2010-06-15,5.0,,,,9.0
Paul Lake,2010-06-15,5.5,,,,7.9
Paul Lake,2010-06-15,6.0,,,,6.8
Paul Lake,2010-06-15,6.5,,,,6.2
Paul Lake,2010-06-15,7.0,,,,5.8
Paul Lake,2010-06-15,8.0,,,,5.3
Paul Lake,2010-06-15,9.0,,,,5.1
Paul Lake,2010-06-15,10.0,,,,5.0
Paul Lake,2010-06-15,11.0,,,,5.0
Paul Lake,2010-06-15,12.0,,,,5.0
Paul Lake,2010-06-15,,205.3174285,3.25480355,,
Paul Lake,2010-06-22,0.0,,,,21.8
Paul Lake,2010-06-22,0.25,,,,
Paul Lake,2010-06-22,0.5,,,,21.9
Paul Lake,2010-06-22,0.75,,,,
Paul Lake,2010-06-22,1.0,,,,21.8
Paul Lake,2010-06-22,1.5,,,,21.5
Paul Lake,2010-06-22,2.0,,,,20.3
Paul Lake,2010-06-22,2.5,,,,19.2
Paul Lake,2010-06-22,3.0,,,,17.5
Paul Lake,2010-06-22,3.5,,,,15.6
Paul Lake,2010-06-22,4.0,,,,13.1
Paul Lake,2010-06-22,4.5,,,,11.1
Paul Lake,2010-06-22,5.0,,,,9.7
Paul Lake,2010-06-22,5.5,,,,8.1
Paul Lake,2010-06-22,6.0,,,,7.2
Paul Lake,2010-06-22,6.5,,,,6.5
Paul Lake,2010-06-22,7.0,,,,5.9
Paul Lake,2010-06-22,8.0,,,,5.5
Paul Lake,2010-06-22,9.0,,,,5.2
Paul Lake,2010-06-22,10.0,,,,5.1
Paul Lake,2010-06-22,11.0,,,,5.1
Paul Lake,2010-06-22,12.0,,,,5.0
Paul Lake,2010-06-22,,206.598064,2.546341508,,
Paul Lake,2010-06-29,0.0,,,,21.4
Paul Lake,2010-06-29,0.25,,,,
Paul Lake,2010-06-29,0.5,,,,21.4
Paul Lake,2010-06-29,0.75,,,,
Paul Lake,2010-06-29,1.0,,,,21.5
Paul Lake,2010-06-29,1.5,,,,21.4
Paul Lake,2010-06-29,2.0,,,,21.4
Paul Lake,2010-06-29,2.5,,,,20.7
Paul Lake,2010-06-29,3.0,,,,18.7
Paul Lake,2010-06-29,3.5,,,,16.3
Paul Lake,2010-06-29,4.0,,,,14.0
Paul Lake,2010-06-29,4.5,,,,11.6
Paul Lake,2010-06-29,5.0,,,,9.9
Paul Lake,2010-06-29,5.5,,,,8.6
Paul Lake,2010-06-29,6.0,,,,7.7
Paul Lake,2010-06-29,6.5,,,,6.7
Paul Lake,2010-06-29,7.0,,,,6.2
Paul Lake,2010-06-29,8.0,,,,5.5
Paul Lake,2010-06-29,9.0,,,,5.2
Paul Lake,2010-06-29,10.0,,,,5.2
Paul Lake,2010-06-29,11.0,,,,5.1
Paul Lake,2010-06-29,12.0,,,,5.1
Paul Lake,2010-06-29,,225.8827528,6.984291828,,
Paul Lake,2010-07-06,0.0,,,,23.8
Paul Lake,2010-07-06,0.25,,,,
Paul Lake,2010-07-06,0.5,,,,23.8
Paul Lake,2010-07-06,0.75,,,,
Paul Lake,2010-07-06,1.0,,,,23.8
Paul Lake,2010-07-06,1.5,,,,23.7
Paul Lake,2010-07-06,2.0,,,,23.1
Paul Lake,2010-07-06,2.5,,,,21.8
Paul Lake,2010-07-06,3.0,,,,19.6
Paul Lake,2010-07-06,3.5,,,,17.0
Paul Lake,2010-07-06,4.0,,,,14.5
Paul Lake,2010-07-06,4.5,,,,12.7
Paul Lake,2010-07-06,5.0,,,,10.6
Paul Lake,2010-07-06,5.5,,,,9.0
Paul Lake,2010-07-06,6.0,,,,7.7
Paul Lake,2010-07-06,6.5,,,,7.1
Paul Lake,2010-07-06,7.0,,,,6.5
Paul Lake,2010-07-06,8.0,,,,5.7
Paul Lake,2010-07-06,9.0,,,,5.4
Paul Lake,2010-07-06,10.0,,,,5.2
Paul Lake,2010-07-06,11.0,,,,5.2
Paul Lake,2010-07-06,12.0,,,,5.1
Paul Lake,2010-07-06,,198.4707468,3.795450862,,
Paul Lake,2010-07-13,0.0,,,,24.1
Paul Lake,2010-07-13,0.25,,,,
Paul Lake,2010-07-13,0.5,,,,24.1
Paul Lake,2010-07-13,0.75,,,,
Paul Lake,2010-07-13,1.0,,,,24.0
Paul Lake,2010-07-13,1.5,,,,23.9
Paul Lake,2010-07-13,2.0,,,,23.7
Paul Lake,2010-07-13,2.5,,,,23.5
Paul Lake,2010-07-13,3.0,,,,21.0
Paul Lake,2010-07-13,3.5,,,,18.3
Paul Lake,2010-07-13,4.0,,,,15.5
Paul Lake,2010-07-13,4.5,,,,13.2
Paul Lake,2010-07-13,5.0,,,,11.2
Paul Lake,2010-07-13,5.5,,,,9.6
Paul Lake,2010-07-13,6.0,,,,8.2
Paul Lake,2010-07-13,6.5,,,,7.4
Paul Lake,2010-07-13,7.0,,,,6.8
Paul Lake,2010-07-13,8.0,,,,5.7
Paul Lake,2010-07-13,9.0,,,,5.4
Paul Lake,2010-07-13,10.0,,,,5.3
Paul Lake,2010-07-13,11.0,,,,5.2
Paul Lake,2010-07-13,12.0,,,,5.2
Paul Lake,2010-07-13,,223.0234215,3.310104125,,
Paul Lake,2010-07-20,0.0,,,,24.1
Paul Lake,2010-07-20,0.25,,,,
Paul Lake,2010-07-20,0.5,,,,24.2
Paul Lake,2010-07-20,0.75,,,,
Paul Lake,2010-07-20,1.0,,,,24.1
Paul Lake,2010-07-20,1.5,,,,24.1
Paul Lake,2010-07-20,2.0,,,,24.0
Paul Lake,2010-07-20,2.5,,,,23.8
Paul Lake,2010-07-20,3.0,,,,21.9
Paul Lake,2010-07-20,3.5,,,,19.2
Paul Lake,2010-07-20,4.0,,,,16.0
Paul Lake,2010-07-20,4.5,,,,13.5
Paul Lake,2010-07-20,5.0,,,,11.4
Paul Lake,2010-07-20,5.5,,,,9.6
Paul Lake,2010-07-20,6.0,,,,8.4
Paul Lake,2010-07-20,6.5,,,,7.6
Paul Lake,2010-07-20,7.0,,,,6.8
Paul Lake,2010-07-20,8.0,,,,5.8
Paul Lake,2010-07-20,9.0,,,,5.4
Paul Lake,2010-07-20,10.0,,,,5.2
Paul Lake,2010-07-20,11.0,,,,5.2
Paul Lake,2010-07-20,12.0,,,,5.2
Paul Lake,2010-07-20,,197.6089409,4.490349342,,
Paul Lake,2010-07-27,0.0,,,,24.6
Paul Lake,2010-07-27,0.25,,,,
Paul Lake,2010-07-27,0.5,,,,24.4
Paul Lake,2010-07-27,0.75,,,,
Paul Lake,2010-07-27,1.0,,,,24.4
Paul Lake,2010-07-27,1.5,,,,24.2
Paul Lake,2010-07-27,2.0,,,,23.8
Paul Lake,2010-07-27,2.5,,,,23.5
Paul Lake,2010-07-27,3.0,,,,22.4
Paul Lake,2010-07-27,3.5,,,,19.6
Paul Lake,2010-07-27,4.0,,,,16.4
Paul Lake,2010-07-27,4.5,,,,13.9
Paul Lake,2010-07-27,5.0,,,,11.6
Paul Lake,2010-07-27,5.5,,,,9.8
Paul Lake,2010-07-27,6.0,,,,8.6
Paul Lake,2010-07-27,6.5,,,,7.6
Paul Lake,2010-07-27,7.0,,,,6.9
Paul Lake,2010-07-27,8.0,,,,5.9
Paul Lake,2010-07-27,9.0,,,,5.5
Paul Lake,2010-07-27,10.0,,,,5.3
Paul Lake,2010-07-27,11.0,,,,5.2
Paul Lake,2010-07-27,12.0,,,,5.2
Paul Lake,2010-07-27,,188.0149448,2.867091611,,
Paul Lake,2010-08-03,0.0,,,,24.1
Paul Lake,2010-08-03,0.25,,,,
Paul Lake,2010-08-03,0.5,,,,24.0
Paul Lake,2010-08-03,0.75,,,,
Paul Lake,2010-08-03,1.0,,,,24.0
Paul Lake,2010-08-03,1.5,,,,23.9
Paul Lake,2010-08-03,2.0,,,,23.8
Paul Lake,2010-08-03,2.5,,,,23.8
Paul Lake,2010-08-03,3.0,,,,22.6
Paul Lake,2010-08-03,3.5,,,,19.8
Paul Lake,2010-08-03,4.0,,,,17.7
Paul Lake,2010-08-03,4.5,,,,14.6
Paul Lake,2010-08-03,5.0,,,,12.0
Paul Lake,2010-08-03,5.5,,,,10.5
Paul Lake,2010-08-03,6.0,,,,8.6
Paul Lake,2010-08-03,6.5,,,,7.8
Paul Lake,2010-08-03,7.0,,,,7.1
Paul Lake,2010-08-03,8.0,,,,5.9
Paul Lake,2010-08-03,9.0,,,,5.5
Paul Lake,2010-08-03,10.0,,,,5.3
Paul Lake,2010-08-03,11.0,,,,5.3
Paul Lake,2010-08-03,12.0,,,,5.3
Paul Lake,2010-08-03,,229.323179,3.846485217,,
Paul Lake,2010-08-10,0.0,,,,25.2
Paul Lake,2010-08-10,0.25,,,,
Paul Lake,2010-08-10,0.5,,,,25.1
Paul Lake,2010-08-10,0.75,,,,
Paul Lake,2010-08-10,1.0,,,,24.9
Paul Lake,2010-08-10,1.5,,,,24.8
Paul Lake,2010-08-10,2.0,,,,24.2
Paul Lake,2010-08-10,2.5,,,,23.8
Paul Lake,2010-08-10,3.0,,,,23.0
Paul Lake,2010-08-10,3.5,,,,20.9
Paul Lake,2010-08-10,4.0,,,,17.6
Paul Lake,2010-08-10,4.5,,,,14.6
Paul Lake,2010-08-10,5.0,,,,12.6
Paul Lake,2010-08-10,5.5,,,,10.6
Paul Lake,2010-08-10,6.0,,,,9.1
Paul Lake,2010-08-10,6.5,,,,8.4
Paul Lake,2010-08-10,7.0,,,,7.4
Paul Lake,2010-08-10,8.0,,,,6.1
Paul Lake,2010-08-10,9.0,,,,5.6
Paul Lake,2010-08-10,10.0,,,,5.4
Paul Lake,2010-08-10,11.0,,,,5.3
Paul Lake,2010-08-10,12.0,,,,5.3
Paul Lake,2010-08-10,,204.0514703,3.42076691,,
Paul Lake,2010-08-17,0.0,,,,21.8
Paul Lake,2010-08-17,0.25,,,,
Paul Lake,2010-08-17,0.5,,,,21.9
Paul Lake,2010-08-17,0.75,,,,
Paul Lake,2010-08-17,1.0,,,,21.9
Paul Lake,2010-08-17,1.5,,,,21.9
Paul Lake,2010-08-17,2.0,,,,21.9
Paul Lake,2010-08-17,2.5,,,,21.8
Paul Lake,2010-08-17,3.0,,,,21.8
Paul Lake,2010-08-17,3.5,,,,21.6
Paul Lake,2010-08-17,4.0,,,,18.3
Paul Lake,2010-08-17,4.5,,,,15.3
Paul Lake,2010-08-17,5.0,,,,12.8
Paul Lake,2010-08-17,5.5,,,,10.9
Paul Lake,2010-08-17,6.0,,,,9.3
Paul Lake,2010-08-17,6.5,,,,8.3
Paul Lake,2010-08-17,7.0,,,,7.4
Paul Lake,2010-08-17,8.0,,,,6.2
Paul Lake,2010-08-17,9.0,,,,5.6
Paul Lake,2010-08-17,10.0,,,,5.4
Paul Lake,2010-08-17,11.0,,,,5.3
Paul Lake,2010-08-17,12.0,,,,5.4
Paul Lake,2010-08-17,,219.8302562,1.846923037,,
Paul Lake,2010-08-24,0.0,,,,22.8
Paul Lake,2010-08-24,0.25,,,,
Paul Lake,2010-08-24,0.5,,,,22.8
Paul Lake,2010-08-24,0.75,,,,
Paul Lake,2010-08-24,1.0,,,,22.8
Paul Lake,2010-08-24,1.5,,,,22.4
Paul Lake,2010-08-24,2.0,,,,22.1
Paul Lake,2010-08-24,2.5,,,,21.8
Paul Lake,2010-08-24,3.0,,,,21.5
Paul Lake,2010-08-24,3.5,,,,20.9
Paul Lake,2010-08-24,4.0,,,,18.6
Paul Lake,2010-08-24,4.5,,,,16.0
Paul Lake,2010-08-24,5.0,,,,13.6
Paul Lake,2010-08-24,5.5,,,,11.8
Paul Lake,2010-08-24,6.0,,,,10.0
Paul Lake,2010-08-24,6.5,,,,8.6
Paul Lake,2010-08-24,7.0,,,,7.7
Paul Lake,2010-08-24,8.0,,,,6.5
Paul Lake,2010-08-24,9.0,,,,6.0
Paul Lake,2010-08-24,10.0,,,,5.5
Paul Lake,2010-08-24,11.0,,,,5.4
Paul Lake,2010-08-24,12.0,,,,5.4
Paul Lake,2010-08-24,,217.6875225,2.613104325,,
Paul Lake,2011-05-17,0.0,,,,12.8
Paul Lake,2011-05-17,0.25,,,,
Paul Lake,2011-05-17,0.5,,,,12.6
Paul Lake,2011-05-17,0.75,,,,
Paul Lake,2011-05-17,1.0,,,,12.1
Paul Lake,2011-05-17,1.5,,,,11.9
Paul Lake,2011-05-17,2.0,,,,10.9
Paul Lake,2011-05-17,2.5,,,,9.3
Paul Lake,2011-05-17,3.0,,,,7.8
Paul Lake,2011-05-17,3.5,,,,6.5
Paul Lake,2011-05-17,4.0,,,,5.9
Paul Lake,2011-05-17,4.5,,,,5.4
Paul Lake,2011-05-17,5.0,,,,5.3
Paul Lake,2011-05-17,5.5,,,,5.0
Paul Lake,2011-05-17,6.0,,,,5.0
Paul Lake,2011-05-17,6.5,,,,4.8
Paul Lake,2011-05-17,7.0,,,,4.7
Paul Lake,2011-05-17,8.0,,,,4.7
Paul Lake,2011-05-17,9.0,,,,4.7
Paul Lake,2011-05-17,,287.4225875,4.795147168,,
Paul Lake,2011-05-24,0.0,,,,16.4
Paul Lake,2011-05-24,0.25,,,,
Paul Lake,2011-05-24,0.5,,,,16.2
Paul Lake,2011-05-24,0.75,,,,
Paul Lake,2011-05-24,1.0,,,,16.1
Paul Lake,2011-05-24,1.5,,,,15.8
Paul Lake,2011-05-24,2.0,,,,13.8
Paul Lake,2011-05-24,2.5,,,,10.9
Paul Lake,2011-05-24,3.0,,,,9.2
Paul Lake,2011-05-24,3.5,,,,7.7
Paul Lake,2011-05-24,4.0,,,,6.8
Paul Lake,2011-05-24,4.5,,,,6.0
Paul Lake,2011-05-24,5.0,,,,5.6
Paul Lake,2011-05-24,5.5,,,,5.3
Paul Lake,2011-05-24,6.0,,,,5.1
Paul Lake,2011-05-24,6.5,,,,4.9
Paul Lake,2011-05-24,7.0,,,,4.9
Paul Lake,2011-05-24,8.0,,,,4.8
Paul Lake,2011-05-24,9.0,,,,4.8
Paul Lake,2011-05-24,10.0,,,,4.8
Paul Lake,2011-05-24,11.0,,,,4.8
Paul Lake,2011-05-24,12.0,,,,4.8
Paul Lake,2011-05-24,,211.0994894,6.284476513,,
Paul Lake,2011-05-31,0.0,,,,17.9
Paul Lake,2011-05-31,0.25,,,,
Paul Lake,2011-05-31,0.5,,,,17.5
Paul Lake,2011-05-31,0.75,,,,
Paul Lake,2011-05-31,1.0,,,,16.7
Paul Lake,2011-05-31,1.5,,,,16.5
Paul Lake,2011-05-31,2.0,,,,15.5
Paul Lake,2011-05-31,2.5,,,,13.7
Paul Lake,2011-05-31,3.0,,,,11.1
Paul Lake,2011-05-31,3.5,,,,9.2
Paul Lake,2011-05-31,4.0,,,,7.8
Paul Lake,2011-05-31,4.5,,,,6.9
Paul Lake,2011-05-31,5.0,,,,6.3
Paul Lake,2011-05-31,5.5,,,,5.7
Paul Lake,2011-05-31,6.0,,,,5.4
Paul Lake,2011-05-31,6.5,,,,5.1
Paul Lake,2011-05-31,7.0,,,,5.1
Paul Lake,2011-05-31,8.0,,,,4.9
Paul Lake,2011-05-31,9.0,,,,4.8
Paul Lake,2011-05-31,10.0,,,,4.8
Paul Lake,2011-05-31,11.0,,,,4.8
Paul Lake,2011-05-31,12.0,,,,4.8
Paul Lake,2011-05-31,,231.2469287,2.238751416,,
Paul Lake,2011-06-07,0.0,,,,24.2
Paul Lake,2011-06-07,0.25,,,,
Paul Lake,2011-06-07,0.5,,,,23.6
Paul Lake,2011-06-07,0.75,,,,
Paul Lake,2011-06-07,1.0,,,,22.3
Paul Lake,2011-06-07,1.5,,,,20.5
Paul Lake,2011-06-07,2.0,,,,18.2
Paul Lake,2011-06-07,2.5,,,,15.2
Paul Lake,2011-06-07,3.0,,,,12.8
Paul Lake,2011-06-07,3.5,,,,10.8
Paul Lake,2011-06-07,4.0,,,,8.9
Paul Lake,2011-06-07,4.5,,,,7.7
Paul Lake,2011-06-07,5.0,,,,6.9
Paul Lake,2011-06-07,5.5,,,,6.4
Paul Lake,2011-06-07,6.0,,,,5.9
Paul Lake,2011-06-07,6.5,,,,5.5
Paul Lake,2011-06-07,7.0,,,,5.4
Paul Lake,2011-06-07,8.0,,,,5.0
Paul Lake,2011-06-07,9.0,,,,4.9
Paul Lake,2011-06-07,10.0,,,,4.9
Paul Lake,2011-06-07,11.0,,,,4.9
Paul Lake,2011-06-07,12.0,,,,4.9
Paul Lake,2011-06-07,,455.7364396,3.460893559,,
Paul Lake,2011-06-14,0.0,,,,20.0
Paul Lake,2011-06-14,0.25,,,,
Paul Lake,2011-06-14,0.5,,,,19.9
Paul Lake,2011-06-14,0.75,,,,
Paul Lake,2011-06-14,1.0,,,,19.7
Paul Lake,2011-06-14,1.5,,,,19.4
Paul Lake,2011-06-14,2.0,,,,18.7
Paul Lake,2011-06-14,2.5,,,,17.4
Paul Lake,2011-06-14,3.0,,,,14.3
Paul Lake,2011-06-14,3.5,,,,11.6
Paul Lake,2011-06-14,4.0,,,,9.7
Paul Lake,2011-06-14,4.5,,,,8.6
Paul Lake,2011-06-14,5.0,,,,7.5
Paul Lake,2011-06-14,5.5,,,,6.7
Paul Lake,2011-06-14,6.0,,,,6.2
Paul Lake,2011-06-14,6.5,,,,5.8
Paul Lake,2011-06-14,7.0,,,,5.5
Paul Lake,2011-06-14,8.0,,,,5.2
Paul Lake,2011-06-14,9.0,,,,5.0
Paul Lake,2011-06-14,10.0,,,,5.0
Paul Lake,2011-06-14,11.0,,,,4.9
Paul Lake,2011-06-14,12.0,,,,4.9
Paul Lake,2011-06-14,,528.9521884,5.189469863,,
Paul Lake,2011-06-22,0.0,,,,18.1
Paul Lake,2011-06-22,0.25,,,,
Paul Lake,2011-06-22,0.5,,,,18.1
Paul Lake,2011-06-22,0.75,,,,
Paul Lake,2011-06-22,1.0,,,,18.1
Paul Lake,2011-06-22,1.5,,,,18.1
Paul Lake,2011-06-22,2.0,,,,18.0
Paul Lake,2011-06-22,2.5,,,,17.8
Paul Lake,2011-06-22,3.0,,,,15.1
Paul Lake,2011-06-22,3.5,,,,12.8
Paul Lake,2011-06-22,4.0,,,,11.2
Paul Lake,2011-06-22,4.5,,,,9.1
Paul Lake,2011-06-22,5.0,,,,7.9
Paul Lake,2011-06-22,5.5,,,,7.1
Paul Lake,2011-06-22,6.0,,,,6.5
Paul Lake,2011-06-22,6.5,,,,6.0
Paul Lake,2011-06-22,7.0,,,,5.8
Paul Lake,2011-06-22,8.0,,,,5.3
Paul Lake,2011-06-22,9.0,,,,5.1
Paul Lake,2011-06-22,10.0,,,,5.0
Paul Lake,2011-06-22,11.0,,,,5.0
Paul Lake,2011-06-22,12.0,,,,5.0
Paul Lake,2011-06-22,,740.2776538,7.047533308,,
Paul Lake,2011-06-28,0.0,,,,19.3
Paul Lake,2011-06-28,0.25,,,,
Paul Lake,2011-06-28,0.5,,,,19.3
Paul Lake,2011-06-28,0.75,,,,
Paul Lake,2011-06-28,1.0,,,,19.2
Paul Lake,2011-06-28,1.5,,,,19.2
Paul Lake,2011-06-28,2.0,,,,18.7
Paul Lake,2011-06-28,2.5,,,,17.8
Paul Lake,2011-06-28,3.0,,,,16.2
Paul Lake,2011-06-28,3.5,,,,13.6
Paul Lake,2011-06-28,4.0,,,,11.4
Paul Lake,2011-06-28,4.5,,,,9.4
Paul Lake,2011-06-28,5.0,,,,8.3
Paul Lake,2011-06-28,5.5,,,,7.5
Paul Lake,2011-06-28,6.0,,,,6.6
Paul Lake,2011-06-28,6.5,,,,6.2
Paul Lake,2011-06-28,7.0,,,,5.9
Paul Lake,2011-06-28,8.0,,,,5.4
Paul Lake,2011-06-28,9.0,,,,5.1
Paul Lake,2011-06-28,10.0,,,,5.1
Paul Lake,2011-06-28,11.0,,,,5.0
Paul Lake,2011-06-28,12.0,,,,5.0
Paul Lake,2011-06-28,,558.1678447,10.71305892,,
Paul Lake,2011-07-05,0.0,,,,25.3
Paul Lake,2011-07-05,0.25,,,,
Paul Lake,2011-07-05,0.5,,,,25.2
Paul Lake,2011-07-05,0.75,,,,
Paul Lake,2011-07-05,1.0,,,,25.0
Paul Lake,2011-07-05,1.5,,,,24.1
Paul Lake,2011-07-05,2.0,,,,22.0
Paul Lake,2011-07-05,2.5,,,,20.0
Paul Lake,2011-07-05,3.0,,,,17.7
Paul Lake,2011-07-05,3.5,,,,14.8
Paul Lake,2011-07-05,4.0,,,,12.1
Paul Lake,2011-07-05,4.5,,,,10.4
Paul Lake,2011-07-05,5.0,,,,8.9
Paul Lake,2011-07-05,5.5,,,,7.9
Paul Lake,2011-07-05,6.0,,,,7.2
Paul Lake,2011-07-05,6.5,,,,6.6
Paul Lake,2011-07-05,7.0,,,,6.1
Paul Lake,2011-07-05,8.0,,,,5.6
Paul Lake,2011-07-05,9.0,,,,5.2
Paul Lake,2011-07-05,10.0,,,,5.1
Paul Lake,2011-07-05,11.0,,,,5.1
Paul Lake,2011-07-05,12.0,,,,5.1
Paul Lake,2011-07-05,,567.1134802,4.595817727,,
Paul Lake,2011-07-12,0.0,,,,25.3
Paul Lake,2011-07-12,0.25,,,,
Paul Lake,2011-07-12,0.5,,,,25.3
Paul Lake,2011-07-12,0.75,,,,
Paul Lake,2011-07-12,1.0,,,,25.3
Paul Lake,2011-07-12,1.5,,,,25.2
Paul Lake,2011-07-12,2.0,,,,24.3
Paul Lake,2011-07-12,2.5,,,,21.6
Paul Lake,2011-07-12,3.0,,,,18.7
Paul Lake,2011-07-12,3.5,,,,16.0
Paul Lake,2011-07-12,4.0,,,,13.3
Paul Lake,2011-07-12,4.5,,,,11.2
Paul Lake,2011-07-12,5.0,,,,9.7
Paul Lake,2011-07-12,5.5,,,,8.5
Paul Lake,2011-07-12,6.0,,,,7.3
Paul Lake,2011-07-12,6.5,,,,6.8
Paul Lake,2011-07-12,7.0,,,,6.3
Paul Lake,2011-07-12,8.0,,,,5.6
Paul Lake,2011-07-12,9.0,,,,5.3
Paul Lake,2011-07-12,10.0,,,,5.2
Paul Lake,2011-07-12,11.0,,,,5.1
Paul Lake,2011-07-12,12.0,,,,5.1
Paul Lake,2011-07-12,,268.2124466,7.831485001,,
Paul Lake,2011-07-19,0.0,,,,26.8
Paul Lake,2011-07-19,0.25,,,,
Paul Lake,2011-07-19,0.5,,,,26.6
Paul Lake,2011-07-19,0.75,,,,
Paul Lake,2011-07-19,1.0,,,,26.0
Paul Lake,2011-07-19,1.5,,,,24.8
Paul Lake,2011-07-19,2.0,,,,23.6
Paul Lake,2011-07-19,2.5,,,,22.3
Paul Lake,2011-07-19,3.0,,,,19.9
Paul Lake,2011-07-19,3.5,,,,16.7
Paul Lake,2011-07-19,4.0,,,,13.8
Paul Lake,2011-07-19,4.5,,,,11.4
Paul Lake,2011-07-19,5.0,,,,10.0
Paul Lake,2011-07-19,5.5,,,,9.1
Paul Lake,2011-07-19,6.0,,,,7.9
Paul Lake,2011-07-19,6.5,,,,7.1
Paul Lake,2011-07-19,7.0,,,,6.7
Paul Lake,2011-07-19,8.0,,,,5.8
Paul Lake,2011-07-19,9.0,,,,5.4
Paul Lake,2011-07-19,10.0,,,,5.2
Paul Lake,2011-07-19,11.0,,,,5.2
Paul Lake,2011-07-19,12.0,,,,5.2
Paul Lake,2011-07-19,,305.1316439,5.220437919,,
Paul Lake,2011-07-26,0.0,,,,24.9
Paul Lake,2011-07-26,0.25,,,,
Paul Lake,2011-07-26,0.5,,,,24.8
Paul Lake,2011-07-26,0.75,,,,
Paul Lake,2011-07-26,1.0,,,,24.5
Paul Lake,2011-07-26,1.5,,,,24.4
Paul Lake,2011-07-26,2.0,,,,24.2
Paul Lake,2011-07-26,2.5,,,,23.8
Paul Lake,2011-07-26,3.0,,,,20.9
Paul Lake,2011-07-26,3.5,,,,17.9
Paul Lake,2011-07-26,4.0,,,,14.7
Paul Lake,2011-07-26,4.5,,,,12.2
Paul Lake,2011-07-26,5.0,,,,10.3
Paul Lake,2011-07-26,5.5,,,,9.0
Paul Lake,2011-07-26,6.0,,,,8.1
Paul Lake,2011-07-26,6.5,,,,7.3
Paul Lake,2011-07-26,7.0,,,,6.8
Paul Lake,2011-07-26,8.0,,,,5.9
Paul Lake,2011-07-26,9.0,,,,5.4
Paul Lake,2011-07-26,10.0,,,,5.3
Paul Lake,2011-07-26,11.0,,,,5.2
Paul Lake,2011-07-26,12.0,,,,5.2
Paul Lake,2011-07-26,,343.8330724,7.181632156,,
Paul Lake,2011-08-03,0.0,,,,24.7
Paul Lake,2011-08-03,0.25,,,,
Paul Lake,2011-08-03,0.5,,,,24.3
Paul Lake,2011-08-03,0.75,,,,
Paul Lake,2011-08-03,1.0,,,,24.1
Paul Lake,2011-08-03,1.5,,,,24.0
Paul Lake,2011-08-03,2.0,,,,24.0
Paul Lake,2011-08-03,2.5,,,,23.7
Paul Lake,2011-08-03,3.0,,,,21.9
Paul Lake,2011-08-03,3.5,,,,18.5
Paul Lake,2011-08-03,4.0,,,,15.6
Paul Lake,2011-08-03,4.5,,,,13.1
Paul Lake,2011-08-03,5.0,,,,11.0
Paul Lake,2011-08-03,5.5,,,,9.5
Paul Lake,2011-08-03,6.0,,,,8.4
Paul Lake,2011-08-03,6.5,,,,7.5
Paul Lake,2011-08-03,7.0,,,,7.1
Paul Lake,2011-08-03,8.0,,,,6.1
Paul Lake,2011-08-03,9.0,,,,5.6
Paul Lake,2011-08-03,10.0,,,,5.4
Paul Lake,2011-08-03,11.0,,,,5.3
Paul Lake,2011-08-03,12.0,,,,5.3
Paul Lake,2011-08-03,,458.9749732,7.478764988,,
Paul Lake,2011-08-10,0.0,,,,23.2
Paul Lake,2011-08-10,0.25,,,,
Paul Lake,2011-08-10,0.5,,,,23.2
Paul Lake,2011-08-10,0.75,,,,
Paul Lake,2011-08-10,1.0,,,,23.1
Paul Lake,2011-08-10,1.5,,,,23.0
Paul Lake,2011-08-10,2.0,,,,22.9
Paul Lake,2011-08-10,2.5,,,,22.9
Paul Lake,2011-08-10,3.0,,,,22.5
Paul Lake,2011-08-10,3.5,,,,19.4
Paul Lake,2011-08-10,4.0,,,,16.3
Paul Lake,2011-08-10,4.5,,,,13.8
Paul Lake,2011-08-10,5.0,,,,11.3
Paul Lake,2011-08-10,5.5,,,,9.6
Paul Lake,2011-08-10,6.0,,,,8.6
Paul Lake,2011-08-10,6.5,,,,7.6
Paul Lake,2011-08-10,7.0,,,,7.2
Paul Lake,2011-08-10,8.0,,,,6.2
Paul Lake,2011-08-10,9.0,,,,5.7
Paul Lake,2011-08-10,10.0,,,,5.4
Paul Lake,2011-08-10,11.0,,,,5.3
Paul Lake,2011-08-10,12.0,,,,5.3
Paul Lake,2011-08-10,,290.0007367,3.877446354,,
Paul Lake,2011-08-16,0.0,,,,24.2
Paul Lake,2011-08-16,0.25,,,,
Paul Lake,2011-08-16,0.5,,,,24.0
Paul Lake,2011-08-16,0.75,,,,
Paul Lake,2011-08-16,1.0,,,,23.8
Paul Lake,2011-08-16,1.5,,,,23.6
Paul Lake,2011-08-16,2.0,,,,23.1
Paul Lake,2011-08-16,2.5,,,,22.9
Paul Lake,2011-08-16,3.0,,,,22.3
Paul Lake,2011-08-16,3.5,,,,20.1
Paul Lake,2011-08-16,4.0,,,,17.1
Paul Lake,2011-08-16,4.5,,,,14.1
Paul Lake,2011-08-16,5.0,,,,11.8
Paul Lake,2011-08-16,5.5,,,,10.1
Paul Lake,2011-08-16,6.0,,,,8.8
Paul Lake,2011-08-16,6.5,,,,8.0
Paul Lake,2011-08-16,7.0,,,,7.5
Paul Lake,2011-08-16,8.0,,,,6.5
Paul Lake,2011-08-16,9.0,,,,5.8
Paul Lake,2011-08-16,10.0,,,,5.5
Paul Lake,2011-08-16,11.0,,,,5.4
Paul Lake,2011-08-16,12.0,,,,5.4
Paul Lake,2011-08-16,,312.781769,6.27334159,,
Paul Lake,2011-08-23,0.0,,,,22.4
Paul Lake,2011-08-23,0.25,,,,
Paul Lake,2011-08-23,0.5,,,,22.3
Paul Lake,2011-08-23,0.75,,,,
Paul Lake,2011-08-23,1.0,,,,22.2
Paul Lake,2011-08-23,1.5,,,,22.1
Paul Lake,2011-08-23,2.0,,,,22.0
Paul Lake,2011-08-23,2.5,,,,21.9
Paul Lake,2011-08-23,3.0,,,,21.8
Paul Lake,2011-08-23,3.5,,,,20.7
Paul Lake,2011-08-23,4.0,,,,17.5
Paul Lake,2011-08-23,4.5,,,,14.6
Paul Lake,2011-08-23,5.0,,,,12.4
Paul Lake,2011-08-23,5.5,,,,10.6
Paul Lake,2011-08-23,6.0,,,,9.1
Paul Lake,2011-08-23,6.5,,,,8.2
Paul Lake,2011-08-23,7.0,,,,7.6
Paul Lake,2011-08-23,8.0,,,,6.5
Paul Lake,2011-08-23,9.0,,,,5.9
Paul Lake,2011-08-23,10.0,,,,5.5
Paul Lake,2011-08-23,11.0,,,,5.5
Paul Lake,2011-08-23,12.0,,,,5.4
Paul Lake,2011-08-23,,284.9642746,5.142445477,,
Paul Lake,2011-08-30,0.0,,,,21.9
Paul Lake,2011-08-30,0.25,,,,
Paul Lake,2011-08-30,0.5,,,,21.8
Paul Lake,2011-08-30,0.75,,,,
Paul Lake,2011-08-30,1.0,,,,21.7
Paul Lake,2011-08-30,1.5,,,,21.6
Paul Lake,2011-08-30,2.0,,,,21.5
Paul Lake,2011-08-30,2.5,,,,21.4
Paul Lake,2011-08-30,3.0,,,,21.3
Paul Lake,2011-08-30,3.5,,,,20.8
Paul Lake,2011-08-30,4.0,,,,18.0
Paul Lake,2011-08-30,4.5,,,,14.8
Paul Lake,2011-08-30,5.0,,,,12.5
Paul Lake,2011-08-30,5.5,,,,10.8
Paul Lake,2011-08-30,6.0,,,,9.2
Paul Lake,2011-08-30,6.5,,,,8.4
Paul Lake,2011-08-30,7.0,,,,7.7
Paul Lake,2011-08-30,8.0,,,,6.6
Paul Lake,2011-08-30,9.0,,,,6.0
Paul Lake,2011-08-30,10.0,,,,5.6
Paul Lake,2011-08-30,11.0,,,,5.6
Paul Lake,2011-08-30,12.0,,,,5.5
Paul Lake,2011-08-30,,305.918783,3.473332981,,
Paul Lake,2012-05-22,0.0,,,,19.4
Paul Lake,2012-05-22,0.25,,,,
Paul Lake,2012-05-22,0.5,,,,19.1
Paul Lake,2012-05-22,0.75,,,,
Paul Lake,2012-05-22,1.0,,,,18.7
Paul Lake,2012-05-22,1.5,,,,18.4
Paul Lake,2012-05-22,2.0,,,,18.2
Paul Lake,2012-05-22,2.5,,,,17.1
Paul Lake,2012-05-22,3.0,,,,15.2
Paul Lake,2012-05-22,3.5,,,,13.4
Paul Lake,2012-05-22,4.0,,,,12.0
Paul Lake,2012-05-22,4.5,,,,10.5
Paul Lake,2012-05-22,5.0,,,,9.1
Paul Lake,2012-05-22,5.5,,,,8.2
Paul Lake,2012-05-22,6.0,,,,7.2
Paul Lake,2012-05-22,6.5,,,,6.5
Paul Lake,2012-05-22,7.0,,,,6.0
Paul Lake,2012-05-22,8.0,,,,5.5
Paul Lake,2012-05-22,9.0,,,,5.2
Paul Lake,2012-05-22,,351.6941554,26.58926799,,
Paul Lake,2012-05-29,0.0,,,,20.3
Paul Lake,2012-05-29,0.25,,,,
Paul Lake,2012-05-29,0.5,,,,20.4
Paul Lake,2012-05-29,0.75,,,,
Paul Lake,2012-05-29,1.0,,,,20.5
Paul Lake,2012-05-29,1.5,,,,20.2
Paul Lake,2012-05-29,2.0,,,,19.6
Paul Lake,2012-05-29,2.5,,,,18.5
Paul Lake,2012-05-29,3.0,,,,16.5
Paul Lake,2012-05-29,3.5,,,,14.2
Paul Lake,2012-05-29,4.0,,,,12.7
Paul Lake,2012-05-29,4.5,,,,11.3
Paul Lake,2012-05-29,5.0,,,,9.8
Paul Lake,2012-05-29,5.5,,,,8.5
Paul Lake,2012-05-29,6.0,,,,7.8
Paul Lake,2012-05-29,6.5,,,,7.0
Paul Lake,2012-05-29,7.0,,,,6.6
Paul Lake,2012-05-29,8.0,,,,5.7
Paul Lake,2012-05-29,9.0,,,,5.4
Paul Lake,2012-05-29,10.0,,,,5.3
Paul Lake,2012-05-29,11.0,,,,5.2
Paul Lake,2012-05-29,12.0,,,,5.2
Paul Lake,2012-05-29,,320.3229164,9.933879163,,
Paul Lake,2012-06-05,0.0,,,,20.4
Paul Lake,2012-06-05,0.25,,,,
Paul Lake,2012-06-05,0.5,,,,20.1
Paul Lake,2012-06-05,0.75,,,,
Paul Lake,2012-06-05,1.0,,,,19.9
Paul Lake,2012-06-05,1.5,,,,19.6
Paul Lake,2012-06-05,2.0,,,,19.1
Paul Lake,2012-06-05,2.5,,,,18.7
Paul Lake,2012-06-05,3.0,,,,17.8
Paul Lake,2012-06-05,3.5,,,,15.8
Paul Lake,2012-06-05,4.0,,,,13.5
Paul Lake,2012-06-05,4.5,,,,11.8
Paul Lake,2012-06-05,5.0,,,,10.3
Paul Lake,2012-06-05,5.5,,,,9.1
Paul Lake,2012-06-05,6.0,,,,7.7
Paul Lake,2012-06-05,6.5,,,,7.0
Paul Lake,2012-06-05,7.0,,,,6.7
Paul Lake,2012-06-05,8.0,,,,
Paul Lake,2012-06-05,,410.388399,18.64111032,,
Paul Lake,2012-06-12,0.0,,,,21.8
Paul Lake,2012-06-12,0.25,,,,
Paul Lake,2012-06-12,0.5,,,,21.8
Paul Lake,2012-06-12,0.75,,,,
Paul Lake,2012-06-12,1.0,,,,21.9
Paul Lake,2012-06-12,1.5,,,,21.9
Paul Lake,2012-06-12,2.0,,,,21.9
Paul Lake,2012-06-12,2.5,,,,21.1
Paul Lake,2012-06-12,3.0,,,,18.9
Paul Lake,2012-06-12,3.5,,,,17.0
Paul Lake,2012-06-12,4.0,,,,14.7
Paul Lake,2012-06-12,4.5,,,,12.6
Paul Lake,2012-06-12,5.0,,,,10.6
Paul Lake,2012-06-12,5.5,,,,9.5
Paul Lake,2012-06-12,6.0,,,,8.4
Paul Lake,2012-06-12,6.5,,,,7.3
Paul Lake,2012-06-12,7.0,,,,6.7
Paul Lake,2012-06-12,8.0,,,,6.0
Paul Lake,2012-06-12,9.0,,,,5.8
Paul Lake,2012-06-12,,469.9610128,14.5599846,,
Paul Lake,2012-06-19,0.0,,,,23.1
Paul Lake,2012-06-19,0.25,,,,
Paul Lake,2012-06-19,0.5,,,,22.6
Paul Lake,2012-06-19,0.75,,,,
Paul Lake,2012-06-19,1.0,,,,22.3
Paul Lake,2012-06-19,1.5,,,,22.0
Paul Lake,2012-06-19,2.0,,,,21.6
Paul Lake,2012-06-19,2.5,,,,21.0
Paul Lake,2012-06-19,3.0,,,,20.0
Paul Lake,2012-06-19,3.5,,,,17.6
Paul Lake,2012-06-19,4.0,,,,15.1
Paul Lake,2012-06-19,4.5,,,,13.0
Paul Lake,2012-06-19,5.0,,,,11.3
Paul Lake,2012-06-19,5.5,,,,9.6
Paul Lake,2012-06-19,6.0,,,,8.7
Paul Lake,2012-06-19,6.5,,,,7.6
Paul Lake,2012-06-19,7.0,,,,7.1
Paul Lake,2012-06-19,8.0,,,,6.3
Paul Lake,2012-06-19,9.0,,,,5.7
Paul Lake,2012-06-19,,359.5324848,12.28541487,,
Paul Lake,2012-06-26,0.0,,,,22.3
Paul Lake,2012-06-26,0.25,,,,
Paul Lake,2012-06-26,0.5,,,,22.3
Paul Lake,2012-06-26,0.75,,,,
Paul Lake,2012-06-26,1.0,,,,22.2
Paul Lake,2012-06-26,1.5,,,,22.1
Paul Lake,2012-06-26,2.0,,,,22.0
Paul Lake,2012-06-26,2.5,,,,21.8
Paul Lake,2012-06-26,3.0,,,,20.7
Paul Lake,2012-06-26,3.5,,,,18.2
Paul Lake,2012-06-26,4.0,,,,16.1
Paul Lake,2012-06-26,4.5,,,,13.6
Paul Lake,2012-06-26,5.0,,,,12.0
Paul Lake,2012-06-26,5.5,,,,10.3
Paul Lake,2012-06-26,6.0,,,,8.8
Paul Lake,2012-06-26,6.5,,,,8.1
Paul Lake,2012-06-26,7.0,,,,7.4
Paul Lake,2012-06-26,8.0,,,,6.3
Paul Lake,2012-06-26,9.0,,,,5.9
Paul Lake,2012-06-26,10.0,,,,5.6
Paul Lake,2012-06-26,,451.4461465,21.01359504,,
Paul Lake,2012-07-03,0.0,,,,26.6
Paul Lake,2012-07-03,0.25,,,,
Paul Lake,2012-07-03,0.5,,,,26.6
Paul Lake,2012-07-03,0.75,,,,
Paul Lake,2012-07-03,1.0,,,,26.4
Paul Lake,2012-07-03,1.5,,,,26.1
Paul Lake,2012-07-03,2.0,,,,25.2
Paul Lake,2012-07-03,2.5,,,,24.2
Paul Lake,2012-07-03,3.0,,,,21.6
Paul Lake,2012-07-03,3.5,,,,19.3
Paul Lake,2012-07-03,4.0,,,,17.0
Paul Lake,2012-07-03,4.5,,,,14.3
Paul Lake,2012-07-03,5.0,,,,12.2
Paul Lake,2012-07-03,5.5,,,,10.3
Paul Lake,2012-07-03,6.0,,,,8.9
Paul Lake,2012-07-03,6.5,,,,8.0
Paul Lake,2012-07-03,7.0,,,,7.5
Paul Lake,2012-07-03,8.0,,,,6.5
Paul Lake,2012-07-03,9.0,,,,5.9
Paul Lake,2012-07-03,,371.492622,20.97426009,,
Paul Lake,2012-07-10,0.0,,,,25.7
Paul Lake,2012-07-10,0.25,,,,
Paul Lake,2012-07-10,0.5,,,,25.6
Paul Lake,2012-07-10,0.75,,,,
Paul Lake,2012-07-10,1.0,,,,25.5
Paul Lake,2012-07-10,1.5,,,,25.4
Paul Lake,2012-07-10,2.0,,,,25.3
Paul Lake,2012-07-10,2.5,,,,25.1
Paul Lake,2012-07-10,3.0,,,,23.5
Paul Lake,2012-07-10,3.5,,,,20.3
Paul Lake,2012-07-10,4.0,,,,17.6
Paul Lake,2012-07-10,4.5,,,,14.9
Paul Lake,2012-07-10,5.0,,,,12.8
Paul Lake,2012-07-10,5.5,,,,10.8
Paul Lake,2012-07-10,6.0,,,,9.3
Paul Lake,2012-07-10,6.5,,,,8.3
Paul Lake,2012-07-10,7.0,,,,7.7
Paul Lake,2012-07-10,8.0,,,,7.1
Paul Lake,2012-07-10,,643.0339398,17.49166406,,
Paul Lake,2012-07-17,0.0,,,,26.4
Paul Lake,2012-07-17,0.25,,,,
Paul Lake,2012-07-17,0.5,,,,26.5
Paul Lake,2012-07-17,0.75,,,,
Paul Lake,2012-07-17,1.0,,,,26.5
Paul Lake,2012-07-17,1.5,,,,26.5
Paul Lake,2012-07-17,2.0,,,,26.5
Paul Lake,2012-07-17,2.5,,,,26.0
Paul Lake,2012-07-17,3.0,,,,24.2
Paul Lake,2012-07-17,3.5,,,,20.8
Paul Lake,2012-07-17,4.0,,,,18.0
Paul Lake,2012-07-17,4.5,,,,14.1
Paul Lake,2012-07-17,5.0,,,,13.1
Paul Lake,2012-07-17,5.5,,,,10.8
Paul Lake,2012-07-17,6.0,,,,9.3
Paul Lake,2012-07-17,6.5,,,,8.4
Paul Lake,2012-07-17,7.0,,,,7.8
Paul Lake,2012-07-17,8.0,,,,6.7
Paul Lake,2012-07-17,9.0,,,,6.0
Paul Lake,2012-07-17,,547.1792208,16.1361021,,
Paul Lake,2012-07-24,0.0,,,,26.2
Paul Lake,2012-07-24,0.25,,,,
Paul Lake,2012-07-24,0.5,,,,26.3
Paul Lake,2012-07-24,0.75,,,,
Paul Lake,2012-07-24,1.0,,,,26.3
Paul Lake,2012-07-24,1.5,,,,26.2
Paul Lake,2012-07-24,2.0,,,,26.1
Paul Lake,2012-07-24,2.5,,,,25.8
Paul Lake,2012-07-24,3.0,,,,24.6
Paul Lake,2012-07-24,3.5,,,,21.7
Paul Lake,2012-07-24,4.0,,,,18.6
Paul Lake,2012-07-24,4.5,,,,15.1
Paul Lake,2012-07-24,5.0,,,,13.2
Paul Lake,2012-07-24,5.5,,,,11.2
Paul Lake,2012-07-24,6.0,,,,10.0
Paul Lake,2012-07-24,6.5,,,,8.6
Paul Lake,2012-07-24,7.0,,,,7.9
Paul Lake,2012-07-24,8.0,,,,6.7
Paul Lake,2012-07-24,9.0,,,,6.0
Paul Lake,2012-07-24,,409.0429632,-4.178653339,,
Paul Lake,2012-07-31,0.0,,,,24.7
Paul Lake,2012-07-31,0.25,,,,
Paul Lake,2012-07-31,0.5,,,,24.7
Paul Lake,2012-07-31,0.75,,,,
Paul Lake,2012-07-31,1.0,,,,24.6
Paul Lake,2012-07-31,1.5,,,,24.6
Paul Lake,2012-07-31,2.0,,,,24.5
Paul Lake,2012-07-31,2.5,,,,24.4
Paul Lake,2012-07-31,3.0,,,,24.3
Paul Lake,2012-07-31,3.5,,,,21.8
Paul Lake,2012-07-31,4.0,,,,19.2
Paul Lake,2012-07-31,4.5,,,,16.6
Paul Lake,2012-07-31,5.0,,,,13.9
Paul Lake,2012-07-31,5.5,,,,11.4
Paul Lake,2012-07-31,6.0,,,,9.7
Paul Lake,2012-07-31,6.5,,,,8.7
Paul Lake,2012-07-31,7.0,,,,8.2
Paul Lake,2012-07-31,8.0,,,,6.9
Paul Lake,2012-07-31,9.0,,,,6.0
Paul Lake,2012-07-31,,465.6197289,16.2510778,,
Paul Lake,2012-08-07,0.0,,,,23.8
Paul Lake,2012-08-07,0.25,,,,
Paul Lake,2012-08-07,0.5,,,,23.8
Paul Lake,2012-08-07,0.75,,,,
Paul Lake,2012-08-07,1.0,,,,23.8
Paul Lake,2012-08-07,1.5,,,,23.7
Paul Lake,2012-08-07,2.0,,,,23.7
Paul Lake,2012-08-07,2.5,,,,23.6
Paul Lake,2012-08-07,3.0,,,,23.5
Paul Lake,2012-08-07,3.5,,,,22.6
Paul Lake,2012-08-07,4.0,,,,19.9
Paul Lake,2012-08-07,4.5,,,,16.6
Paul Lake,2012-08-07,5.0,,,,14.1
Paul Lake,2012-08-07,5.5,,,,11.8
Paul Lake,2012-08-07,6.0,,,,10.4
Paul Lake,2012-08-07,6.5,,,,9.5
Paul Lake,2012-08-07,7.0,,,,8.3
Paul Lake,2012-08-07,8.0,,,,7.1
Paul Lake,2012-08-07,9.0,,,,6.3
Paul Lake,2012-08-07,,371.1135564,21.94523498,,
Paul Lake,2012-08-14,0.0,,,,21.5
Paul Lake,2012-08-14,0.25,,,,
Paul Lake,2012-08-14,0.5,,,,21.5
Paul Lake,2012-08-14,0.75,,,,
Paul Lake,2012-08-14,1.0,,,,21.4
Paul Lake,2012-08-14,1.5,,,,21.4
Paul Lake,2012-08-14,2.0,,,,21.4
Paul Lake,2012-08-14,2.5,,,,21.3
Paul Lake,2012-08-14,3.0,,,,21.3
Paul Lake,2012-08-14,3.5,,,,21.2
Paul Lake,2012-08-14,4.0,,,,20.0
Paul Lake,2012-08-14,4.5,,,,17.7
Paul Lake,2012-08-14,5.0,,,,14.4
Paul Lake,2012-08-14,5.5,,,,12.2
Paul Lake,2012-08-14,6.0,,,,10.6
Paul Lake,2012-08-14,6.5,,,,9.5
Paul Lake,2012-08-14,7.0,,,,8.5
Paul Lake,2012-08-14,8.0,,,,6.9
Paul Lake,2012-08-14,9.0,,,,6.2
Paul Lake,2012-08-14,,360.7994289,0.805425935,,
Paul Lake,2012-08-21,0.0,,,,20.3
Paul Lake,2012-08-21,0.25,,,,
Paul Lake,2012-08-21,0.5,,,,20.2
Paul Lake,2012-08-21,0.75,,,,
Paul Lake,2012-08-21,1.0,,,,20.2
Paul Lake,2012-08-21,1.5,,,,20.1
Paul Lake,2012-08-21,2.0,,,,20.1
Paul Lake,2012-08-21,2.5,,,,20.1
Paul Lake,2012-08-21,3.0,,,,20.0
Paul Lake,2012-08-21,3.5,,,,20.0
Paul Lake,2012-08-21,4.0,,,,19.7
Paul Lake,2012-08-21,4.5,,,,18.0
Paul Lake,2012-08-21,5.0,,,,15.1
Paul Lake,2012-08-21,5.5,,,,12.7
Paul Lake,2012-08-21,6.0,,,,10.9
Paul Lake,2012-08-21,6.5,,,,9.7
Paul Lake,2012-08-21,7.0,,,,8.6
Paul Lake,2012-08-21,8.0,,,,7.2
Paul Lake,2012-08-21,9.0,,,,6.4
Paul Lake,2012-08-21,10.0,,,,6.0
Paul Lake,2012-08-21,,370.4889654,16.06906778,,
Paul Lake,2012-08-27,0.0,,,,22.6
Paul Lake,2012-08-27,0.25,,,,
Paul Lake,2012-08-27,0.5,,,,22.3
Paul Lake,2012-08-27,0.75,,,,
Paul Lake,2012-08-27,1.0,,,,22.2
Paul Lake,2012-08-27,1.5,,,,22.1
Paul Lake,2012-08-27,2.0,,,,21.7
Paul Lake,2012-08-27,2.5,,,,21.4
Paul Lake,2012-08-27,3.0,,,,20.9
Paul Lake,2012-08-27,3.5,,,,20.6
Paul Lake,2012-08-27,4.0,,,,19.9
Paul Lake,2012-08-27,4.5,,,,18.0
Paul Lake,2012-08-27,5.0,,,,15.0
Paul Lake,2012-08-27,5.5,,,,12.8
Paul Lake,2012-08-27,6.0,,,,11.0
Paul Lake,2012-08-27,6.5,,,,10.1
Paul Lake,2012-08-27,7.0,,,,8.8
Paul Lake,2012-08-27,8.0,,,,7.4
Paul Lake,2012-08-27,9.0,,,,6.3
Paul Lake,2012-08-27,10.0,,,,6.0
Paul Lake,2012-08-27,11.0,,,,5.9
Paul Lake,2012-08-27,12.0,,,,5.9
Paul Lake,2012-08-27,,514.5757232,1.55101708,,
Paul Lake,2013-05-21,0.0,,,,18.7
Paul Lake,2013-05-21,0.25,,,,
Paul Lake,2013-05-21,0.5,,,,18.5
Paul Lake,2013-05-21,0.75,,,,
Paul Lake,2013-05-21,1.0,,,,16.0
Paul Lake,2013-05-21,1.5,,,,12.1
Paul Lake,2013-05-21,2.0,,,,9.2
Paul Lake,2013-05-21,2.5,,,,7.7
Paul Lake,2013-05-21,3.0,,,,6.7
Paul Lake,2013-05-21,3.5,,,,6.2
Paul Lake,2013-05-21,4.0,,,3.449531891,5.8
Paul Lake,2013-05-21,4.5,,,,5.4
Paul Lake,2013-05-21,5.0,,,,5.1
Paul Lake,2013-05-21,5.5,,,,5.0
Paul Lake,2013-05-21,6.0,,,,4.8
Paul Lake,2013-05-21,6.5,,,,4.7
Paul Lake,2013-05-21,7.0,,,,4.7
Paul Lake,2013-05-21,8.0,,,,4.7
Paul Lake,2013-05-21,9.0,,,22.29381664,4.7
Paul Lake,2013-05-21,,,,3.25190402,
Paul Lake,2013-05-27,0.5,285.53781,10.87047,,
Paul Lake,2013-05-28,0.0,,,,16.1
Paul Lake,2013-05-28,0.25,,,,
Paul Lake,2013-05-28,0.5,268.30551,2.10596,,16.3
Paul Lake,2013-05-28,0.75,,,,
Paul Lake,2013-05-28,1.0,,,,16.3
Paul Lake,2013-05-28,1.5,,,,15.5
Paul Lake,2013-05-28,2.0,,,,12.4
Paul Lake,2013-05-28,2.5,,,,10.3
Paul Lake,2013-05-28,3.0,,,,8.3
Paul Lake,2013-05-28,3.5,,,,7.5
Paul Lake,2013-05-28,4.0,,,0.968681548,6.7
Paul Lake,2013-05-28,4.5,,,,6.2
Paul Lake,2013-05-28,5.0,,,,5.7
Paul Lake,2013-05-28,5.5,,,,5.2
Paul Lake,2013-05-28,6.0,,,,5.1
Paul Lake,2013-05-28,6.5,,,,4.9
Paul Lake,2013-05-28,7.0,,,,4.9
Paul Lake,2013-05-28,8.0,,,,4.8
Paul Lake,2013-05-28,9.0,,,5.965685943,4.8
Paul Lake,2013-05-28,,,,1.079537169,
Paul Lake,2013-05-29,0.5,260.55798,8.57869,,
Paul Lake,2013-05-30,0.5,249.27993,2.60148,,
Paul Lake,2013-05-31,0.5,286.56054,2.94215,,
Paul Lake,2013-06-01,0.5,257.89608,10.34398,,
Paul Lake,2013-06-02,0.5,202.89282,9.19809,,
Paul Lake,2013-06-03,0.5,268.31952,4.36677,,
Paul Lake,2013-06-04,0.0,,,,16.3
Paul Lake,2013-06-04,0.25,,,,
Paul Lake,2013-06-04,0.5,304.00299,8.14511,,16.5
Paul Lake,2013-06-04,0.75,,,,
Paul Lake,2013-06-04,1.0,,,,16.5
Paul Lake,2013-06-04,1.5,,,,16.4
Paul Lake,2013-06-04,2.0,,,,15.2
Paul Lake,2013-06-04,2.5,,,,12.2
Paul Lake,2013-06-04,3.0,,,,10.0
Paul Lake,2013-06-04,3.5,,,,8.5
Paul Lake,2013-06-04,4.0,,,1.442882968,7.6
Paul Lake,2013-06-04,4.5,,,,6.9
Paul Lake,2013-06-04,5.0,,,,6.2
Paul Lake,2013-06-04,5.5,,,,5.6
Paul Lake,2013-06-04,6.0,,,,5.3
Paul Lake,2013-06-04,6.5,,,,5.0
Paul Lake,2013-06-04,7.0,,,,4.9
Paul Lake,2013-06-04,8.0,,,,4.8
Paul Lake,2013-06-04,9.0,,,5.524906885,4.8
Paul Lake,2013-06-04,,,,0.940528195,
Paul Lake,2013-06-05,0.5,227.42433,4.3358,,
Paul Lake,2013-06-06,0.5,278.70093,6.75146,,
Paul Lake,2013-06-07,0.5,210.75243,5.63654,,
Paul Lake,2013-06-08,0.5,246.53397,3.90222,,
Paul Lake,2013-06-09,0.5,279.48549,2.91118,,
Paul Lake,2013-06-10,0.5,304.98369,1.08395,,
Paul Lake,2013-06-11,0.0,,,,19.3
Paul Lake,2013-06-11,0.25,,,,
Paul Lake,2013-06-11,0.5,284.403,0.49552,,19.1
Paul Lake,2013-06-11,0.75,,,,
Paul Lake,2013-06-11,1.0,,,,18.1
Paul Lake,2013-06-11,1.5,,,,17.2
Paul Lake,2013-06-11,2.0,,,,15.5
Paul Lake,2013-06-11,2.5,,,,13.3
Paul Lake,2013-06-11,3.0,,,,10.6
Paul Lake,2013-06-11,3.5,,,,9.2
Paul Lake,2013-06-11,4.0,,,1.140741973,8.0
Paul Lake,2013-06-11,4.5,,,,6.9
Paul Lake,2013-06-11,5.0,,,,6.2
Paul Lake,2013-06-11,5.5,,,,5.7
Paul Lake,2013-06-11,6.0,,,,5.4
Paul Lake,2013-06-11,6.5,,,,5.2
Paul Lake,2013-06-11,7.0,,,,5.0
Paul Lake,2013-06-11,8.0,,,,4.9
Paul Lake,2013-06-11,9.0,,,2.342469022,4.8
Paul Lake,2013-06-11,10.0,,,,4.8
Paul Lake,2013-06-11,,,,0.992740325,
Paul Lake,2013-06-12,0.5,193.94043,5.11005,,
Paul Lake,2013-06-13,0.5,285.01944,3.84028,,
Paul Lake,2013-06-14,0.5,255.22017,-0.80522,,
Paul Lake,2013-06-15,0.5,223.61361,-1.57947,,
Paul Lake,2013-06-16,0.5,337.69704,4.73841,,
Paul Lake,2013-06-17,0.5,262.89765,1.36268,,
Paul Lake,2013-06-18,0.0,,,,19.6
Paul Lake,2013-06-18,0.25,,,,
Paul Lake,2013-06-18,0.5,293.76168,1.26977,,19.7
Paul Lake,2013-06-18,0.75,,,,
Paul Lake,2013-06-18,1.0,,,,19.4
Paul Lake,2013-06-18,1.5,,,,19.3
Paul Lake,2013-06-18,2.0,,,,18.0
Paul Lake,2013-06-18,2.5,,,,14.9
Paul Lake,2013-06-18,3.0,,,,12.2
Paul Lake,2013-06-18,3.5,,,,9.9
Paul Lake,2013-06-18,4.0,,,1.156002498,8.5
Paul Lake,2013-06-18,4.5,,,,7.5
Paul Lake,2013-06-18,5.0,,,,6.7
Paul Lake,2013-06-18,5.5,,,,6.0
Paul Lake,2013-06-18,6.0,,,,5.5
Paul Lake,2013-06-18,6.5,,,,5.3
Paul Lake,2013-06-18,7.0,,,,5.0
Paul Lake,2013-06-18,8.0,,,,4.9
Paul Lake,2013-06-18,9.0,,,2.861779793,4.9
Paul Lake,2013-06-18,,,,15.18801616,
Paul Lake,2013-06-19,0.5,255.65448,1.95111,,
Paul Lake,2013-06-20,0.5,265.95183,0.71231,,
Paul Lake,2013-06-21,0.5,302.4759,5.5746,,
Paul Lake,2013-06-22,0.5,325.98468,2.01305,,
Paul Lake,2013-06-23,0.5,281.85318,10.74659,,
Paul Lake,2013-06-24,0.5,298.31493,1.76529,,
Paul Lake,2013-06-25,0.0,,,,24.4
Paul Lake,2013-06-25,0.25,,,,
Paul Lake,2013-06-25,0.5,283.45032,0.96007,,24.0
Paul Lake,2013-06-25,0.75,,,,
Paul Lake,2013-06-25,1.0,,,,23.0
Paul Lake,2013-06-25,1.5,,,,21.5
Paul Lake,2013-06-25,2.0,,,,19.8
Paul Lake,2013-06-25,2.5,,,,16.2
Paul Lake,2013-06-25,3.0,,,,13.2
Paul Lake,2013-06-25,3.5,,,,11.0
Paul Lake,2013-06-25,4.0,,,0.808371918,9.2
Paul Lake,2013-06-25,4.5,,,,8.2
Paul Lake,2013-06-25,5.0,,,,7.1
Paul Lake,2013-06-25,5.5,,,,6.3
Paul Lake,2013-06-25,6.0,,,,5.8
Paul Lake,2013-06-25,6.5,,,,5.5
Paul Lake,2013-06-25,7.0,,,,5.4
Paul Lake,2013-06-25,8.0,,,,5.0
Paul Lake,2013-06-25,9.0,,,4.78332338,4.9
Paul Lake,2013-06-25,10.0,,,,4.9
Paul Lake,2013-06-25,11.0,,,,4.9
Paul Lake,2013-06-25,12.0,,,,4.9
Paul Lake,2013-06-25,,,,0.621223027,
Paul Lake,2013-06-26,0.5,276.26319,0.27873,,
Paul Lake,2013-06-27,0.5,302.93823,1.88917,,
Paul Lake,2013-06-28,0.5,394.92789,2.91118,,
Paul Lake,2013-06-29,0.5,271.06548,1.30074,,
Paul Lake,2013-06-30,0.5,269.94468,1.48656,,
Paul Lake,2013-07-01,0.5,253.67907,-0.18582,,
Paul Lake,2013-07-02,0.0,,,,22.2
Paul Lake,2013-07-02,0.25,,,,
Paul Lake,2013-07-02,0.5,291.60414,-0.18582,,22.2
Paul Lake,2013-07-02,0.75,,,,
Paul Lake,2013-07-02,1.0,,,,22.0
Paul Lake,2013-07-02,1.5,,,,21.9
Paul Lake,2013-07-02,2.0,,,,21.0
Paul Lake,2013-07-02,2.5,,,,17.9
Paul Lake,2013-07-02,3.0,,,,14.8
Paul Lake,2013-07-02,3.5,,,,12.2
Paul Lake,2013-07-02,4.0,,,0.806719839,10.2
Paul Lake,2013-07-02,4.5,,,,8.7
Paul Lake,2013-07-02,5.0,,,,7.7
Paul Lake,2013-07-02,5.5,,,,6.8
Paul Lake,2013-07-02,6.0,,,,6.2
Paul Lake,2013-07-02,6.5,,,,5.7
Paul Lake,2013-07-02,7.0,,,,5.4
Paul Lake,2013-07-02,8.0,,,,5.2
Paul Lake,2013-07-02,9.0,,,1.200451828,
Paul Lake,2013-07-02,,,,1.119488087,
Paul Lake,2013-07-03,0.5,251.87178,-0.9291,,
Paul Lake,2013-07-04,0.5,267.78714,-0.74328,,
Paul Lake,2013-07-05,0.5,350.46015,0.89813,,
Paul Lake,2013-07-06,0.5,286.75668,-0.43358,,
Paul Lake,2013-07-07,0.5,338.60769,4.61453,,
Paul Lake,2013-07-08,0.5,290.24517,0.40261,,
Paul Lake,2013-07-09,0.0,,,,25.6
Paul Lake,2013-07-09,0.25,,,,
Paul Lake,2013-07-09,0.5,280.14396,14.43202,,25.7
Paul Lake,2013-07-09,0.75,,,,
Paul Lake,2013-07-09,1.0,,,,25.6
Paul Lake,2013-07-09,1.5,,,,25.4
Paul Lake,2013-07-09,2.0,,,,23.8
Paul Lake,2013-07-09,2.5,,,,20.0
Paul Lake,2013-07-09,3.0,,,,16.7
Paul Lake,2013-07-09,3.5,,,,13.2
Paul Lake,2013-07-09,4.0,,,0.784499572,11.3
Paul Lake,2013-07-09,4.5,,,,9.4
Paul Lake,2013-07-09,5.0,,,,8.3
Paul Lake,2013-07-09,5.5,,,,7.3
Paul Lake,2013-07-09,6.0,,,,6.5
Paul Lake,2013-07-09,6.5,,,,6.1
Paul Lake,2013-07-09,7.0,,,,5.7
Paul Lake,2013-07-09,8.0,,,,5.3
Paul Lake,2013-07-09,9.0,,,7.761908606,5.1
Paul Lake,2013-07-09,,,,1.105417667,
Paul Lake,2013-07-10,0.5,269.11809,8.9813,,
Paul Lake,2013-07-11,0.5,310.22343,9.04324,,
Paul Lake,2013-07-12,0.5,333.50805,10.90144,,
Paul Lake,2013-07-13,0.5,281.25075,-1.82723,,
Paul Lake,2013-07-14,0.5,317.03229,8.88839,,
Paul Lake,2013-07-15,0.5,280.60629,6.56564,,
Paul Lake,2013-07-16,0.0,,,,27.0
Paul Lake,2013-07-16,0.25,,,,
Paul Lake,2013-07-16,0.5,280.59228,16.35216,,26.9
Paul Lake,2013-07-16,0.75,,,,
Paul Lake,2013-07-16,1.0,,,,26.5
Paul Lake,2013-07-16,1.5,,,,25.8
Paul Lake,2013-07-16,2.0,,,,24.6
Paul Lake,2013-07-16,2.5,,,,21.1
Paul Lake,2013-07-16,3.0,,,,17.5
Paul Lake,2013-07-16,3.5,,,,14.2
Paul Lake,2013-07-16,4.0,,,0.91471271,11.7
Paul Lake,2013-07-16,4.5,,,,10.0
Paul Lake,2013-07-16,5.0,,,,8.7
Paul Lake,2013-07-16,5.5,,,,7.6
Paul Lake,2013-07-16,6.0,,,,6.8
Paul Lake,2013-07-16,6.5,,,,6.3
Paul Lake,2013-07-16,7.0,,,,5.9
Paul Lake,2013-07-16,8.0,,,,5.3
Paul Lake,2013-07-16,9.0,,,2.037493463,5.1
Paul Lake,2013-07-16,,,,0.823164305,
Paul Lake,2013-07-18,0.5,289.95096,-2.75633,,
Paul Lake,2013-07-19,0.5,349.56351,-1.08395,,
Paul Lake,2013-07-20,0.5,280.29807,2.60148,,
Paul Lake,2013-07-21,0.5,285.6639,9.38391,,
Paul Lake,2013-07-22,0.5,257.40573,10.93241,,
Paul Lake,2013-07-23,0.0,,,,22.6
Paul Lake,2013-07-23,0.25,,,,
Paul Lake,2013-07-23,0.5,291.53409,-4.05707,,22.8
Paul Lake,2013-07-23,0.75,,,,
Paul Lake,2013-07-23,1.0,,,,22.9
Paul Lake,2013-07-23,1.5,,,,22.9
Paul Lake,2013-07-23,2.0,,,,22.8
Paul Lake,2013-07-23,2.5,,,,22.6
Paul Lake,2013-07-23,3.0,,,,18.6
Paul Lake,2013-07-23,3.5,,,,14.7
Paul Lake,2013-07-23,4.0,,,0.635369798,12.4
Paul Lake,2013-07-23,4.5,,,,10.2
Paul Lake,2013-07-23,5.0,,,,9.1
Paul Lake,2013-07-23,5.5,,,,8.0
Paul Lake,2013-07-23,6.0,,,,7.0
Paul Lake,2013-07-23,6.5,,,,6.5
Paul Lake,2013-07-23,7.0,,,,6.1
Paul Lake,2013-07-23,8.0,,,,5.5
Paul Lake,2013-07-23,9.0,,,1.170768495,5.2
Paul Lake,2013-07-23,,,,0.676470431,
Paul Lake,2013-07-24,0.5,288.92823,9.07421,,
Paul Lake,2013-07-25,0.5,278.25261,-4.52162,,
Paul Lake,2013-07-26,0.5,278.3787,-1.14589,,
Paul Lake,2013-07-27,0.5,298.04874,-0.09291,,
Paul Lake,2013-07-28,0.5,263.6682,1.36268,,
Paul Lake,2013-07-29,0.5,267.15669,10.37495,,
Paul Lake,2013-07-30,0.0,,,,19.4
Paul Lake,2013-07-30,0.25,,,,
Paul Lake,2013-07-30,0.5,255.5424,10.62271,,19.4
Paul Lake,2013-07-30,0.75,,,,
Paul Lake,2013-07-30,1.0,,,,19.1
Paul Lake,2013-07-30,1.5,,,,18.6
Paul Lake,2013-07-30,2.0,,,,18.3
Paul Lake,2013-07-30,2.5,,,,18.1
Paul Lake,2013-07-30,3.0,,,,17.8
Paul Lake,2013-07-30,3.5,,,,16.1
Paul Lake,2013-07-30,4.0,,,2.154823188,12.7
Paul Lake,2013-07-30,4.5,,,,10.6
Paul Lake,2013-07-30,5.0,,,,9.3
Paul Lake,2013-07-30,5.5,,,,8.0
Paul Lake,2013-07-30,6.0,,,,7.0
Paul Lake,2013-07-30,6.5,,,,6.6
Paul Lake,2013-07-30,7.0,,,,6.1
Paul Lake,2013-07-30,8.0,,,,5.5
Paul Lake,2013-07-30,9.0,,,1.677908219,5.2
Paul Lake,2013-07-30,10.0,,,,5.1
Paul Lake,2013-07-30,11.0,,,,5.1
Paul Lake,2013-07-30,,,,2.394033057,
Paul Lake,2013-07-31,0.5,235.80231,-4.80035,,
Paul Lake,2013-08-02,0.5,460.01835,24.93085,,
Paul Lake,2013-08-03,0.5,291.53409,1.48656,,
Paul Lake,2013-08-04,0.5,255.4023,21.02863,,
Paul Lake,2013-08-05,0.5,310.93794,16.87865,,
Paul Lake,2013-08-06,0.0,,,,19.9
Paul Lake,2013-08-06,0.25,,,,
Paul Lake,2013-08-06,0.5,274.94625,11.27308,,19.8
Paul Lake,2013-08-06,0.75,,,,
Paul Lake,2013-08-06,1.0,,,,19.7
Paul Lake,2013-08-06,1.5,,,,19.7
Paul Lake,2013-08-06,2.0,,,,19.6
Paul Lake,2013-08-06,2.5,,,,19.5
Paul Lake,2013-08-06,3.0,,,,18.1
Paul Lake,2013-08-06,3.5,,,,16.5
Paul Lake,2013-08-06,4.0,,,0.722509304,13.8
Paul Lake,2013-08-06,4.5,,,,11.6
Paul Lake,2013-08-06,5.0,,,,9.9
Paul Lake,2013-08-06,5.5,,,,8.2
Paul Lake,2013-08-06,6.0,,,,7.4
Paul Lake,2013-08-06,6.5,,,,6.9
Paul Lake,2013-08-06,7.0,,,,6.4
Paul Lake,2013-08-06,8.0,,,,5.6
Paul Lake,2013-08-06,9.0,,,1.612435633,5.4
Paul Lake,2013-08-06,,,,0.626608683,
Paul Lake,2013-08-07,0.5,299.70192,1.26977,,
Paul Lake,2013-08-08,0.5,252.99258,,,
Paul Lake,2013-08-09,0.5,263.19186,-4.61453,,
Paul Lake,2013-08-10,0.5,291.42201,-4.08804,,
Paul Lake,2013-08-11,0.5,238.98258,-3.99513,,
Paul Lake,2013-08-12,0.5,272.2143,2.50857,,
Paul Lake,2013-08-13,0.0,,,,19.6
Paul Lake,2013-08-13,0.25,,,,
Paul Lake,2013-08-13,0.5,254.89794,1.64141,,19.6
Paul Lake,2013-08-13,0.75,,,,
Paul Lake,2013-08-13,1.0,,,,19.6
Paul Lake,2013-08-13,1.5,,,,19.6
Paul Lake,2013-08-13,2.0,,,,19.6
Paul Lake,2013-08-13,2.5,,,,19.5
Paul Lake,2013-08-13,3.0,,,,18.9
Paul Lake,2013-08-13,3.5,,,,16.2
Paul Lake,2013-08-13,4.0,,,1.113459323,13.9
Paul Lake,2013-08-13,4.5,,,,11.4
Paul Lake,2013-08-13,5.0,,,,9.8
Paul Lake,2013-08-13,5.5,,,,8.4
Paul Lake,2013-08-13,6.0,,,,7.5
Paul Lake,2013-08-13,6.5,,,,7.0
Paul Lake,2013-08-13,7.0,,,,6.0
Paul Lake,2013-08-13,8.0,,,,5.7
Paul Lake,2013-08-13,9.0,,,1.769991913,5.4
Paul Lake,2013-08-13,,,,0.749004229,
Paul Lake,2013-08-14,0.5,284.6832,-4.11901,,
Paul Lake,2013-08-15,0.5,346.95765,-4.14998,,
Paul Lake,2013-08-16,0.5,256.77528,0.15485,,
Paul Lake,2013-08-17,0.5,261.52467,-5.63654,,
Paul Lake,2013-08-18,0.5,435.89313,0.0,,
Paul Lake,2013-08-19,0.5,281.81115,-4.80035,,
Paul Lake,2013-08-20,0.0,,,,22.2
Paul Lake,2013-08-20,0.25,,,,
Paul Lake,2013-08-20,0.5,288.95625,-4.49065,,22.1
Paul Lake,2013-08-20,0.75,,,,
Paul Lake,2013-08-20,1.0,,,,22.0
Paul Lake,2013-08-20,1.5,,,,21.6
Paul Lake,2013-08-20,2.0,,,,20.9
Paul Lake,2013-08-20,2.5,,,,20.1
Paul Lake,2013-08-20,3.0,,,,19.0
Paul Lake,2013-08-20,3.5,,,,17.1
Paul Lake,2013-08-20,4.0,,,0.760028442,14.3
Paul Lake,2013-08-20,4.5,,,,12.1
Paul Lake,2013-08-20,5.0,,,,10.4
Paul Lake,2013-08-20,5.5,,,,8.6
Paul Lake,2013-08-20,6.0,,,,7.7
Paul Lake,2013-08-20,6.5,,,,7.2
Paul Lake,2013-08-20,7.0,,,,6.6
Paul Lake,2013-08-20,8.0,,,,5.6
Paul Lake,2013-08-20,9.0,,,1.914241028,5.4
Paul Lake,2013-08-20,,,,0.939642717,
Paul Lake,2013-08-21,0.5,243.47979,-6.28691,,
Paul Lake,2013-08-22,0.5,270.9534,-4.58356,,
Paul Lake,2013-08-23,0.5,271.85004,-5.72945,,
Paul Lake,2013-08-24,0.5,257.09751,-3.93319,,
Paul Lake,2013-08-25,0.5,314.1042,-3.62349,,
Paul Lake,2013-08-26,0.5,293.74767,0.83619,,
Paul Lake,2013-08-27,0.0,,,,24.6
Paul Lake,2013-08-27,0.25,,,,
Paul Lake,2013-08-27,0.5,312.57711,-3.46864,,24.6
Paul Lake,2013-08-27,0.75,,,,
Paul Lake,2013-08-27,1.0,,,,24.6
Paul Lake,2013-08-27,1.5,,,,23.9
Paul Lake,2013-08-27,2.0,,,,23.1
Paul Lake,2013-08-27,2.5,,,,21.8
Paul Lake,2013-08-27,3.0,,,,20.1
Paul Lake,2013-08-27,3.5,,,,17.9
Paul Lake,2013-08-27,4.0,229.4284297,-3.039289339,0.803137011,15.7
Paul Lake,2013-08-27,4.5,,,,12.9
Paul Lake,2013-08-27,5.0,,,,10.9
Paul Lake,2013-08-27,5.5,,,,9.2
Paul Lake,2013-08-27,6.0,,,,9.2
Paul Lake,2013-08-27,6.5,,,,8.0
Paul Lake,2013-08-27,7.0,,,,6.8
Paul Lake,2013-08-27,8.0,,,,5.9
Paul Lake,2013-08-27,9.0,1567.081456,49.54736293,1.815014692,5.6
Paul Lake,2013-08-27,10.0,,,,5.4
Paul Lake,2013-08-27,11.0,,,,5.4
Paul Lake,2013-08-27,12.0,,,,5.3
Paul Lake,2013-08-27,,271.0908534,-2.303321501,0.759383042,
Paul Lake,2013-08-28,0.5,256.98543,-4.18095,,
Paul Lake,2013-08-29,0.5,268.62774,-6.34885,,
Paul Lake,2013-08-30,0.5,273.64332,-4.39774,,
Paul Lake,2013-08-31,0.5,324.1914,-5.20296,,
Paul Lake,2013-09-01,0.5,278.96712,-5.72945,,
Paul Lake,2014-05-20,0.0,,,,12.7
Paul Lake,2014-05-20,0.25,,,,
Paul Lake,2014-05-20,0.5,,,,12.3
Paul Lake,2014-05-20,0.75,,,,
Paul Lake,2014-05-20,1.0,,,,11.8
Paul Lake,2014-05-20,1.5,,,,10.5
Paul Lake,2014-05-20,2.0,,,,9.1
Paul Lake,2014-05-20,2.5,,,,7.5
Paul Lake,2014-05-20,3.0,,,,6.3
Paul Lake,2014-05-20,3.5,,,,5.5
Paul Lake,2014-05-20,4.0,,,-0.033333333,5.0
Paul Lake,2014-05-20,4.5,,,,4.7
Paul Lake,2014-05-20,5.0,,,,4.7
Paul Lake,2014-05-20,5.5,,,,4.7
Paul Lake,2014-05-20,6.0,,,,4.7
Paul Lake,2014-05-20,6.5,,,,4.6
Paul Lake,2014-05-20,7.0,,,,4.6
Paul Lake,2014-05-20,8.0,,,,4.6
Paul Lake,2014-05-20,9.0,,,33.86666667,4.6
Paul Lake,2014-05-20,,,,0.366666667,
Paul Lake,2014-05-26,0.5,213.0,8.0,,
Paul Lake,2014-05-27,0.0,,,,20.6
Paul Lake,2014-05-27,0.25,,,,
Paul Lake,2014-05-27,0.5,207.0,9.0,,20.5
Paul Lake,2014-05-27,0.75,,,,
Paul Lake,2014-05-27,1.0,,,,19.7
Paul Lake,2014-05-27,1.5,,,,15.5
Paul Lake,2014-05-27,2.0,,,,12.7
Paul Lake,2014-05-27,2.5,,,,10.2
Paul Lake,2014-05-27,3.0,,,,8.1
Paul Lake,2014-05-27,3.5,,,,6.9
Paul Lake,2014-05-27,4.0,,,4.166666667,5.9
Paul Lake,2014-05-27,4.5,,,,5.4
Paul Lake,2014-05-27,5.0,,,,4.9
Paul Lake,2014-05-27,5.5,,,,4.9
Paul Lake,2014-05-27,6.0,,,,4.9
Paul Lake,2014-05-27,6.5,,,,4.8
Paul Lake,2014-05-27,7.0,,,,4.8
Paul Lake,2014-05-27,8.0,,,,4.7
Paul Lake,2014-05-27,9.0,,,49.26666667,4.7
Paul Lake,2014-05-27,,,,0.166666667,
Paul Lake,2014-05-28,0.5,198.0,9.0,,
Paul Lake,2014-05-29,0.5,273.0,9.0,,
Paul Lake,2014-05-30,0.5,225.0,10.0,,
Paul Lake,2014-05-31,0.5,253.0,25.0,,
Paul Lake,2014-06-01,0.5,229.0,6.0,,
Paul Lake,2014-06-02,0.5,191.0,5.0,,
Paul Lake,2014-06-03,0.0,,,,20.4
Paul Lake,2014-06-03,0.25,,,,
Paul Lake,2014-06-03,0.5,190.0,5.0,,20.6
Paul Lake,2014-06-03,0.75,,,,
Paul Lake,2014-06-03,1.0,,,,20.6
Paul Lake,2014-06-03,1.5,,,,20.5
Paul Lake,2014-06-03,2.0,,,,16.0
Paul Lake,2014-06-03,2.5,,,,12.6
Paul Lake,2014-06-03,3.0,,,,10.3
Paul Lake,2014-06-03,3.5,,,,8.4
Paul Lake,2014-06-03,4.0,,,0.966666667,7.1
Paul Lake,2014-06-03,4.5,,,,6.0
Paul Lake,2014-06-03,5.0,,,,5.6
Paul Lake,2014-06-03,5.5,,,,5.1
Paul Lake,2014-06-03,6.0,,,,5.1
Paul Lake,2014-06-03,6.5,,,,5.0
Paul Lake,2014-06-03,7.0,,,,4.9
Paul Lake,2014-06-03,8.0,,,,4.7
Paul Lake,2014-06-03,9.0,,,6.466666667,4.7
Paul Lake,2014-06-03,,,,-0.033333333,
Paul Lake,2014-06-04,0.5,217.0,6.0,,
Paul Lake,2014-06-05,0.5,213.0,5.0,,
Paul Lake,2014-06-06,0.5,199.0,7.0,,
Paul Lake,2014-06-07,0.5,218.0,8.0,,
Paul Lake,2014-06-08,0.5,250.0,8.0,,
Paul Lake,2014-06-09,0.5,211.0,13.0,,
Paul Lake,2014-06-10,0.0,,,,19.5
Paul Lake,2014-06-10,0.25,,,,
Paul Lake,2014-06-10,0.5,198.0,7.0,,19.3
Paul Lake,2014-06-10,0.75,,,,
Paul Lake,2014-06-10,1.0,,,,19.1
Paul Lake,2014-06-10,1.5,,,,19.0
Paul Lake,2014-06-10,2.0,,,,18.2
Paul Lake,2014-06-10,2.5,,,,15.0
Paul Lake,2014-06-10,3.0,,,,11.8
Paul Lake,2014-06-10,3.5,,,,9.7
Paul Lake,2014-06-10,4.0,,,0.166666667,8.0
Paul Lake,2014-06-10,4.5,,,,6.8
Paul Lake,2014-06-10,5.0,,,,6.2
Paul Lake,2014-06-10,5.5,,,,5.5
Paul Lake,2014-06-10,6.0,,,,5.2
Paul Lake,2014-06-10,6.5,,,,5.2
Paul Lake,2014-06-10,7.0,,,,5.0
Paul Lake,2014-06-10,8.0,,,,4.8
Paul Lake,2014-06-10,9.0,,,0.266666667,
Paul Lake,2014-06-10,,,,-0.133333333,
Paul Lake,2014-06-11,0.5,219.0,7.0,,
Paul Lake,2014-06-12,0.5,283.0,11.0,,
Paul Lake,2014-06-13,0.5,258.0,12.0,,
Paul Lake,2014-06-14,0.5,259.0,11.0,,
Paul Lake,2014-06-15,0.5,252.0,9.0,,
Paul Lake,2014-06-16,0.5,299.0,14.0,,
Paul Lake,2014-06-17,0.0,,,,21.0
Paul Lake,2014-06-17,0.25,,,,
Paul Lake,2014-06-17,0.5,223.0,11.0,,20.9
Paul Lake,2014-06-17,0.75,,,,
Paul Lake,2014-06-17,1.0,,,,20.0
Paul Lake,2014-06-17,1.5,,,,19.6
Paul Lake,2014-06-17,2.0,,,,18.3
Paul Lake,2014-06-17,2.5,,,,17.8
Paul Lake,2014-06-17,3.0,,,,13.3
Paul Lake,2014-06-17,3.5,,,,10.6
Paul Lake,2014-06-17,4.0,,,-0.133333333,9.1
Paul Lake,2014-06-17,4.5,,,,7.9
Paul Lake,2014-06-17,5.0,,,,6.9
Paul Lake,2014-06-17,5.5,,,,6.0
Paul Lake,2014-06-17,6.0,,,,5.5
Paul Lake,2014-06-17,6.5,,,,5.4
Paul Lake,2014-06-17,7.0,,,,5.1
Paul Lake,2014-06-17,8.0,,,,4.8
Paul Lake,2014-06-17,9.0,,,5.766666667,4.8
Paul Lake,2014-06-17,10.0,,,,4.8
Paul Lake,2014-06-17,11.0,,,,5.0
Paul Lake,2014-06-17,,,,-0.133333333,
Paul Lake,2014-06-18,0.5,232.0,8.0,,
Paul Lake,2014-06-19,0.5,311.0,20.0,,
Paul Lake,2014-06-20,0.5,194.0,12.0,,
Paul Lake,2014-06-21,0.5,243.0,12.0,,
Paul Lake,2014-06-22,0.5,196.0,10.0,,
Paul Lake,2014-06-23,0.5,268.0,19.0,,
Paul Lake,2014-06-24,0.0,,,,23.6
Paul Lake,2014-06-24,0.25,,,,
Paul Lake,2014-06-24,0.5,227.0,27.0,,23.2
Paul Lake,2014-06-24,0.75,,,,
Paul Lake,2014-06-24,1.0,,,,22.8
Paul Lake,2014-06-24,1.5,,,,21.6
Paul Lake,2014-06-24,2.0,,,,20.1
Paul Lake,2014-06-24,2.5,,,,18.7
Paul Lake,2014-06-24,3.0,,,,14.6
Paul Lake,2014-06-24,3.5,,,,12.5
Paul Lake,2014-06-24,4.0,,,-0.133333333,9.8
Paul Lake,2014-06-24,4.5,,,,8.4
Paul Lake,2014-06-24,5.0,,,,7.1
Paul Lake,2014-06-24,5.5,,,,6.3
Paul Lake,2014-06-24,6.0,,,,5.9
Paul Lake,2014-06-24,6.5,,,,5.5
Paul Lake,2014-06-24,7.0,,,,5.3
Paul Lake,2014-06-24,8.0,,,,5.1
Paul Lake,2014-06-24,9.0,,,10.26666667,4.9
Paul Lake,2014-06-24,,,,-0.233333333,
Paul Lake,2014-06-25,0.5,237.0,11.0,,
Paul Lake,2014-06-26,0.5,215.0,13.0,,
Paul Lake,2014-06-27,0.5,230.0,6.0,,
Paul Lake,2014-06-28,0.5,208.0,8.0,,
Paul Lake,2014-06-29,0.5,297.0,9.0,,
Paul Lake,2014-06-30,0.5,215.0,7.0,,
Paul Lake,2014-07-01,0.0,,,,23.0
Paul Lake,2014-07-01,0.25,,,,
Paul Lake,2014-07-01,0.5,230.0,7.0,,23.0
Paul Lake,2014-07-01,0.75,,,,
Paul Lake,2014-07-01,1.0,,,,23.0
Paul Lake,2014-07-01,1.5,,,,22.9
Paul Lake,2014-07-01,2.0,,,,22.1
Paul Lake,2014-07-01,2.5,,,,19.4
Paul Lake,2014-07-01,3.0,,,,16.4
Paul Lake,2014-07-01,3.5,,,,13.4
Paul Lake,2014-07-01,4.0,,,1.066666667,10.9
Paul Lake,2014-07-01,4.5,,,,9.1
Paul Lake,2014-07-01,5.0,,,,7.8
Paul Lake,2014-07-01,5.5,,,,6.6
Paul Lake,2014-07-01,6.0,,,,6.0
Paul Lake,2014-07-01,6.5,,,,5.7
Paul Lake,2014-07-01,7.0,,,,5.3
Paul Lake,2014-07-01,8.0,,,,5.0
Paul Lake,2014-07-01,9.0,,,14.16666667,4.9
Paul Lake,2014-07-01,10.0,,,,4.9
Paul Lake,2014-07-01,,,,1.466666667,
Paul Lake,2014-07-02,0.5,222.0,9.0,,
Paul Lake,2014-07-03,0.5,242.0,7.0,,
Paul Lake,2014-07-04,0.5,233.0,6.0,,
Paul Lake,2014-07-05,0.5,250.0,7.0,,
Paul Lake,2014-07-06,0.5,272.0,7.0,,
Paul Lake,2014-07-07,0.5,214.0,12.0,,
Paul Lake,2014-07-08,0.0,,,,22.8
Paul Lake,2014-07-08,0.25,,,,
Paul Lake,2014-07-08,0.5,259.0,9.0,,22.8
Paul Lake,2014-07-08,0.75,,,,
Paul Lake,2014-07-08,1.0,,,,22.8
Paul Lake,2014-07-08,1.5,,,,22.8
Paul Lake,2014-07-08,2.0,,,,22.7
Paul Lake,2014-07-08,2.5,,,,20.9
Paul Lake,2014-07-08,3.0,,,,17.9
Paul Lake,2014-07-08,3.5,,,,14.7
Paul Lake,2014-07-08,4.0,,,0.866666667,12.0
Paul Lake,2014-07-08,4.5,,,,9.5
Paul Lake,2014-07-08,5.0,,,,8.0
Paul Lake,2014-07-08,5.5,,,,7.2
Paul Lake,2014-07-08,6.0,,,,6.4
Paul Lake,2014-07-08,6.5,,,,6.0
Paul Lake,2014-07-08,7.0,,,,5.5
Paul Lake,2014-07-08,8.0,,,,5.1
Paul Lake,2014-07-08,9.0,,,2.666666667,5.0
Paul Lake,2014-07-08,,,,1.366666667,
Paul Lake,2014-07-09,0.5,226.0,8.0,,
Paul Lake,2014-07-10,0.5,228.0,8.0,,
Paul Lake,2014-07-11,0.5,209.0,7.0,,
Paul Lake,2014-07-12,0.5,223.0,9.0,,
Paul Lake,2014-07-13,0.5,198.0,1.0,,
Paul Lake,2014-07-14,0.5,217.0,8.0,,
Paul Lake,2014-07-15,0.0,,,,20.2
Paul Lake,2014-07-15,0.25,,,,
Paul Lake,2014-07-15,0.5,231.0,10.0,,20.2
Paul Lake,2014-07-15,0.75,,,,
Paul Lake,2014-07-15,1.0,,,,20.2
Paul Lake,2014-07-15,1.5,,,,20.2
Paul Lake,2014-07-15,2.0,,,,20.2
Paul Lake,2014-07-15,2.5,,,,20.2
Paul Lake,2014-07-15,3.0,,,,19.5
Paul Lake,2014-07-15,3.5,,,,15.6
Paul Lake,2014-07-15,4.0,,,-0.133333333,12.4
Paul Lake,2014-07-15,4.5,,,,10.3
Paul Lake,2014-07-15,5.0,,,,8.5
Paul Lake,2014-07-15,5.5,,,,7.5
Paul Lake,2014-07-15,6.0,,,,6.5
Paul Lake,2014-07-15,6.5,,,,6.0
Paul Lake,2014-07-15,7.0,,,,5.6
Paul Lake,2014-07-15,8.0,,,,5.2
Paul Lake,2014-07-15,9.0,,,4.466666667,5.0
Paul Lake,2014-07-15,,,,0.066666667,
Paul Lake,2014-07-16,0.5,268.0,11.0,,
Paul Lake,2014-07-17,0.5,217.0,2.0,,
Paul Lake,2014-07-18,0.5,229.0,2.0,,
Paul Lake,2014-07-19,0.5,214.0,9.0,,
Paul Lake,2014-07-20,0.5,212.0,8.0,,
Paul Lake,2014-07-21,0.5,237.0,9.0,,
Paul Lake,2014-07-22,0.0,,,,24.6
Paul Lake,2014-07-22,0.25,,,,
Paul Lake,2014-07-22,0.5,230.0,10.0,,24.6
Paul Lake,2014-07-22,0.75,,,,
Paul Lake,2014-07-22,1.0,,,,24.2
Paul Lake,2014-07-22,1.5,,,,22.8
Paul Lake,2014-07-22,2.0,,,,21.9
Paul Lake,2014-07-22,2.5,,,,20.7
Paul Lake,2014-07-22,3.0,,,,19.7
Paul Lake,2014-07-22,3.5,,,,16.8
Paul Lake,2014-07-22,4.0,,,0.166666667,13.5
Paul Lake,2014-07-22,4.5,,,,11.0
Paul Lake,2014-07-22,5.0,,,,9.3
Paul Lake,2014-07-22,5.5,,,,7.7
Paul Lake,2014-07-22,6.0,,,,6.5
Paul Lake,2014-07-22,6.5,,,,5.9
Paul Lake,2014-07-22,7.0,,,,5.5
Paul Lake,2014-07-22,8.0,,,,5.1
Paul Lake,2014-07-22,9.0,,,18.56666667,5.0
Paul Lake,2014-07-22,,,,0.666666667,
Paul Lake,2014-07-23,0.5,212.0,10.0,,
Paul Lake,2014-07-24,0.5,225.0,9.0,,
Paul Lake,2014-07-25,0.5,255.0,13.0,,
Paul Lake,2014-07-26,0.5,220.0,12.0,,
Paul Lake,2014-07-27,0.5,231.0,12.0,,
Paul Lake,2014-07-28,0.5,240.0,10.0,,
Paul Lake,2014-07-29,0.0,,,,21.6
Paul Lake,2014-07-29,0.25,,,,
Paul Lake,2014-07-29,0.5,266.0,7.0,,21.4
Paul Lake,2014-07-29,0.75,,,,
Paul Lake,2014-07-29,1.0,,,,21.4
Paul Lake,2014-07-29,1.5,,,,21.3
Paul Lake,2014-07-29,2.0,,,,21.3
Paul Lake,2014-07-29,2.5,,,,21.3
Paul Lake,2014-07-29,3.0,,,,20.9
Paul Lake,2014-07-29,3.5,,,,17.6
Paul Lake,2014-07-29,4.0,,,1.266666667,14.4
Paul Lake,2014-07-29,4.5,,,,11.3
Paul Lake,2014-07-29,5.0,,,,9.6
Paul Lake,2014-07-29,5.5,,,,8.2
Paul Lake,2014-07-29,6.0,,,,7.1
Paul Lake,2014-07-29,6.5,,,,6.6
Paul Lake,2014-07-29,7.0,,,,6.1
Paul Lake,2014-07-29,8.0,,,,5.3
Paul Lake,2014-07-29,9.0,,,-0.033333333,5.1
Paul Lake,2014-07-29,,,,-0.233333333,
Paul Lake,2014-07-30,0.5,221.0,2.0,,
Paul Lake,2014-07-31,0.5,227.0,5.0,,
Paul Lake,2014-08-01,0.5,214.0,9.0,,
Paul Lake,2014-08-02,0.5,242.0,2.0,,
Paul Lake,2014-08-03,0.5,192.0,3.0,,
Paul Lake,2014-08-04,0.5,213.0,2.0,,
Paul Lake,2014-08-05,0.0,,,,22.9
Paul Lake,2014-08-05,0.25,,,,
Paul Lake,2014-08-05,0.5,228.0,2.0,,22.8
Paul Lake,2014-08-05,0.75,,,,
Paul Lake,2014-08-05,1.0,,,,22.5
Paul Lake,2014-08-05,1.5,,,,22.4
Paul Lake,2014-08-05,2.0,,,,22.3
Paul Lake,2014-08-05,2.5,,,,22.1
Paul Lake,2014-08-05,3.0,,,,20.8
Paul Lake,2014-08-05,3.5,,,,18.2
Paul Lake,2014-08-05,4.0,,,-0.033333333,15.3
Paul Lake,2014-08-05,4.5,,,,12.5
Paul Lake,2014-08-05,5.0,,,,10.2
Paul Lake,2014-08-05,5.5,,,,8.6
Paul Lake,2014-08-05,6.0,,,,7.5
Paul Lake,2014-08-05,6.5,,,,7.0
Paul Lake,2014-08-05,7.0,,,,6.0
Paul Lake,2014-08-05,8.0,,,,5.5
Paul Lake,2014-08-05,9.0,,,1.566666667,5.2
Paul Lake,2014-08-05,,,,-0.233333333,
Paul Lake,2014-08-06,0.5,237.0,2.0,,
Paul Lake,2014-08-07,0.5,221.0,2.0,,
Paul Lake,2014-08-08,0.5,295.0,2.0,,
Paul Lake,2014-08-09,0.5,243.0,2.0,,
Paul Lake,2014-08-10,0.5,227.0,2.0,,
Paul Lake,2014-08-11,0.5,221.0,6.0,,
Paul Lake,2014-08-12,0.0,,,,21.8
Paul Lake,2014-08-12,0.25,,,,
Paul Lake,2014-08-12,0.5,229.0,2.0,,21.9
Paul Lake,2014-08-12,0.75,,,,
Paul Lake,2014-08-12,1.0,,,,21.9
Paul Lake,2014-08-12,1.5,,,,21.9
Paul Lake,2014-08-12,2.0,,,,21.9
Paul Lake,2014-08-12,2.5,,,,21.8
Paul Lake,2014-08-12,3.0,,,,21.6
Paul Lake,2014-08-12,3.5,,,,19.4
Paul Lake,2014-08-12,4.0,,,-0.033333333,15.8
Paul Lake,2014-08-12,4.5,,,,12.4
Paul Lake,2014-08-12,5.0,,,,10.4
Paul Lake,2014-08-12,5.5,,,,9.0
Paul Lake,2014-08-12,6.0,,,,7.8
Paul Lake,2014-08-12,6.5,,,,7.0
Paul Lake,2014-08-12,7.0,,,,6.4
Paul Lake,2014-08-12,8.0,,,,5.4
Paul Lake,2014-08-12,9.0,,,0.366666667,5.2
Paul Lake,2014-08-12,10.0,,,,5.1
Paul Lake,2014-08-12,11.0,,,,5.1
Paul Lake,2014-08-12,12.0,,,,5.1
Paul Lake,2014-08-12,,,,-0.033333333,
Paul Lake,2014-08-13,0.5,224.0,1.0,,
Paul Lake,2014-08-14,0.5,257.0,6.0,,
Paul Lake,2014-08-15,0.5,234.0,5.0,,
Paul Lake,2014-08-16,0.5,226.0,11.0,,
Paul Lake,2014-08-17,0.5,218.0,2.0,,
Paul Lake,2014-08-18,0.5,240.0,3.0,,
Paul Lake,2014-08-19,0.0,,,,21.0
Paul Lake,2014-08-19,0.25,,,,
Paul Lake,2014-08-19,0.5,222.0,2.0,,21.1
Paul Lake,2014-08-19,0.75,,,,
Paul Lake,2014-08-19,1.0,,,,21.0
Paul Lake,2014-08-19,1.5,,,,21.0
Paul Lake,2014-08-19,2.0,,,,21.0
Paul Lake,2014-08-19,2.5,,,,20.9
Paul Lake,2014-08-19,3.0,,,,20.8
Paul Lake,2014-08-19,3.5,,,,20.3
Paul Lake,2014-08-19,4.0,,,-0.233333333,10.9
Paul Lake,2014-08-19,4.5,,,,13.6
Paul Lake,2014-08-19,5.0,,,,11.0
Paul Lake,2014-08-19,5.5,,,,9.6
Paul Lake,2014-08-19,6.0,,,,8.2
Paul Lake,2014-08-19,6.5,,,,7.3
Paul Lake,2014-08-19,7.0,,,,6.5
Paul Lake,2014-08-19,8.0,,,,5.6
Paul Lake,2014-08-19,9.0,,,8.366666667,5.2
Paul Lake,2014-08-19,10.0,,,,5.1
Paul Lake,2014-08-19,11.0,,,,5.1
Paul Lake,2014-08-19,12.0,,,,5.1
Paul Lake,2014-08-19,,,,0.066666667,
Paul Lake,2014-08-20,0.5,262.0,4.0,,
Paul Lake,2014-08-21,0.5,452.0,6.0,,
Paul Lake,2014-08-22,0.5,246.0,11.0,,
Paul Lake,2014-08-23,0.5,240.0,2.0,,
Paul Lake,2014-08-24,0.5,243.0,3.0,,
Paul Lake,2014-08-25,0.5,227.0,3.0,,
Paul Lake,2014-08-26,0.0,,,,21.8
Paul Lake,2014-08-26,0.25,,,,
Paul Lake,2014-08-26,0.5,230.0,2.0,,21.8
Paul Lake,2014-08-26,0.75,,,,
Paul Lake,2014-08-26,1.0,,,,21.8
Paul Lake,2014-08-26,1.5,,,,21.8
Paul Lake,2014-08-26,2.0,,,,21.7
Paul Lake,2014-08-26,2.5,,,,21.4
Paul Lake,2014-08-26,3.0,,,,20.8
Paul Lake,2014-08-26,3.5,,,,19.9
Paul Lake,2014-08-26,4.0,,,0.366666667,17.1
Paul Lake,2014-08-26,4.5,,,,14.2
Paul Lake,2014-08-26,5.0,,,,11.7
Paul Lake,2014-08-26,5.5,,,,9.9
Paul Lake,2014-08-26,6.0,,,,8.6
Paul Lake,2014-08-26,6.5,,,,7.5
Paul Lake,2014-08-26,7.0,,,,6.6
Paul Lake,2014-08-26,8.0,,,,5.7
Paul Lake,2014-08-26,9.0,,,0.466666667,5.3
Paul Lake,2014-08-26,12.0,,,,5.2
Paul Lake,2014-08-26,,,,-0.033333333,
Paul Lake,2014-08-27,0.5,234.0,9.0,,
Paul Lake,2014-08-28,0.5,213.0,2.0,,
Paul Lake,2014-08-29,0.5,233.0,3.0,,
Paul Lake,2015-05-19,0.0,,,,13.1
Paul Lake,2015-05-19,0.25,,,,
Paul Lake,2015-05-19,0.5,176.5,15.0,,13.1
Paul Lake,2015-05-19,0.75,,,,
Paul Lake,2015-05-19,1.0,,,,13.1
Paul Lake,2015-05-19,1.5,,,,13.1
Paul Lake,2015-05-19,2.0,,,,13.1
Paul Lake,2015-05-19,2.5,,,,12.8
Paul Lake,2015-05-19,3.0,,,,11.5
Paul Lake,2015-05-19,3.5,,,,9.7
Paul Lake,2015-05-19,4.0,,,,8.4
Paul Lake,2015-05-19,4.5,,,,7.4
Paul Lake,2015-05-19,5.0,,,,6.7
Paul Lake,2015-05-19,5.5,,,,6.0
Paul Lake,2015-05-19,6.0,,,,5.5
Paul Lake,2015-05-19,6.5,,,,5.2
Paul Lake,2015-05-19,7.0,,,,5.0
Paul Lake,2015-05-19,8.0,,,,4.9
Paul Lake,2015-05-19,9.0,,,,4.9
Paul Lake,2015-05-26,0.0,,,,17.4
Paul Lake,2015-05-26,0.25,,,,
Paul Lake,2015-05-26,0.5,198.5,13.0,,17.5
Paul Lake,2015-05-26,0.75,,,,
Paul Lake,2015-05-26,1.0,,,,17.3
Paul Lake,2015-05-26,1.5,,,,16.6
Paul Lake,2015-05-26,2.0,,,,15.4
Paul Lake,2015-05-26,2.5,,,,14.6
Paul Lake,2015-05-26,3.0,,,,13.0
Paul Lake,2015-05-26,3.5,,,,11.4
Paul Lake,2015-05-26,4.0,,,,9.5
Paul Lake,2015-05-26,4.5,,,,8.1
Paul Lake,2015-05-26,5.0,,,,7.2
Paul Lake,2015-05-26,5.5,,,,6.4
Paul Lake,2015-05-26,6.0,,,,6.0
Paul Lake,2015-05-26,6.5,,,,5.6
Paul Lake,2015-05-26,7.0,,,,5.3
Paul Lake,2015-05-26,8.0,,,,5.0
Paul Lake,2015-05-26,9.0,,,,4.9
Paul Lake,2015-06-02,0.0,,,,17.4
Paul Lake,2015-06-02,0.25,,,,
Paul Lake,2015-06-02,0.5,215.5,17.0,,17.5
Paul Lake,2015-06-02,0.75,,,,
Paul Lake,2015-06-02,1.0,,,,17.4
Paul Lake,2015-06-02,1.5,,,,17.2
Paul Lake,2015-06-02,2.0,,,,17.0
Paul Lake,2015-06-02,2.5,,,,16.3
Paul Lake,2015-06-02,3.0,,,,13.8
Paul Lake,2015-06-02,3.5,,,,12.2
Paul Lake,2015-06-02,4.0,,,,10.2
Paul Lake,2015-06-02,4.5,,,,8.7
Paul Lake,2015-06-02,5.0,,,,7.6
Paul Lake,2015-06-02,5.5,,,,6.8
Paul Lake,2015-06-02,6.0,,,,6.2
Paul Lake,2015-06-02,6.5,,,,5.8
Paul Lake,2015-06-02,7.0,,,,5.5
Paul Lake,2015-06-02,8.0,,,,5.1
Paul Lake,2015-06-02,9.0,,,,5.0
Paul Lake,2015-06-02,10.0,,,,4.9
Paul Lake,2015-06-05,0.0,,,,20.1
Paul Lake,2015-06-05,0.5,,,,20.1
Paul Lake,2015-06-05,1.0,,,,19.8
Paul Lake,2015-06-05,1.5,,,,19.0
Paul Lake,2015-06-05,2.0,,,,18.4
Paul Lake,2015-06-05,2.5,,,,17.2
Paul Lake,2015-06-05,3.0,,,,14.9
Paul Lake,2015-06-05,3.5,,,,12.7
Paul Lake,2015-06-05,4.0,,,,10.8
Paul Lake,2015-06-05,4.5,,,,9.1
Paul Lake,2015-06-05,5.0,,,,7.9
Paul Lake,2015-06-05,5.5,,,,7.2
Paul Lake,2015-06-05,6.0,,,,6.6
Paul Lake,2015-06-05,6.5,,,,5.9
Paul Lake,2015-06-05,7.0,,,,5.5
Paul Lake,2015-06-05,8.0,,,,5.2
Paul Lake,2015-06-05,9.0,,,,5.0
Paul Lake,2015-06-05,10.0,,,,4.9
Paul Lake,2015-06-09,0.0,,,,19.9
Paul Lake,2015-06-09,0.25,,,,
Paul Lake,2015-06-09,0.5,226.5,13.0,,19.8
Paul Lake,2015-06-09,0.75,,,,
Paul Lake,2015-06-09,1.0,,,,19.7
Paul Lake,2015-06-09,1.5,,,,19.5
Paul Lake,2015-06-09,2.0,,,,19.4
Paul Lake,2015-06-09,2.5,,,,17.7
Paul Lake,2015-06-09,3.0,,,,15.3
Paul Lake,2015-06-09,3.5,,,,13.2
Paul Lake,2015-06-09,4.0,,,,11.3
Paul Lake,2015-06-09,4.5,,,,9.5
Paul Lake,2015-06-09,5.0,,,,8.2
Paul Lake,2015-06-09,5.5,,,,7.0
Paul Lake,2015-06-09,6.0,,,,6.5
Paul Lake,2015-06-09,6.5,,,,6.1
Paul Lake,2015-06-09,7.0,,,,5.7
Paul Lake,2015-06-09,8.0,,,,5.3
Paul Lake,2015-06-09,9.0,,,,5.1
Paul Lake,2015-06-14,0.0,,,,20.4
Paul Lake,2015-06-14,0.5,,,,20.4
Paul Lake,2015-06-14,1.0,,,,20.3
Paul Lake,2015-06-14,1.5,,,,20.2
Paul Lake,2015-06-14,2.0,,,,20.1
Paul Lake,2015-06-14,2.5,,,,18.9
Paul Lake,2015-06-14,3.0,,,,16.5
Paul Lake,2015-06-14,3.5,,,,13.8
Paul Lake,2015-06-14,4.0,,,,11.7
Paul Lake,2015-06-14,4.5,,,,10.0
Paul Lake,2015-06-14,5.0,,,,8.8
Paul Lake,2015-06-14,5.5,,,,7.6
Paul Lake,2015-06-14,6.0,,,,7.0
Paul Lake,2015-06-14,6.5,,,,6.3
Paul Lake,2015-06-14,7.0,,,,5.9
Paul Lake,2015-06-14,8.0,,,,5.4
Paul Lake,2015-06-14,9.0,,,,5.1
Paul Lake,2015-06-14,10.0,,,,5.0
Paul Lake,2015-06-16,0.0,,,,19.8
Paul Lake,2015-06-16,0.25,,,,
Paul Lake,2015-06-16,0.5,257.5,12.0,,19.8
Paul Lake,2015-06-16,0.75,,,,
Paul Lake,2015-06-16,1.0,,,,19.7
Paul Lake,2015-06-16,1.5,,,,19.6
Paul Lake,2015-06-16,2.0,,,,19.5
Paul Lake,2015-06-16,2.5,,,,18.9
Paul Lake,2015-06-16,3.0,,,,15.9
Paul Lake,2015-06-16,3.5,,,,13.7
Paul Lake,2015-06-16,4.0,,,,11.3
Paul Lake,2015-06-16,4.5,,,,10.0
Paul Lake,2015-06-16,5.0,,,,8.3
Paul Lake,2015-06-16,5.5,,,,7.5
Paul Lake,2015-06-16,6.0,,,,6.7
Paul Lake,2015-06-16,6.5,,,,6.2
Paul Lake,2015-06-16,7.0,,,,5.8
Paul Lake,2015-06-16,8.0,,,,5.4
Paul Lake,2015-06-16,9.0,,,,5.1
Paul Lake,2015-06-16,10.0,,,,5.0
Paul Lake,2015-06-16,11.0,,,,5.0
Paul Lake,2015-06-16,12.0,,,,5.0
Paul Lake,2015-06-23,0.0,,,,20.0
Paul Lake,2015-06-23,0.25,,,,
Paul Lake,2015-06-23,0.5,220.5,8.0,,20.0
Paul Lake,2015-06-23,0.75,,,,
Paul Lake,2015-06-23,1.0,,,,19.9
Paul Lake,2015-06-23,1.5,,,,19.9
Paul Lake,2015-06-23,2.0,,,,19.7
Paul Lake,2015-06-23,2.5,,,,19.5
Paul Lake,2015-06-23,3.0,,,,17.2
Paul Lake,2015-06-23,3.5,,,,14.5
Paul Lake,2015-06-23,4.0,,,,12.2
Paul Lake,2015-06-23,4.5,,,,10.5
Paul Lake,2015-06-23,5.0,,,,9.2
Paul Lake,2015-06-23,5.5,,,,7.9
Paul Lake,2015-06-23,6.0,,,,7.1
Paul Lake,2015-06-23,6.5,,,,6.6
Paul Lake,2015-06-23,7.0,,,,6.1
Paul Lake,2015-06-23,8.0,,,,5.4
Paul Lake,2015-06-23,9.0,,,,5.1
Paul Lake,2015-06-23,10.0,,,,5.1
Paul Lake,2015-06-23,11.0,,,,5.1
Paul Lake,2015-06-23,12.0,,,,5.1
Paul Lake,2015-06-30,0.0,,,,21.0
Paul Lake,2015-06-30,0.25,,,,
Paul Lake,2015-06-30,0.5,225.5,12.0,,21.9
Paul Lake,2015-06-30,0.75,,,,
Paul Lake,2015-06-30,1.0,,,,21.9
Paul Lake,2015-06-30,1.5,,,,22.0
Paul Lake,2015-06-30,2.0,,,,21.9
Paul Lake,2015-06-30,2.5,,,,21.6
Paul Lake,2015-06-30,3.0,,,,19.0
Paul Lake,2015-06-30,3.5,,,,16.0
Paul Lake,2015-06-30,4.0,,,,13.5
Paul Lake,2015-06-30,4.5,,,,11.3
Paul Lake,2015-06-30,5.0,,,,9.6
Paul Lake,2015-06-30,5.5,,,,8.3
Paul Lake,2015-06-30,6.0,,,,7.8
Paul Lake,2015-06-30,6.5,,,,6.9
Paul Lake,2015-06-30,7.0,,,,6.2
Paul Lake,2015-06-30,8.0,,,,5.7
Paul Lake,2015-06-30,9.0,,,,5.4
Paul Lake,2015-06-30,10.0,,,,5.2
Paul Lake,2015-06-30,11.0,,,,5.1
Paul Lake,2015-06-30,12.0,,,,5.2
Paul Lake,2015-07-07,0.0,,,,21.2
Paul Lake,2015-07-07,0.25,,,,
Paul Lake,2015-07-07,0.5,241.5,11.0,,21.2
Paul Lake,2015-07-07,0.75,,,,
Paul Lake,2015-07-07,1.0,,,,21.2
Paul Lake,2015-07-07,1.5,,,,21.2
Paul Lake,2015-07-07,2.0,,,,21.2
Paul Lake,2015-07-07,2.5,,,,21.2
Paul Lake,2015-07-07,3.0,,,,20.4
Paul Lake,2015-07-07,3.5,,,,16.7
Paul Lake,2015-07-07,4.0,,,,14.1
Paul Lake,2015-07-07,4.5,,,,12.2
Paul Lake,2015-07-07,5.0,,,,9.92
Paul Lake,2015-07-07,5.5,,,,8.4
Paul Lake,2015-07-07,6.0,,,,7.7
Paul Lake,2015-07-07,6.5,,,,6.9
Paul Lake,2015-07-07,7.0,,,,6.5
Paul Lake,2015-07-07,8.0,,,,5.7
Paul Lake,2015-07-07,9.0,,,,5.3
Paul Lake,2015-07-07,10.0,,,,5.2
Paul Lake,2015-07-07,11.0,,,,5.1
Paul Lake,2015-07-07,12.0,,,,5.2
Paul Lake,2015-07-14,0.0,,,,23.6
Paul Lake,2015-07-14,0.25,,,,
Paul Lake,2015-07-14,0.5,252.5,11.0,,23.6
Paul Lake,2015-07-14,0.75,,,,
Paul Lake,2015-07-14,1.0,,,,23.7
Paul Lake,2015-07-14,1.5,,,,23.7
Paul Lake,2015-07-14,2.0,,,,23.5
Paul Lake,2015-07-14,2.5,,,,22.3
Paul Lake,2015-07-14,3.0,,,,20.5
Paul Lake,2015-07-14,3.5,,,,17.9
Paul Lake,2015-07-14,4.0,,,,15.2
Paul Lake,2015-07-14,4.5,,,,12.3
Paul Lake,2015-07-14,5.0,,,,10.5
Paul Lake,2015-07-14,5.5,,,,9.1
Paul Lake,2015-07-14,6.0,,,,7.9
Paul Lake,2015-07-14,6.5,,,,7.2
Paul Lake,2015-07-14,7.0,,,,6.5
Paul Lake,2015-07-14,8.0,,,,5.8
Paul Lake,2015-07-14,9.0,,,,5.4
Paul Lake,2015-07-21,0.0,,,,23.5
Paul Lake,2015-07-21,0.25,,,,
Paul Lake,2015-07-21,0.5,252.5,8.0,,23.5
Paul Lake,2015-07-21,0.75,,,,
Paul Lake,2015-07-21,1.0,,,,23.5
Paul Lake,2015-07-21,1.5,,,,23.4
Paul Lake,2015-07-21,2.0,,,,23.4
Paul Lake,2015-07-21,2.5,,,,23.2
Paul Lake,2015-07-21,3.0,,,,22.0
Paul Lake,2015-07-21,3.5,,,,18.7
Paul Lake,2015-07-21,4.0,,,,16.0
Paul Lake,2015-07-21,4.5,,,,13.0
Paul Lake,2015-07-21,5.0,,,,11.0
Paul Lake,2015-07-21,5.5,,,,9.4
Paul Lake,2015-07-21,6.0,,,,8.1
Paul Lake,2015-07-21,6.5,,,,7.4
Paul Lake,2015-07-21,7.0,,,,6.8
Paul Lake,2015-07-21,8.0,,,,6.0
Paul Lake,2015-07-21,9.0,,,,5.5
Paul Lake,2015-07-21,10.0,,,,5.3
Paul Lake,2015-07-21,11.0,,,,5.2
Paul Lake,2015-07-21,12.0,,,,5.2
Paul Lake,2015-07-28,0.0,,,,26.0
Paul Lake,2015-07-28,0.25,,,,
Paul Lake,2015-07-28,0.5,258.5,15.0,,26.1
Paul Lake,2015-07-28,0.75,,,,
Paul Lake,2015-07-28,1.0,,,,26.0
Paul Lake,2015-07-28,1.5,,,,25.9
Paul Lake,2015-07-28,2.0,,,,25.7
Paul Lake,2015-07-28,2.5,,,,24.0
Paul Lake,2015-07-28,3.0,,,,22.4
Paul Lake,2015-07-28,3.5,,,,19.5
Paul Lake,2015-07-28,4.0,,,,17.1
Paul Lake,2015-07-28,4.5,,,,14.0
Paul Lake,2015-07-28,5.0,,,,11.2
Paul Lake,2015-07-28,5.5,,,,9.7
Paul Lake,2015-07-28,6.0,,,,8.5
Paul Lake,2015-07-28,6.5,,,,7.8
Paul Lake,2015-07-28,7.0,,,,6.9
Paul Lake,2015-07-28,8.0,,,,5.8
Paul Lake,2015-07-28,9.0,,,,5.5
Paul Lake,2015-07-28,10.0,,,,5.3
Paul Lake,2015-07-28,11.0,,,,5.2
Paul Lake,2015-07-28,12.0,,,,5.3
Paul Lake,2015-08-04,0.0,,,,22.1
Paul Lake,2015-08-04,0.25,,,,
Paul Lake,2015-08-04,0.5,274.5,13.0,,22.2
Paul Lake,2015-08-04,0.75,,,,
Paul Lake,2015-08-04,1.0,,,,22.2
Paul Lake,2015-08-04,1.5,,,,22.1
Paul Lake,2015-08-04,2.0,,,,22.1
Paul Lake,2015-08-04,2.5,,,,22.1
Paul Lake,2015-08-04,3.0,,,,22.1
Paul Lake,2015-08-04,3.5,,,,20.3
Paul Lake,2015-08-04,4.0,,,,17.4
Paul Lake,2015-08-04,4.5,,,,14.1
Paul Lake,2015-08-04,5.0,,,,11.7
Paul Lake,2015-08-04,5.5,,,,10.1
Paul Lake,2015-08-04,6.0,,,,8.8
Paul Lake,2015-08-04,6.5,,,,8.0
Paul Lake,2015-08-04,7.0,,,,7.1
Paul Lake,2015-08-04,8.0,,,,6.0
Paul Lake,2015-08-04,9.0,,,,5.5
Paul Lake,2015-08-04,10.0,,,,5.4
Paul Lake,2015-08-04,11.0,,,,5.3
Paul Lake,2015-08-04,12.0,,,,5.3
Paul Lake,2015-08-11,0.0,,,,22.1
Paul Lake,2015-08-11,0.25,,,,
Paul Lake,2015-08-11,0.5,237.5,9.0,,22.1
Paul Lake,2015-08-11,0.75,,,,
Paul Lake,2015-08-11,1.0,,,,22.0
Paul Lake,2015-08-11,1.5,,,,21.9
Paul Lake,2015-08-11,2.0,,,,21.8
Paul Lake,2015-08-11,2.5,,,,21.8
Paul Lake,2015-08-11,3.0,,,,21.7
Paul Lake,2015-08-11,3.5,,,,20.8
Paul Lake,2015-08-11,4.0,,,,20.1
Paul Lake,2015-08-11,4.5,,,,15.1
Paul Lake,2015-08-11,5.0,,,,12.5
Paul Lake,2015-08-11,5.5,,,,11.1
Paul Lake,2015-08-11,6.0,,,,9.7
Paul Lake,2015-08-11,6.5,,,,8.3
Paul Lake,2015-08-11,7.0,,,,7.2
Paul Lake,2015-08-11,8.0,,,,6.1
Paul Lake,2015-08-11,9.0,,,,5.7
Paul Lake,2015-08-11,10.0,,,,5.4
Paul Lake,2015-08-11,11.0,,,,5.4
Paul Lake,2015-08-11,12.0,,,,5.3
Paul Lake,2015-08-18,0.0,,,,23.5
Paul Lake,2015-08-18,0.25,,,,
Paul Lake,2015-08-18,0.5,231.5,12.0,,23.7
Paul Lake,2015-08-18,0.75,,,,
Paul Lake,2015-08-18,1.0,,,,23.7
Paul Lake,2015-08-18,1.5,,,,23.6
Paul Lake,2015-08-18,2.0,,,,23.6
Paul Lake,2015-08-18,2.5,,,,23.5
Paul Lake,2015-08-18,3.0,,,,22.6
Paul Lake,2015-08-18,3.5,,,,21.1
Paul Lake,2015-08-18,4.0,,,,18.6
Paul Lake,2015-08-18,4.5,,,,15.7
Paul Lake,2015-08-18,5.0,,,,13.1
Paul Lake,2015-08-18,5.5,,,,10.7
Paul Lake,2015-08-18,6.0,,,,9.5
Paul Lake,2015-08-18,6.5,,,,8.4
Paul Lake,2015-08-18,7.0,,,,7.6
Paul Lake,2015-08-18,8.0,,,,6.3
Paul Lake,2015-08-18,9.0,,,,5.6
Paul Lake,2015-08-18,10.0,,,,5.4
Paul Lake,2015-08-18,11.0,,,,5.4
Paul Lake,2015-08-18,12.0,,,,5.4
Paul Lake,2015-08-25,0.0,,,,18.3
Paul Lake,2015-08-25,0.25,,,,
Paul Lake,2015-08-25,0.5,237.5,11.0,,18.4
Paul Lake,2015-08-25,0.75,,,,
Paul Lake,2015-08-25,1.0,,,,18.4
Paul Lake,2015-08-25,1.5,,,,18.4
Paul Lake,2015-08-25,2.0,,,,18.4
Paul Lake,2015-08-25,2.5,,,,18.4
Paul Lake,2015-08-25,3.0,,,,18.4
Paul Lake,2015-08-25,3.5,,,,18.4
Paul Lake,2015-08-25,4.0,,,,18.3
Paul Lake,2015-08-25,4.5,,,,16.6
Paul Lake,2015-08-25,5.0,,,,13.4
Paul Lake,2015-08-25,5.5,,,,11.2
Paul Lake,2015-08-25,6.0,,,,9.8
Paul Lake,2015-08-25,6.5,,,,8.6
Paul Lake,2015-08-25,7.0,,,,7.8
Paul Lake,2015-08-25,8.0,,,,6.2
Paul Lake,2015-08-25,9.0,,,,5.7
Paul Lake,2016-05-17,0.0,,,,12.1
Paul Lake,2016-05-17,0.25,,,,
Paul Lake,2016-05-17,0.5,,,,12.1
Paul Lake,2016-05-17,0.75,,,,
Paul Lake,2016-05-17,1.0,,,,12.0
Paul Lake,2016-05-17,1.5,,,,11.8
Paul Lake,2016-05-17,2.0,,,,11.7
Paul Lake,2016-05-17,2.5,,,,11.2
Paul Lake,2016-05-17,3.0,,,,10.7
Paul Lake,2016-05-17,3.5,,,,8.5
Paul Lake,2016-05-17,4.0,,,,7.6
Paul Lake,2016-05-17,4.5,,,,6.5
Paul Lake,2016-05-17,5.0,,,,5.4
Paul Lake,2016-05-17,5.5,,,,5.3
Paul Lake,2016-05-17,6.0,,,,5.3
Paul Lake,2016-05-17,6.5,,,,5.2
Paul Lake,2016-05-17,7.0,,,,5.0
Paul Lake,2016-05-17,8.0,,,,4.9
Paul Lake,2016-05-17,9.0,,,,4.8
Paul Lake,2016-05-24,0.0,,,,20.6
Paul Lake,2016-05-24,0.25,,,,
Paul Lake,2016-05-24,0.5,350.0,6.0,,20.6
Paul Lake,2016-05-24,0.75,,,,
Paul Lake,2016-05-24,1.0,,,,20.1
Paul Lake,2016-05-24,1.5,,,,17.8
Paul Lake,2016-05-24,2.0,,,,15.6
Paul Lake,2016-05-24,2.5,,,,14.1
Paul Lake,2016-05-24,3.0,,,,12.3
Paul Lake,2016-05-24,3.5,,,,10.1
Paul Lake,2016-05-24,4.0,,,,8.9
Paul Lake,2016-05-24,4.5,,,,7.5
Paul Lake,2016-05-24,5.0,,,,6.5
Paul Lake,2016-05-24,5.5,,,,5.9
Paul Lake,2016-05-24,6.0,,,,5.5
Paul Lake,2016-05-24,6.5,,,,5.3
Paul Lake,2016-05-24,7.0,,,,5.1
Paul Lake,2016-05-24,8.0,,,,5.0
Paul Lake,2016-05-24,9.0,,,,4.9
Paul Lake,2016-05-24,10.0,,,,4.9
Paul Lake,2016-05-31,0.0,,,,20.0
Paul Lake,2016-05-31,0.25,,,,
Paul Lake,2016-05-31,0.5,200.0,7.0,,20.1
Paul Lake,2016-05-31,0.75,,,,
Paul Lake,2016-05-31,1.0,,,,20.1
Paul Lake,2016-05-31,1.5,,,,19.8
Paul Lake,2016-05-31,2.0,,,,18.0
Paul Lake,2016-05-31,2.5,,,,15.5
Paul Lake,2016-05-31,3.0,,,,13.6
Paul Lake,2016-05-31,3.5,,,,11.5
Paul Lake,2016-05-31,4.0,,,,9.8
Paul Lake,2016-05-31,4.5,,,,8.2
Paul Lake,2016-05-31,5.0,,,,7.1
Paul Lake,2016-05-31,5.5,,,,6.3
Paul Lake,2016-05-31,6.0,,,,5.9
Paul Lake,2016-05-31,6.5,,,,5.8
Paul Lake,2016-05-31,7.0,,,,5.4
Paul Lake,2016-05-31,8.0,,,,5.1
Paul Lake,2016-05-31,9.0,,,,4.9
Paul Lake,2016-06-07,0.0,,,,17.1
Paul Lake,2016-06-07,0.25,,,,
Paul Lake,2016-06-07,0.5,260.0,10.0,,17.1
Paul Lake,2016-06-07,0.75,,,,
Paul Lake,2016-06-07,1.0,,,,17.1
Paul Lake,2016-06-07,1.5,,,,17.1
Paul Lake,2016-06-07,2.0,,,,17.1
Paul Lake,2016-06-07,2.5,,,,17.0
Paul Lake,2016-06-07,3.0,,,,14.4
Paul Lake,2016-06-07,3.5,,,,12.3
Paul Lake,2016-06-07,4.0,,,,10.2
Paul Lake,2016-06-07,4.5,,,,8.6
Paul Lake,2016-06-07,5.0,,,,7.3
Paul Lake,2016-06-07,5.5,,,,6.3
Paul Lake,2016-06-07,6.0,,,,6.1
Paul Lake,2016-06-07,6.5,,,,5.7
Paul Lake,2016-06-07,7.0,,,,5.5
Paul Lake,2016-06-07,8.0,,,,5.1
Paul Lake,2016-06-07,9.0,,,,5.0
Paul Lake,2016-06-14,0.0,,,,22.4
Paul Lake,2016-06-14,0.25,,,,
Paul Lake,2016-06-14,0.5,260.0,6.0,,21.3
Paul Lake,2016-06-14,0.75,,,,
Paul Lake,2016-06-14,1.0,,,,20.7
Paul Lake,2016-06-14,1.5,,,,20.3
Paul Lake,2016-06-14,2.0,,,,19.7
Paul Lake,2016-06-14,2.5,,,,17.8
Paul Lake,2016-06-14,3.0,,,,16.0
Paul Lake,2016-06-14,3.5,,,,13.4
Paul Lake,2016-06-14,4.0,,,,11.2
Paul Lake,2016-06-14,4.5,,,,9.2
Paul Lake,2016-06-14,5.0,,,,8.2
Paul Lake,2016-06-14,5.5,,,,6.8
Paul Lake,2016-06-14,6.0,,,,6.3
Paul Lake,2016-06-14,6.5,,,,5.9
Paul Lake,2016-06-14,7.0,,,,5.6
Paul Lake,2016-06-14,8.0,,,,5.3
Paul Lake,2016-06-14,9.0,,,,5.1
Paul Lake,2016-06-21,0.0,,,,23.1
Paul Lake,2016-06-21,0.25,,,,
Paul Lake,2016-06-21,0.5,270.0,8.0,,23.1
Paul Lake,2016-06-21,0.75,,,,
Paul Lake,2016-06-21,1.0,,,,22.8
Paul Lake,2016-06-21,1.5,,,,22.8
Paul Lake,2016-06-21,2.0,,,,22.0
Paul Lake,2016-06-21,2.5,,,,19.5
Paul Lake,2016-06-21,3.0,,,,16.9
Paul Lake,2016-06-21,3.5,,,,14.2
Paul Lake,2016-06-21,4.0,,,,11.8
Paul Lake,2016-06-21,4.5,,,,10.0
Paul Lake,2016-06-21,5.0,,,,8.5
Paul Lake,2016-06-21,5.5,,,,7.2
Paul Lake,2016-06-21,6.0,,,,6.6
Paul Lake,2016-06-21,6.5,,,,6.0
Paul Lake,2016-06-21,7.0,,,,5.7
Paul Lake,2016-06-21,8.0,,,,5.3
Paul Lake,2016-06-21,9.0,,,,5.2
Paul Lake,2016-06-28,0.0,,,,21.7
Paul Lake,2016-06-28,0.25,,,,
Paul Lake,2016-06-28,0.5,250.0,6.0,,21.7
Paul Lake,2016-06-28,0.75,,,,
Paul Lake,2016-06-28,1.0,,,,21.5
Paul Lake,2016-06-28,1.5,,,,21.5
Paul Lake,2016-06-28,2.0,,,,21.4
Paul Lake,2016-06-28,2.5,,,,20.8
Paul Lake,2016-06-28,3.0,,,,17.7
Paul Lake,2016-06-28,3.5,,,,14.8
Paul Lake,2016-06-28,4.0,,,,12.8
Paul Lake,2016-06-28,4.5,,,,10.5
Paul Lake,2016-06-28,5.0,,,,8.6
Paul Lake,2016-06-28,5.5,,,,7.6
Paul Lake,2016-06-28,6.0,,,,7.0
Paul Lake,2016-06-28,6.5,,,,6.0
Paul Lake,2016-06-28,7.0,,,,5.8
Paul Lake,2016-06-28,8.0,,,,5.3
Paul Lake,2016-06-28,9.0,,,,5.2
Paul Lake,2016-06-28,10.0,,,,5.1
Paul Lake,2016-06-28,11.0,,,,5.1
Paul Lake,2016-06-28,12.0,,,,5.1
Paul Lake,2016-07-05,0.0,,,,24.0
Paul Lake,2016-07-05,0.25,,,,
Paul Lake,2016-07-05,0.5,250.0,7.0,,23.8
Paul Lake,2016-07-05,0.75,,,,
Paul Lake,2016-07-05,1.0,,,,23.6
Paul Lake,2016-07-05,1.5,,,,23.5
Paul Lake,2016-07-05,2.0,,,,22.7
Paul Lake,2016-07-05,2.5,,,,21.8
Paul Lake,2016-07-05,3.0,,,,19.6
Paul Lake,2016-07-05,3.5,,,,16.0
Paul Lake,2016-07-05,4.0,,,,13.3
Paul Lake,2016-07-05,4.5,,,,11.1
Paul Lake,2016-07-05,5.0,,,,9.3
Paul Lake,2016-07-05,5.5,,,,8.1
Paul Lake,2016-07-05,6.0,,,,7.2
Paul Lake,2016-07-05,6.5,,,,6.4
Paul Lake,2016-07-05,7.0,,,,5.8
Paul Lake,2016-07-05,8.0,,,,5.4
Paul Lake,2016-07-05,9.0,,,,5.2
Paul Lake,2016-07-12,0.0,,,,23.2
Paul Lake,2016-07-12,0.25,,,,
Paul Lake,2016-07-12,0.5,260.0,6.0,,23.1
Paul Lake,2016-07-12,0.75,,,,
Paul Lake,2016-07-12,1.0,,,,22.9
Paul Lake,2016-07-12,1.5,,,,22.7
Paul Lake,2016-07-12,2.0,,,,22.5
Paul Lake,2016-07-12,2.5,,,,22.3
Paul Lake,2016-07-12,3.0,,,,20.7
Paul Lake,2016-07-12,3.5,,,,17.1
Paul Lake,2016-07-12,4.0,,,,14.2
Paul Lake,2016-07-12,4.5,,,,11.6
Paul Lake,2016-07-12,5.0,,,,10.0
Paul Lake,2016-07-12,5.5,,,,8.5
Paul Lake,2016-07-12,6.0,,,,7.2
Paul Lake,2016-07-12,6.5,,,,6.6
Paul Lake,2016-07-12,7.0,,,,6.3
Paul Lake,2016-07-12,8.0,,,,5.7
Paul Lake,2016-07-12,9.0,,,,5.3
Paul Lake,2016-07-19,0.0,,,,23.3
Paul Lake,2016-07-19,0.25,,,,
Paul Lake,2016-07-19,0.5,260.0,9.0,,23.2
Paul Lake,2016-07-19,0.75,,,,
Paul Lake,2016-07-19,1.0,,,,22.9
Paul Lake,2016-07-19,1.5,,,,22.9
Paul Lake,2016-07-19,2.0,,,,22.8
Paul Lake,2016-07-19,2.5,,,,22.5
Paul Lake,2016-07-19,3.0,,,,21.0
Paul Lake,2016-07-19,3.5,,,,17.8
Paul Lake,2016-07-19,4.0,,,,14.9
Paul Lake,2016-07-19,4.5,,,,12.5
Paul Lake,2016-07-19,5.0,,,,10.3
Paul Lake,2016-07-19,5.5,,,,8.9
Paul Lake,2016-07-19,6.0,,,,7.6
Paul Lake,2016-07-19,6.5,,,,6.6
Paul Lake,2016-07-19,7.0,,,,6.0
Paul Lake,2016-07-19,8.0,,,,5.5
Paul Lake,2016-07-19,9.0,,,,5.3
Paul Lake,2016-07-26,0.0,,,,26.0
Paul Lake,2016-07-26,0.25,,,,
Paul Lake,2016-07-26,0.5,250.0,7.0,,25.9
Paul Lake,2016-07-26,0.75,,,,
Paul Lake,2016-07-26,1.0,,,,25.7
Paul Lake,2016-07-26,1.5,,,,25.7
Paul Lake,2016-07-26,2.0,,,,25.5
Paul Lake,2016-07-26,2.5,,,,24.2
Paul Lake,2016-07-26,3.0,,,,21.9
Paul Lake,2016-07-26,3.5,,,,18.7
Paul Lake,2016-07-26,4.0,,,,15.4
Paul Lake,2016-07-26,4.5,,,,13.1
Paul Lake,2016-07-26,5.0,,,,10.9
Paul Lake,2016-07-26,5.5,,,,9.3
Paul Lake,2016-07-26,6.0,,,,7.9
Paul Lake,2016-07-26,6.5,,,,6.8
Paul Lake,2016-07-26,7.0,,,,6.2
Paul Lake,2016-07-26,8.0,,,,5.6
Paul Lake,2016-07-26,9.0,,,,5.3
Paul Lake,2016-08-02,0.0,,,,24.6
Paul Lake,2016-08-02,0.25,,,,
Paul Lake,2016-08-02,0.5,230.0,6.0,,24.7
Paul Lake,2016-08-02,0.75,,,,
Paul Lake,2016-08-02,1.0,,,,24.7
Paul Lake,2016-08-02,1.5,,,,24.6
Paul Lake,2016-08-02,2.0,,,,24.4
Paul Lake,2016-08-02,2.5,,,,24.1
Paul Lake,2016-08-02,3.0,,,,22.7
Paul Lake,2016-08-02,3.5,,,,19.8
Paul Lake,2016-08-02,4.0,,,,16.8
Paul Lake,2016-08-02,4.5,,,,13.8
Paul Lake,2016-08-02,5.0,,,,11.5
Paul Lake,2016-08-02,5.5,,,,9.8
Paul Lake,2016-08-02,6.0,,,,8.4
Paul Lake,2016-08-02,6.5,,,,7.2
Paul Lake,2016-08-02,7.0,,,,6.4
Paul Lake,2016-08-02,8.0,,,,5.7
Paul Lake,2016-08-02,9.0,,,,5.4
Paul Lake,2016-08-02,10.0,,,,5.3
Paul Lake,2016-08-02,11.0,,,,5.3
Paul Lake,2016-08-02,12.0,,,,5.3
Paul Lake,2016-08-09,0.0,,,,24.1
Paul Lake,2016-08-09,0.25,,,,
Paul Lake,2016-08-09,0.5,260.0,7.0,,24.0
Paul Lake,2016-08-09,0.75,,,,
Paul Lake,2016-08-09,1.0,,,,24.0
Paul Lake,2016-08-09,1.5,,,,23.9
Paul Lake,2016-08-09,2.0,,,,23.9
Paul Lake,2016-08-09,2.5,,,,23.8
Paul Lake,2016-08-09,3.0,,,,23.4
Paul Lake,2016-08-09,3.5,,,,20.4
Paul Lake,2016-08-09,4.0,,,,17.0
Paul Lake,2016-08-09,4.5,,,,14.1
Paul Lake,2016-08-09,5.0,,,,12.1
Paul Lake,2016-08-09,5.5,,,,10.0
Paul Lake,2016-08-09,6.0,,,,8.5
Paul Lake,2016-08-09,6.5,,,,7.2
Paul Lake,2016-08-09,7.0,,,,6.4
Paul Lake,2016-08-09,8.0,,,,5.8
Paul Lake,2016-08-09,9.0,,,,5.5
Paul Lake,2016-08-16,0.0,,,,23.9
Paul Lake,2016-08-16,0.25,,,,
Paul Lake,2016-08-16,0.5,260.0,6.0,,23.8
Paul Lake,2016-08-16,0.75,,,,
Paul Lake,2016-08-16,1.0,,,,23.6
Paul Lake,2016-08-16,1.5,,,,23.4
Paul Lake,2016-08-16,2.0,,,,23.2
Paul Lake,2016-08-16,2.5,,,,23.1
Paul Lake,2016-08-16,3.0,,,,22.8
Paul Lake,2016-08-16,3.5,,,,21.3
Paul Lake,2016-08-16,4.0,,,,17.9
Paul Lake,2016-08-16,4.5,,,,14.8
Paul Lake,2016-08-16,5.0,,,,12.6
Paul Lake,2016-08-16,5.5,,,,10.6
Paul Lake,2016-08-16,6.0,,,,9.0
Paul Lake,2016-08-16,6.5,,,,7.5
Paul Lake,2016-08-16,7.0,,,,6.7
Paul Lake,2016-08-16,8.0,,,,5.9
Paul Lake,2016-08-16,9.0,,,,5.5
Paul Lake,2016-08-16,10.0,,,,5.4
Paul Lake,2016-08-16,11.0,,,,5.4
Paul Lake,2016-08-16,12.0,,,,5.3
Peter Lake,1984-05-28,0.0,,,,14.8
Peter Lake,1984-05-28,0.25,,,,
Peter Lake,1984-05-28,0.5,,,,
Peter Lake,1984-05-28,0.75,,,,
Peter Lake,1984-05-28,1.0,,,,14.8
Peter Lake,1984-05-28,1.5,,,,
Peter Lake,1984-05-28,2.0,,,,14.8
Peter Lake,1984-05-28,3.0,,,,12.3
Peter Lake,1984-05-28,4.0,,,,8.2
Peter Lake,1984-05-28,5.0,,,,7.0
Peter Lake,1984-05-28,6.0,,,,5.9
Peter Lake,1984-05-28,7.0,,,,4.5
Peter Lake,1984-05-28,8.0,,,,4.0
Peter Lake,1984-05-28,9.0,,,,4.0
Peter Lake,1984-05-28,10.0,,,,3.9
Peter Lake,1984-05-28,11.0,,,,3.9
Peter Lake,1984-05-28,12.0,,,,3.9
Peter Lake,1984-05-28,13.0,,,,3.9
Peter Lake,1984-05-28,14.0,,,,3.9
Peter Lake,1984-05-28,15.0,,,,3.9
Peter Lake,1984-05-28,16.0,,,,3.9
Peter Lake,1984-05-28,17.0,,,,3.9
Peter Lake,1984-06-04,0.0,,,,18.8
Peter Lake,1984-06-04,0.25,,,,
Peter Lake,1984-06-04,0.5,,,,18.8
Peter Lake,1984-06-04,0.75,,,,
Peter Lake,1984-06-04,1.0,,,,18.8
Peter Lake,1984-06-04,1.5,,,,18.5
Peter Lake,1984-06-04,2.0,,,,18.0
Peter Lake,1984-06-04,2.5,,,,16.0
Peter Lake,1984-06-04,3.0,,,,14.7
Peter Lake,1984-06-04,3.5,,,,11.9
Peter Lake,1984-06-04,4.0,,,,10.1
Peter Lake,1984-06-04,5.0,,,,7.5
Peter Lake,1984-06-04,6.0,,,,6.0
Peter Lake,1984-06-04,7.0,,,,5.0
Peter Lake,1984-06-04,8.0,,,,4.4
Peter Lake,1984-06-04,10.0,,,,4.0
Peter Lake,1984-06-04,12.0,,,,4.0
Peter Lake,1984-06-04,14.0,,,,4.0
Peter Lake,1984-06-11,0.0,,,,19.8
Peter Lake,1984-06-11,0.25,,,,
Peter Lake,1984-06-11,0.5,,,,19.9
Peter Lake,1984-06-11,0.75,,,,
Peter Lake,1984-06-11,1.0,,,,19.9
Peter Lake,1984-06-11,1.5,,,,20.0
Peter Lake,1984-06-11,2.0,,,,19.9
Peter Lake,1984-06-11,2.5,,,,18.8
Peter Lake,1984-06-11,3.0,,,,15.9
Peter Lake,1984-06-11,3.5,,,,12.3
Peter Lake,1984-06-11,4.0,,,,11.3
Peter Lake,1984-06-11,5.0,,,,8.0
Peter Lake,1984-06-11,6.0,,,,5.9
Peter Lake,1984-06-11,7.0,,,,4.9
Peter Lake,1984-06-11,8.0,,,,4.6
Peter Lake,1984-06-11,9.0,,,,4.1
Peter Lake,1984-06-11,10.0,,,,4.0
Peter Lake,1984-06-11,12.0,,,,4.0
Peter Lake,1984-06-18,0.0,,,,20.7
Peter Lake,1984-06-18,0.25,,,,
Peter Lake,1984-06-18,0.5,,,,20.8
Peter Lake,1984-06-18,0.75,,,,
Peter Lake,1984-06-18,1.0,,,,20.8
Peter Lake,1984-06-18,1.5,,,,20.8
Peter Lake,1984-06-18,2.0,,,,20.5
Peter Lake,1984-06-18,2.5,,,,19.9
Peter Lake,1984-06-18,3.0,,,,17.9
Peter Lake,1984-06-18,3.5,,,,14.6
Peter Lake,1984-06-18,4.0,,,,12.5
Peter Lake,1984-06-18,5.0,,,,8.7
Peter Lake,1984-06-18,6.0,,,,6.4
Peter Lake,1984-06-18,7.0,,,,5.2
Peter Lake,1984-06-18,8.0,,,,4.7
Peter Lake,1984-06-18,9.0,,,,
Peter Lake,1984-06-18,10.0,,,,4.1
Peter Lake,1984-06-18,12.0,,,,4.0
Peter Lake,1984-06-18,14.0,,,,4.0
Peter Lake,1984-06-18,16.0,,,,4.0
Peter Lake,1984-06-25,0.0,,,,20.8
Peter Lake,1984-06-25,0.25,,,,
Peter Lake,1984-06-25,0.5,,,,20.8
Peter Lake,1984-06-25,0.75,,,,
Peter Lake,1984-06-25,1.0,,,,20.8
Peter Lake,1984-06-25,1.5,,,,20.8
Peter Lake,1984-06-25,2.0,,,,20.7
Peter Lake,1984-06-25,2.5,,,,20.5
Peter Lake,1984-06-25,3.0,,,,19.2
Peter Lake,1984-06-25,3.5,,,,16.0
Peter Lake,1984-06-25,4.0,,,,13.1
Peter Lake,1984-06-25,5.0,,,,9.0
Peter Lake,1984-06-25,6.0,,,,6.7
Peter Lake,1984-06-25,7.0,,,,5.3
Peter Lake,1984-06-25,8.0,,,,4.8
Peter Lake,1984-06-25,10.0,,,,4.1
Peter Lake,1984-06-25,12.0,,,,4.0
Peter Lake,1984-06-25,14.0,,,,4.0
Peter Lake,1984-07-02,0.0,,,,22.8
Peter Lake,1984-07-02,0.25,,,,
Peter Lake,1984-07-02,0.5,,,,22.8
Peter Lake,1984-07-02,0.75,,,,
Peter Lake,1984-07-02,1.0,,,,22.8
Peter Lake,1984-07-02,1.5,,,,22.8
Peter Lake,1984-07-02,2.0,,,,22.8
Peter Lake,1984-07-02,2.5,,,,21.9
Peter Lake,1984-07-02,3.0,,,,20.3
Peter Lake,1984-07-02,3.5,,,,17.5
Peter Lake,1984-07-02,4.0,,,,14.9
Peter Lake,1984-07-02,5.0,,,,10.3
Peter Lake,1984-07-02,6.0,,,,7.5
Peter Lake,1984-07-02,7.0,,,,5.6
Peter Lake,1984-07-02,8.0,,,,4.9
Peter Lake,1984-07-02,9.0,,,,
Peter Lake,1984-07-02,10.0,,,,4.2
Peter Lake,1984-07-02,12.0,,,,4.1
Peter Lake,1984-07-02,14.0,,,,4.0
Peter Lake,1984-07-09,0.0,,,,20.9
Peter Lake,1984-07-09,0.25,,,,
Peter Lake,1984-07-09,0.5,,,,21.0
Peter Lake,1984-07-09,0.75,,,,
Peter Lake,1984-07-09,1.0,,,,21.0
Peter Lake,1984-07-09,1.5,,,,20.8
Peter Lake,1984-07-09,2.0,,,,20.6
Peter Lake,1984-07-09,2.5,,,,20.5
Peter Lake,1984-07-09,3.0,,,,20.4
Peter Lake,1984-07-09,3.5,,,,19.3
Peter Lake,1984-07-09,4.0,,,,15.8
Peter Lake,1984-07-09,4.5,,,,13.4
Peter Lake,1984-07-09,5.0,,,,10.9
Peter Lake,1984-07-09,6.0,,,,7.7
Peter Lake,1984-07-09,7.0,,,,5.9
Peter Lake,1984-07-09,7.5,,,,
Peter Lake,1984-07-09,8.0,,,,5.0
Peter Lake,1984-07-09,10.0,,,,4.2
Peter Lake,1984-07-09,12.0,,,,4.0
Peter Lake,1984-07-09,14.0,,,,4.0
Peter Lake,1984-07-09,16.0,,,,4.0
Peter Lake,1984-07-16,0.0,,,,21.5
Peter Lake,1984-07-16,0.25,,,,
Peter Lake,1984-07-16,0.5,,,,21.6
Peter Lake,1984-07-16,0.75,,,,
Peter Lake,1984-07-16,1.0,,,,21.6
Peter Lake,1984-07-16,1.5,,,,21.6
Peter Lake,1984-07-16,2.0,,,,21.6
Peter Lake,1984-07-16,2.5,,,,21.6
Peter Lake,1984-07-16,3.0,,,,21.5
Peter Lake,1984-07-16,3.5,,,,19.7
Peter Lake,1984-07-16,4.0,,,,16.8
Peter Lake,1984-07-16,5.0,,,,11.4
Peter Lake,1984-07-16,6.0,,,,8.0
Peter Lake,1984-07-16,7.0,,,,6.0
Peter Lake,1984-07-16,8.0,,,,5.0
Peter Lake,1984-07-16,10.0,,,,4.3
Peter Lake,1984-07-16,12.0,,,,4.0
Peter Lake,1984-07-16,14.0,,,,4.0
Peter Lake,1984-07-16,16.0,,,,4.0
Peter Lake,1984-07-23,0.0,,,,22.8
Peter Lake,1984-07-23,0.25,,,,
Peter Lake,1984-07-23,0.5,,,,23.0
Peter Lake,1984-07-23,0.75,,,,
Peter Lake,1984-07-23,1.0,,,,23.0
Peter Lake,1984-07-23,1.5,,,,23.0
Peter Lake,1984-07-23,2.0,,,,22.9
Peter Lake,1984-07-23,2.5,,,,22.6
Peter Lake,1984-07-23,3.0,,,,21.8
Peter Lake,1984-07-23,3.5,,,,20.6
Peter Lake,1984-07-23,4.0,,,,18.2
Peter Lake,1984-07-23,5.0,,,,12.4
Peter Lake,1984-07-23,6.0,,,,8.9
Peter Lake,1984-07-23,7.0,,,,6.5
Peter Lake,1984-07-23,8.0,,,,5.3
Peter Lake,1984-07-23,9.0,,,,
Peter Lake,1984-07-23,10.0,,,,4.4
Peter Lake,1984-07-23,12.0,,,,4.2
Peter Lake,1984-07-23,14.0,,,,4.1
Peter Lake,1984-07-23,16.0,,,,4.1
Peter Lake,1984-07-30,0.0,,,,23.0
Peter Lake,1984-07-30,0.25,,,,
Peter Lake,1984-07-30,0.5,,,,23.0
Peter Lake,1984-07-30,0.75,,,,
Peter Lake,1984-07-30,1.0,,,,23.0
Peter Lake,1984-07-30,1.5,,,,23.0
Peter Lake,1984-07-30,2.0,,,,23.0
Peter Lake,1984-07-30,2.5,,,,23.0
Peter Lake,1984-07-30,3.0,,,,22.8
Peter Lake,1984-07-30,3.5,,,,21.7
Peter Lake,1984-07-30,4.0,,,,18.7
Peter Lake,1984-07-30,5.0,,,,12.9
Peter Lake,1984-07-30,6.0,,,,8.9
Peter Lake,1984-07-30,7.0,,,,6.9
Peter Lake,1984-07-30,8.0,,,,5.4
Peter Lake,1984-07-30,9.0,,,,
Peter Lake,1984-07-30,10.0,,,,4.3
Peter Lake,1984-07-30,12.0,,,,4.0
Peter Lake,1984-07-30,14.0,,,,4.0
Peter Lake,1984-07-30,16.0,,,,4.0
Peter Lake,1984-08-06,0.0,,,,24.0
Peter Lake,1984-08-06,0.25,,,,
Peter Lake,1984-08-06,0.5,,,,24.1
Peter Lake,1984-08-06,0.75,,,,
Peter Lake,1984-08-06,1.0,,,,24.1
Peter Lake,1984-08-06,1.5,,,,24.1
Peter Lake,1984-08-06,2.0,,,,24.0
Peter Lake,1984-08-06,2.5,,,,23.9
Peter Lake,1984-08-06,3.0,,,,23.4
Peter Lake,1984-08-06,3.5,,,,22.2
Peter Lake,1984-08-06,4.0,,,,19.7
Peter Lake,1984-08-06,5.0,,,,13.9
Peter Lake,1984-08-06,6.0,,,,10.0
Peter Lake,1984-08-06,7.0,,,,7.5
Peter Lake,1984-08-06,8.0,,,,5.8
Peter Lake,1984-08-06,9.0,,,,
Peter Lake,1984-08-06,10.0,,,,4.7
Peter Lake,1984-08-06,12.0,,,,4.1
Peter Lake,1984-08-06,14.0,,,,4.1
Peter Lake,1984-08-06,16.0,,,,4.1
Peter Lake,1984-08-13,0.0,,,,23.1
Peter Lake,1984-08-13,0.25,,,,
Peter Lake,1984-08-13,0.5,,,,23.2
Peter Lake,1984-08-13,0.75,,,,
Peter Lake,1984-08-13,1.0,,,,23.2
Peter Lake,1984-08-13,1.5,,,,23.2
Peter Lake,1984-08-13,2.0,,,,23.2
Peter Lake,1984-08-13,2.5,,,,23.1
Peter Lake,1984-08-13,3.0,,,,23.0
Peter Lake,1984-08-13,3.5,,,,22.6
Peter Lake,1984-08-13,4.0,,,,20.7
Peter Lake,1984-08-13,4.5,,,,17.3
Peter Lake,1984-08-13,5.0,,,,14.7
Peter Lake,1984-08-13,6.0,,,,10.6
Peter Lake,1984-08-13,7.0,,,,7.0
Peter Lake,1984-08-13,8.0,,,,5.7
Peter Lake,1984-08-13,9.0,,,,
Peter Lake,1984-08-13,10.0,,,,4.5
Peter Lake,1984-08-13,12.0,,,,4.1
Peter Lake,1984-08-13,14.0,,,,4.1
Peter Lake,1984-08-13,16.0,,,,4.0
Peter Lake,1984-08-20,0.0,,,,22.5
Peter Lake,1984-08-20,0.25,,,,
Peter Lake,1984-08-20,0.5,,,,22.6
Peter Lake,1984-08-20,0.75,,,,
Peter Lake,1984-08-20,1.0,,,,22.6
Peter Lake,1984-08-20,1.5,,,,22.6
Peter Lake,1984-08-20,2.0,,,,22.6
Peter Lake,1984-08-20,2.5,,,,22.6
Peter Lake,1984-08-20,3.0,,,,22.6
Peter Lake,1984-08-20,3.5,,,,22.6
Peter Lake,1984-08-20,4.0,,,,21.8
Peter Lake,1984-08-20,5.0,,,,15.6
Peter Lake,1984-08-20,6.0,,,,10.4
Peter Lake,1984-08-20,7.0,,,,7.5
Peter Lake,1984-08-20,8.0,,,,5.8
Peter Lake,1984-08-20,9.0,,,,
Peter Lake,1984-08-20,10.0,,,,4.7
Peter Lake,1984-08-20,12.0,,,,4.1
Peter Lake,1984-08-20,14.0,,,,4.1
Peter Lake,1984-08-20,16.0,,,,4.1
Peter Lake,1984-08-27,0.0,,,,20.6
Peter Lake,1984-08-27,0.5,,,,20.6
Peter Lake,1984-08-27,1.0,,,,20.6
Peter Lake,1984-08-27,1.5,,,,20.6
Peter Lake,1984-08-27,2.0,,,,20.6
Peter Lake,1984-08-27,2.5,,,,20.6
Peter Lake,1984-08-27,3.0,,,,20.6
Peter Lake,1984-08-27,3.5,,,,20.6
Peter Lake,1984-08-27,4.0,,,,20.5
Peter Lake,1984-08-27,4.5,,,,19.0
Peter Lake,1984-08-27,5.0,,,,16.2
Peter Lake,1984-08-27,6.0,,,,11.0
Peter Lake,1984-08-27,7.0,,,,8.0
Peter Lake,1984-08-27,8.0,,,,6.0
Peter Lake,1984-08-27,10.0,,,,4.7
Peter Lake,1984-08-27,12.0,,,,4.1
Peter Lake,1984-08-27,14.0,,,,4.0
Peter Lake,1984-08-27,16.0,,,,4.0
Peter Lake,1985-05-17,0.0,,,,14.9
Peter Lake,1985-05-17,1.0,,,,14.8
Peter Lake,1985-05-17,2.0,,,,14.5
Peter Lake,1985-05-17,3.0,,,,9.5
Peter Lake,1985-05-17,4.0,,,,7.0
Peter Lake,1985-05-17,5.0,,,,5.7
Peter Lake,1985-05-17,6.0,,,,4.9
Peter Lake,1985-05-17,7.0,,,,4.5
Peter Lake,1985-05-17,8.0,,,,4.2
Peter Lake,1985-05-17,10.0,,,,4.0
Peter Lake,1985-05-17,12.0,,,,4.0
Peter Lake,1985-05-17,14.0,,,,4.0
Peter Lake,1985-05-21,0.0,,,,14.9
Peter Lake,1985-05-21,0.25,,,,
Peter Lake,1985-05-21,0.5,,,,15.0
Peter Lake,1985-05-21,0.75,,,,
Peter Lake,1985-05-21,1.0,,,,15.0
Peter Lake,1985-05-21,1.5,,,,15.0
Peter Lake,1985-05-21,2.0,,,,14.9
Peter Lake,1985-05-21,2.5,,,,14.2
Peter Lake,1985-05-21,3.0,,,,11.0
Peter Lake,1985-05-21,4.0,,,,7.4
Peter Lake,1985-05-21,5.0,,,,6.0
Peter Lake,1985-05-21,6.0,,,,5.1
Peter Lake,1985-05-21,7.0,,,,4.6
Peter Lake,1985-05-21,8.0,,,,4.3
Peter Lake,1985-05-21,9.0,,,,
Peter Lake,1985-05-21,10.0,,,,4.1
Peter Lake,1985-05-21,12.0,,,,4.0
Peter Lake,1985-05-21,13.0,,,,4.1
Peter Lake,1985-05-28,0.0,,,,16.0
Peter Lake,1985-05-28,0.25,,,,
Peter Lake,1985-05-28,0.5,,,,16.1
Peter Lake,1985-05-28,0.75,,,,
Peter Lake,1985-05-28,1.0,,,,16.1
Peter Lake,1985-05-28,1.5,,,,16.1
Peter Lake,1985-05-28,2.0,,,,16.1
Peter Lake,1985-05-28,2.5,,,,15.3
Peter Lake,1985-05-28,3.0,,,,12.8
Peter Lake,1985-05-28,3.5,,,,10.3
Peter Lake,1985-05-28,4.0,,,,8.4
Peter Lake,1985-05-28,4.5,,,,7.3
Peter Lake,1985-05-28,5.0,,,,6.5
Peter Lake,1985-05-28,6.0,,,,5.5
Peter Lake,1985-05-28,7.0,,,,4.9
Peter Lake,1985-05-28,8.0,,,,4.6
Peter Lake,1985-05-28,9.0,,,,
Peter Lake,1985-05-28,10.0,,,,4.2
Peter Lake,1985-05-28,12.0,,,,4.2
Peter Lake,1985-05-28,14.0,,,,4.1
Peter Lake,1985-06-04,0.0,,,,15.5
Peter Lake,1985-06-04,0.25,,,,
Peter Lake,1985-06-04,0.5,,,,15.9
Peter Lake,1985-06-04,0.75,,,,
Peter Lake,1985-06-04,1.0,,,,15.9
Peter Lake,1985-06-04,1.5,,,,15.9
Peter Lake,1985-06-04,2.0,,,,15.5
Peter Lake,1985-06-04,2.5,,,,15.5
Peter Lake,1985-06-04,3.0,,,,14.8
Peter Lake,1985-06-04,3.5,,,,12.0
Peter Lake,1985-06-04,4.0,,,,9.5
Peter Lake,1985-06-04,5.0,,,,7.2
Peter Lake,1985-06-04,6.0,,,,5.9
Peter Lake,1985-06-04,7.0,,,,5.0
Peter Lake,1985-06-04,8.0,,,,4.9
Peter Lake,1985-06-04,10.0,,,,4.2
Peter Lake,1985-06-04,12.0,,,,4.0
Peter Lake,1985-06-11,0.0,,,,18.2
Peter Lake,1985-06-11,0.25,,,,
Peter Lake,1985-06-11,0.5,,,,18.3
Peter Lake,1985-06-11,0.75,,,,
Peter Lake,1985-06-11,1.0,,,,18.3
Peter Lake,1985-06-11,1.5,,,,18.3
Peter Lake,1985-06-11,2.0,,,,18.3
Peter Lake,1985-06-11,2.5,,,,17.6
Peter Lake,1985-06-11,3.0,,,,15.4
Peter Lake,1985-06-11,3.5,,,,13.0
Peter Lake,1985-06-11,4.0,,,,11.0
Peter Lake,1985-06-11,4.5,,,,8.9
Peter Lake,1985-06-11,5.0,,,,7.6
Peter Lake,1985-06-11,6.0,,,,6.5
Peter Lake,1985-06-11,7.0,,,,5.2
Peter Lake,1985-06-11,8.0,,,,4.9
Peter Lake,1985-06-11,9.0,,,,
Peter Lake,1985-06-11,10.0,,,,4.3
Peter Lake,1985-06-11,11.0,,,,
Peter Lake,1985-06-11,12.0,,,,4.2
Peter Lake,1985-06-11,14.0,,,,4.2
Peter Lake,1985-06-18,0.0,,,,17.9
Peter Lake,1985-06-18,0.5,,,,17.9
Peter Lake,1985-06-18,1.0,,,,17.9
Peter Lake,1985-06-18,1.5,,,,17.9
Peter Lake,1985-06-18,2.0,,,,18.0
Peter Lake,1985-06-18,2.5,,,,17.9
Peter Lake,1985-06-18,3.0,,,,17.2
Peter Lake,1985-06-18,3.5,,,,14.8
Peter Lake,1985-06-18,4.0,,,,11.8
Peter Lake,1985-06-18,5.0,,,,8.4
Peter Lake,1985-06-18,6.0,,,,6.7
Peter Lake,1985-06-18,7.0,,,,5.3
Peter Lake,1985-06-18,8.0,,,,4.9
Peter Lake,1985-06-18,9.0,,,,4.7
Peter Lake,1985-06-18,10.0,,,,4.5
Peter Lake,1985-06-18,11.0,,,,4.3
Peter Lake,1985-06-18,12.0,,,,4.2
Peter Lake,1985-06-25,0.0,,,,18.4
Peter Lake,1985-06-25,0.25,,,,
Peter Lake,1985-06-25,0.5,,,,18.4
Peter Lake,1985-06-25,0.75,,,,
Peter Lake,1985-06-25,1.0,,,,18.5
Peter Lake,1985-06-25,1.5,,,,18.5
Peter Lake,1985-06-25,2.0,,,,18.3
Peter Lake,1985-06-25,2.5,,,,18.0
Peter Lake,1985-06-25,3.0,,,,17.9
Peter Lake,1985-06-25,3.5,,,,17.0
Peter Lake,1985-06-25,4.0,,,,14.1
Peter Lake,1985-06-25,4.5,,,,11.0
Peter Lake,1985-06-25,5.0,,,,9.3
Peter Lake,1985-06-25,5.5,,,,8.2
Peter Lake,1985-06-25,6.0,,,,6.9
Peter Lake,1985-06-25,7.0,,,,5.9
Peter Lake,1985-06-25,8.0,,,,5.1
Peter Lake,1985-06-25,9.0,,,,4.8
Peter Lake,1985-06-25,10.0,,,,4.6
Peter Lake,1985-06-25,11.0,,,,4.4
Peter Lake,1985-06-25,12.0,,,,4.3
Peter Lake,1985-06-25,13.0,,,,4.3
Peter Lake,1985-07-02,0.0,,,,22.5
Peter Lake,1985-07-02,0.25,,,,
Peter Lake,1985-07-02,0.5,,,,22.6
Peter Lake,1985-07-02,0.75,,,,
Peter Lake,1985-07-02,1.0,,,,22.7
Peter Lake,1985-07-02,1.5,,,,22.6
Peter Lake,1985-07-02,2.0,,,,22.1
Peter Lake,1985-07-02,2.5,,,,20.4
Peter Lake,1985-07-02,3.0,,,,19.2
Peter Lake,1985-07-02,3.5,,,,17.1
Peter Lake,1985-07-02,4.0,,,,15.3
Peter Lake,1985-07-02,4.5,,,,
Peter Lake,1985-07-02,5.0,,,,11.2
Peter Lake,1985-07-02,5.5,,,,
Peter Lake,1985-07-02,6.0,,,,8.3
Peter Lake,1985-07-02,6.5,,,,
Peter Lake,1985-07-02,7.0,,,,6.6
Peter Lake,1985-07-02,7.5,,,,
Peter Lake,1985-07-02,8.0,,,,5.7
Peter Lake,1985-07-02,9.0,,,,
Peter Lake,1985-07-02,10.0,,,,4.9
Peter Lake,1985-07-02,11.0,,,,
Peter Lake,1985-07-02,12.0,,,,4.7
Peter Lake,1985-07-09,0.0,,,,22.7
Peter Lake,1985-07-09,0.25,,,,
Peter Lake,1985-07-09,0.5,,,,22.9
Peter Lake,1985-07-09,0.75,,,,
Peter Lake,1985-07-09,1.0,,,,22.9
Peter Lake,1985-07-09,1.5,,,,22.9
Peter Lake,1985-07-09,2.0,,,,22.2
Peter Lake,1985-07-09,2.5,,,,21.9
Peter Lake,1985-07-09,3.0,,,,20.8
Peter Lake,1985-07-09,3.5,,,,17.8
Peter Lake,1985-07-09,4.0,,,,15.4
Peter Lake,1985-07-09,4.5,,,,13.4
Peter Lake,1985-07-09,5.0,,,,11.3
Peter Lake,1985-07-09,6.0,,,,8.9
Peter Lake,1985-07-09,7.0,,,,6.9
Peter Lake,1985-07-09,8.0,,,,5.7
Peter Lake,1985-07-09,10.0,,,,4.9
Peter Lake,1985-07-09,12.0,,,,4.5
Peter Lake,1985-07-16,0.0,,,,21.0
Peter Lake,1985-07-16,0.25,,,,
Peter Lake,1985-07-16,0.5,,,,21.0
Peter Lake,1985-07-16,0.75,,,,
Peter Lake,1985-07-16,1.0,,,,21.1
Peter Lake,1985-07-16,1.5,,,,21.2
Peter Lake,1985-07-16,2.0,,,,21.3
Peter Lake,1985-07-16,2.5,,,,21.3
Peter Lake,1985-07-16,3.0,,,,21.2
Peter Lake,1985-07-16,3.5,,,,19.2
Peter Lake,1985-07-16,4.0,,,,16.0
Peter Lake,1985-07-16,5.0,,,,12.0
Peter Lake,1985-07-16,6.0,,,,9.0
Peter Lake,1985-07-16,7.0,,,,7.0
Peter Lake,1985-07-16,8.0,,,,6.0
Peter Lake,1985-07-16,10.0,,,,5.0
Peter Lake,1985-07-16,12.0,,,,4.5
Peter Lake,1985-07-23,0.0,,,,21.7
Peter Lake,1985-07-23,0.25,,,,
Peter Lake,1985-07-23,0.5,,,,21.7
Peter Lake,1985-07-23,0.75,,,,
Peter Lake,1985-07-23,1.0,,,,21.7
Peter Lake,1985-07-23,1.5,,,,21.7
Peter Lake,1985-07-23,2.0,,,,21.7
Peter Lake,1985-07-23,2.5,,,,21.7
Peter Lake,1985-07-23,3.0,,,,21.7
Peter Lake,1985-07-23,3.5,,,,19.3
Peter Lake,1985-07-23,4.0,,,,17.4
Peter Lake,1985-07-23,4.5,,,,13.6
Peter Lake,1985-07-23,5.0,,,,11.9
Peter Lake,1985-07-23,5.5,,,,9.9
Peter Lake,1985-07-23,6.0,,,,8.5
Peter Lake,1985-07-23,6.5,,,,
Peter Lake,1985-07-23,7.0,,,,6.8
Peter Lake,1985-07-23,8.0,,,,5.8
Peter Lake,1985-07-23,9.0,,,,
Peter Lake,1985-07-23,10.0,,,,4.9
Peter Lake,1985-07-23,12.0,,,,4.6
Peter Lake,1985-07-23,14.0,,,,4.5
Peter Lake,1985-07-23,16.0,,,,4.4
Peter Lake,1985-07-30,0.0,,,,22.0
Peter Lake,1985-07-30,0.25,,,,
Peter Lake,1985-07-30,0.5,,,,22.2
Peter Lake,1985-07-30,0.75,,,,
Peter Lake,1985-07-30,1.0,,,,22.3
Peter Lake,1985-07-30,1.5,,,,22.3
Peter Lake,1985-07-30,2.0,,,,22.3
Peter Lake,1985-07-30,2.5,,,,22.3
Peter Lake,1985-07-30,3.0,,,,22.0
Peter Lake,1985-07-30,3.5,,,,20.3
Peter Lake,1985-07-30,4.0,,,,17.4
Peter Lake,1985-07-30,4.5,,,,14.6
Peter Lake,1985-07-30,5.0,,,,12.1
Peter Lake,1985-07-30,5.5,,,,
Peter Lake,1985-07-30,6.0,,,,9.0
Peter Lake,1985-07-30,6.5,,,,
Peter Lake,1985-07-30,7.0,,,,7.2
Peter Lake,1985-07-30,8.0,,,,6.3
Peter Lake,1985-07-30,9.0,,,,
Peter Lake,1985-07-30,10.0,,,,5.0
Peter Lake,1985-07-30,12.0,,,,4.7
Peter Lake,1985-07-30,14.0,,,,4.6
Peter Lake,1985-08-06,0.0,,,,23.0
Peter Lake,1985-08-06,0.25,,,,
Peter Lake,1985-08-06,0.5,,,,23.0
Peter Lake,1985-08-06,0.75,,,,
Peter Lake,1985-08-06,1.0,,,,23.0
Peter Lake,1985-08-06,1.5,,,,22.9
Peter Lake,1985-08-06,2.0,,,,23.0
Peter Lake,1985-08-06,2.5,,,,23.0
Peter Lake,1985-08-06,3.0,,,,22.5
Peter Lake,1985-08-06,3.5,,,,21.0
Peter Lake,1985-08-06,4.0,,,,18.5
Peter Lake,1985-08-06,4.5,,,,15.9
Peter Lake,1985-08-06,5.0,,,,12.5
Peter Lake,1985-08-06,6.0,,,,9.0
Peter Lake,1985-08-06,6.5,,,,
Peter Lake,1985-08-06,7.0,,,,7.2
Peter Lake,1985-08-06,8.0,,,,6.0
Peter Lake,1985-08-06,10.0,,,,5.0
Peter Lake,1985-08-06,12.0,,,,4.8
Peter Lake,1985-08-13,0.0,,,,20.1
Peter Lake,1985-08-13,0.25,,,,
Peter Lake,1985-08-13,0.5,,,,20.1
Peter Lake,1985-08-13,0.75,,,,
Peter Lake,1985-08-13,1.0,,,,20.1
Peter Lake,1985-08-13,1.5,,,,20.1
Peter Lake,1985-08-13,2.0,,,,20.1
Peter Lake,1985-08-13,2.5,,,,20.1
Peter Lake,1985-08-13,3.0,,,,20.1
Peter Lake,1985-08-13,3.5,,,,20.1
Peter Lake,1985-08-13,4.0,,,,20.0
Peter Lake,1985-08-13,4.5,,,,16.0
Peter Lake,1985-08-13,5.0,,,,13.2
Peter Lake,1985-08-13,6.0,,,,9.5
Peter Lake,1985-08-13,7.0,,,,7.3
Peter Lake,1985-08-13,8.0,,,,6.2
Peter Lake,1985-08-13,10.0,,,,5.0
Peter Lake,1985-08-13,12.0,,,,4.9
Peter Lake,1985-08-20,0.0,,,,18.2
Peter Lake,1985-08-20,0.25,,,,
Peter Lake,1985-08-20,0.5,,,,18.2
Peter Lake,1985-08-20,0.75,,,,
Peter Lake,1985-08-20,1.0,,,,18.2
Peter Lake,1985-08-20,1.5,,,,18.2
Peter Lake,1985-08-20,2.0,,,,18.2
Peter Lake,1985-08-20,2.5,,,,18.2
Peter Lake,1985-08-20,3.0,,,,18.2
Peter Lake,1985-08-20,3.5,,,,18.2
Peter Lake,1985-08-20,4.0,,,,18.2
Peter Lake,1985-08-20,4.5,,,,17.1
Peter Lake,1985-08-20,5.0,,,,14.0
Peter Lake,1985-08-20,5.5,,,,
Peter Lake,1985-08-20,6.0,,,,10.0
Peter Lake,1985-08-20,6.5,,,,
Peter Lake,1985-08-20,7.0,,,,7.5
Peter Lake,1985-08-20,8.0,,,,6.0
Peter Lake,1985-08-20,9.0,,,,5.1
Peter Lake,1985-08-20,10.0,,,,4.9
Peter Lake,1985-08-20,12.0,,,,4.5
Peter Lake,1985-08-20,14.0,,,,4.4
Peter Lake,1985-08-27,0.0,,,,18.4
Peter Lake,1985-08-27,0.25,,,,
Peter Lake,1985-08-27,0.5,,,,18.5
Peter Lake,1985-08-27,0.75,,,,
Peter Lake,1985-08-27,1.0,,,,18.5
Peter Lake,1985-08-27,1.5,,,,18.3
Peter Lake,1985-08-27,2.0,,,,18.0
Peter Lake,1985-08-27,2.5,,,,17.9
Peter Lake,1985-08-27,3.0,,,,17.7
Peter Lake,1985-08-27,3.5,,,,17.6
Peter Lake,1985-08-27,4.0,,,,17.4
Peter Lake,1985-08-27,4.5,,,,17.1
Peter Lake,1985-08-27,5.0,,,,14.7
Peter Lake,1985-08-27,5.5,,,,
Peter Lake,1985-08-27,6.0,,,,10.1
Peter Lake,1985-08-27,6.5,,,,
Peter Lake,1985-08-27,7.0,,,,7.9
Peter Lake,1985-08-27,7.5,,,,
Peter Lake,1985-08-27,8.0,,,,6.3
Peter Lake,1985-08-27,10.0,,,,5.2
Peter Lake,1985-08-27,12.0,,,,4.8
Peter Lake,1985-08-27,14.0,,,,4.6
Peter Lake,1985-09-03,0.0,,,,18.4
Peter Lake,1985-09-03,0.25,,,,
Peter Lake,1985-09-03,0.5,,,,18.3
Peter Lake,1985-09-03,0.75,,,,
Peter Lake,1985-09-03,1.0,,,,18.3
Peter Lake,1985-09-03,1.5,,,,18.3
Peter Lake,1985-09-03,2.0,,,,18.3
Peter Lake,1985-09-03,2.5,,,,18.2
Peter Lake,1985-09-03,3.0,,,,18.2
Peter Lake,1985-09-03,3.5,,,,18.2
Peter Lake,1985-09-03,4.0,,,,18.1
Peter Lake,1985-09-03,4.5,,,,16.4
Peter Lake,1985-09-03,5.0,,,,14.7
Peter Lake,1985-09-03,5.5,,,,
Peter Lake,1985-09-03,6.0,,,,10.4
Peter Lake,1985-09-03,6.5,,,,
Peter Lake,1985-09-03,7.0,,,,7.8
Peter Lake,1985-09-03,8.0,,,,6.4
Peter Lake,1985-09-03,10.0,,,,5.0
Peter Lake,1985-09-03,12.0,,,,4.3
Peter Lake,1985-09-03,14.0,,,,4.2
Peter Lake,1985-09-17,0.0,,,,16.3
Peter Lake,1985-09-17,0.25,,,,
Peter Lake,1985-09-17,0.5,,,,16.4
Peter Lake,1985-09-17,0.75,,,,
Peter Lake,1985-09-17,1.0,,,,16.4
Peter Lake,1985-09-17,1.5,,,,16.4
Peter Lake,1985-09-17,2.0,,,,16.4
Peter Lake,1985-09-17,2.5,,,,16.4
Peter Lake,1985-09-17,3.0,,,,16.4
Peter Lake,1985-09-17,3.5,,,,16.4
Peter Lake,1985-09-17,4.0,,,,16.4
Peter Lake,1985-09-17,4.5,,,,16.2
Peter Lake,1985-09-17,5.0,,,,15.7
Peter Lake,1985-09-17,5.5,,,,12.8
Peter Lake,1985-09-17,6.0,,,,10.9
Peter Lake,1985-09-17,6.5,,,,
Peter Lake,1985-09-17,7.0,,,,7.9
Peter Lake,1985-09-17,7.5,,,,
Peter Lake,1985-09-17,8.0,,,,6.4
Peter Lake,1985-09-17,10.0,,,,5.0
Peter Lake,1985-09-17,12.0,,,,4.6
Peter Lake,1986-05-27,0.0,,,,18.2
Peter Lake,1986-05-27,0.25,,,,
Peter Lake,1986-05-27,0.5,,,,18.1
Peter Lake,1986-05-27,0.75,,,,
Peter Lake,1986-05-27,1.0,,,,18.0
Peter Lake,1986-05-27,1.5,,,,17.8
Peter Lake,1986-05-27,2.0,,,,17.1
Peter Lake,1986-05-27,2.5,,,,16.5
Peter Lake,1986-05-27,3.0,,,,15.0
Peter Lake,1986-05-27,3.5,,,,12.3
Peter Lake,1986-05-27,4.0,,,,11.0
Peter Lake,1986-05-27,4.5,,,,9.0
Peter Lake,1986-05-27,5.0,,,,7.8
Peter Lake,1986-05-27,5.5,,,,
Peter Lake,1986-05-27,6.0,,,,6.1
Peter Lake,1986-05-27,7.0,,,,5.5
Peter Lake,1986-05-27,8.0,,,,5.0
Peter Lake,1986-05-27,9.0,,,,4.8
Peter Lake,1986-05-27,10.0,,,,4.6
Peter Lake,1986-05-27,12.0,,,,4.5
Peter Lake,1986-05-27,14.0,,,,4.2
Peter Lake,1986-05-27,16.0,,,,4.2
Peter Lake,1986-06-03,0.0,,,,18.1
Peter Lake,1986-06-03,0.25,,,,
Peter Lake,1986-06-03,0.5,,,,18.1
Peter Lake,1986-06-03,0.75,,,,
Peter Lake,1986-06-03,1.0,,,,18.1
Peter Lake,1986-06-03,1.5,,,,18.2
Peter Lake,1986-06-03,2.0,,,,18.2
Peter Lake,1986-06-03,2.5,,,,18.2
Peter Lake,1986-06-03,3.0,,,,16.5
Peter Lake,1986-06-03,3.5,,,,14.0
Peter Lake,1986-06-03,4.0,,,,12.5
Peter Lake,1986-06-03,4.5,,,,8.8
Peter Lake,1986-06-03,5.0,,,,8.3
Peter Lake,1986-06-03,5.5,,,,7.2
Peter Lake,1986-06-03,6.0,,,,6.2
Peter Lake,1986-06-03,6.5,,,,
Peter Lake,1986-06-03,7.0,,,,5.5
Peter Lake,1986-06-03,8.0,,,,5.0
Peter Lake,1986-06-03,10.0,,,,4.7
Peter Lake,1986-06-03,12.0,,,,4.2
Peter Lake,1986-06-10,0.0,,,,19.5
Peter Lake,1986-06-10,0.25,,,,
Peter Lake,1986-06-10,0.5,,,,19.5
Peter Lake,1986-06-10,0.75,,,,
Peter Lake,1986-06-10,1.0,,,,19.5
Peter Lake,1986-06-10,1.5,,,,19.5
Peter Lake,1986-06-10,2.0,,,,19.5
Peter Lake,1986-06-10,2.5,,,,19.2
Peter Lake,1986-06-10,3.0,,,,18.0
Peter Lake,1986-06-10,3.5,,,,15.5
Peter Lake,1986-06-10,4.0,,,,13.0
Peter Lake,1986-06-10,4.5,,,,11.3
Peter Lake,1986-06-10,5.0,,,,10.0
Peter Lake,1986-06-10,5.5,,,,8.1
Peter Lake,1986-06-10,6.0,,,,7.2
Peter Lake,1986-06-10,7.0,,,,6.0
Peter Lake,1986-06-10,8.0,,,,5.2
Peter Lake,1986-06-10,10.0,,,,4.9
Peter Lake,1986-06-10,12.0,,,,4.8
Peter Lake,1986-06-17,0.0,,,,19.1
Peter Lake,1986-06-17,0.25,,,,
Peter Lake,1986-06-17,0.5,,,,19.0
Peter Lake,1986-06-17,0.75,,,,
Peter Lake,1986-06-17,1.0,,,,19.0
Peter Lake,1986-06-17,1.5,,,,18.9
Peter Lake,1986-06-17,2.0,,,,18.8
Peter Lake,1986-06-17,2.5,,,,18.8
Peter Lake,1986-06-17,3.0,,,,18.7
Peter Lake,1986-06-17,3.5,,,,16.9
Peter Lake,1986-06-17,4.0,,,,14.8
Peter Lake,1986-06-17,4.5,,,,12.8
Peter Lake,1986-06-17,5.0,,,,10.6
Peter Lake,1986-06-17,5.5,,,,8.8
Peter Lake,1986-06-17,6.0,,,,7.9
Peter Lake,1986-06-17,6.5,,,,6.8
Peter Lake,1986-06-17,7.0,,,,6.7
Peter Lake,1986-06-17,7.5,,,,6.0
Peter Lake,1986-06-17,8.0,,,,5.8
Peter Lake,1986-06-17,10.0,,,,5.2
Peter Lake,1986-06-17,12.0,,,,4.9
Peter Lake,1986-06-24,0.0,,,,21.7
Peter Lake,1986-06-24,0.25,,,,
Peter Lake,1986-06-24,0.5,,,,21.1
Peter Lake,1986-06-24,0.75,,,,
Peter Lake,1986-06-24,1.0,,,,20.9
Peter Lake,1986-06-24,1.5,,,,20.6
Peter Lake,1986-06-24,2.0,,,,20.4
Peter Lake,1986-06-24,2.5,,,,20.2
Peter Lake,1986-06-24,3.0,,,,20.1
Peter Lake,1986-06-24,3.5,,,,18.2
Peter Lake,1986-06-24,4.0,,,,15.9
Peter Lake,1986-06-24,4.5,,,,13.6
Peter Lake,1986-06-24,5.0,,,,10.7
Peter Lake,1986-06-24,5.5,,,,9.1
Peter Lake,1986-06-24,6.0,,,,8.2
Peter Lake,1986-06-24,6.5,,,,
Peter Lake,1986-06-24,7.0,,,,6.5
Peter Lake,1986-06-24,7.5,,,,
Peter Lake,1986-06-24,8.0,,,,5.6
Peter Lake,1986-06-24,8.5,,,,
Peter Lake,1986-06-24,10.0,,,,5.1
Peter Lake,1986-07-01,0.0,,,,21.3
Peter Lake,1986-07-01,0.25,,,,
Peter Lake,1986-07-01,0.5,,,,21.3
Peter Lake,1986-07-01,0.75,,,,
Peter Lake,1986-07-01,1.0,,,,21.3
Peter Lake,1986-07-01,1.5,,,,21.3
Peter Lake,1986-07-01,2.0,,,,21.3
Peter Lake,1986-07-01,2.5,,,,21.3
Peter Lake,1986-07-01,3.0,,,,21.0
Peter Lake,1986-07-01,3.5,,,,19.3
Peter Lake,1986-07-01,4.0,,,,16.8
Peter Lake,1986-07-01,4.5,,,,14.0
Peter Lake,1986-07-01,5.0,,,,11.2
Peter Lake,1986-07-01,5.5,,,,
Peter Lake,1986-07-01,6.0,,,,8.2
Peter Lake,1986-07-01,6.5,,,,
Peter Lake,1986-07-01,7.0,,,,6.1
Peter Lake,1986-07-01,7.5,,,,
Peter Lake,1986-07-01,8.0,,,,5.2
Peter Lake,1986-07-01,8.5,,,,
Peter Lake,1986-07-01,10.0,,,,4.7
Peter Lake,1986-07-08,0.0,,,,24.1
Peter Lake,1986-07-08,0.25,,,,
Peter Lake,1986-07-08,0.5,,,,24.2
Peter Lake,1986-07-08,0.75,,,,
Peter Lake,1986-07-08,1.0,,,,24.2
Peter Lake,1986-07-08,1.5,,,,24.2
Peter Lake,1986-07-08,2.0,,,,23.8
Peter Lake,1986-07-08,2.5,,,,23.1
Peter Lake,1986-07-08,3.0,,,,22.0
Peter Lake,1986-07-08,3.5,,,,20.5
Peter Lake,1986-07-08,4.0,,,,17.0
Peter Lake,1986-07-08,4.5,,,,14.9
Peter Lake,1986-07-08,5.0,,,,11.5
Peter Lake,1986-07-08,5.5,,,,10.3
Peter Lake,1986-07-08,6.0,,,,8.6
Peter Lake,1986-07-08,6.5,,,,7.5
Peter Lake,1986-07-08,7.0,,,,6.5
Peter Lake,1986-07-08,7.5,,,,5.9
Peter Lake,1986-07-08,8.0,,,,5.8
Peter Lake,1986-07-08,10.0,,,,4.9
Peter Lake,1986-07-15,0.0,,,,20.2
Peter Lake,1986-07-15,0.25,,,,
Peter Lake,1986-07-15,0.5,,,,20.2
Peter Lake,1986-07-15,0.75,,,,
Peter Lake,1986-07-15,1.0,,,,20.2
Peter Lake,1986-07-15,1.5,,,,20.2
Peter Lake,1986-07-15,2.0,,,,20.1
Peter Lake,1986-07-15,2.5,,,,20.1
Peter Lake,1986-07-15,3.0,,,,20.0
Peter Lake,1986-07-15,3.5,,,,19.9
Peter Lake,1986-07-15,4.0,,,,18.3
Peter Lake,1986-07-15,4.5,,,,15.3
Peter Lake,1986-07-15,5.0,,,,13.0
Peter Lake,1986-07-15,5.5,,,,10.9
Peter Lake,1986-07-15,6.0,,,,8.3
Peter Lake,1986-07-15,6.5,,,,7.3
Peter Lake,1986-07-15,7.0,,,,6.7
Peter Lake,1986-07-15,7.5,,,,
Peter Lake,1986-07-15,8.0,,,,5.7
Peter Lake,1986-07-15,10.0,,,,4.8
Peter Lake,1986-07-22,0.0,,,,23.0
Peter Lake,1986-07-22,0.25,,,,
Peter Lake,1986-07-22,0.5,,,,23.0
Peter Lake,1986-07-22,0.75,,,,
Peter Lake,1986-07-22,1.0,,,,23.0
Peter Lake,1986-07-22,1.5,,,,23.0
Peter Lake,1986-07-22,2.0,,,,23.0
Peter Lake,1986-07-22,2.5,,,,22.2
Peter Lake,1986-07-22,3.0,,,,21.5
Peter Lake,1986-07-22,3.5,,,,20.8
Peter Lake,1986-07-22,4.0,,,,18.3
Peter Lake,1986-07-22,4.5,,,,15.6
Peter Lake,1986-07-22,5.0,,,,13.7
Peter Lake,1986-07-22,5.5,,,,
Peter Lake,1986-07-22,6.0,,,,9.6
Peter Lake,1986-07-22,6.5,,,,
Peter Lake,1986-07-22,7.0,,,,7.0
Peter Lake,1986-07-22,7.5,,,,
Peter Lake,1986-07-22,8.0,,,,6.0
Peter Lake,1986-07-22,10.0,,,,5.0
Peter Lake,1986-07-22,12.0,,,,4.8
Peter Lake,1986-07-29,0.0,,,,24.0
Peter Lake,1986-07-29,0.25,,,,
Peter Lake,1986-07-29,0.5,,,,23.9
Peter Lake,1986-07-29,0.75,,,,
Peter Lake,1986-07-29,1.0,,,,23.9
Peter Lake,1986-07-29,1.5,,,,23.9
Peter Lake,1986-07-29,2.0,,,,23.9
Peter Lake,1986-07-29,2.5,,,,23.8
Peter Lake,1986-07-29,3.0,,,,23.7
Peter Lake,1986-07-29,3.5,,,,21.8
Peter Lake,1986-07-29,4.0,,,,19.9
Peter Lake,1986-07-29,4.5,,,,17.4
Peter Lake,1986-07-29,5.0,,,,15.2
Peter Lake,1986-07-29,5.5,,,,12.5
Peter Lake,1986-07-29,6.0,,,,10.8
Peter Lake,1986-07-29,6.5,,,,8.7
Peter Lake,1986-07-29,7.0,,,,7.4
Peter Lake,1986-07-29,8.0,,,,6.1
Peter Lake,1986-07-29,10.0,,,,5.1
Peter Lake,1986-07-29,12.0,,,,4.7
Peter Lake,1986-08-05,0.0,,,,22.8
Peter Lake,1986-08-05,0.25,,,,
Peter Lake,1986-08-05,0.5,,,,22.8
Peter Lake,1986-08-05,0.75,,,,
Peter Lake,1986-08-05,1.0,,,,22.8
Peter Lake,1986-08-05,1.5,,,,22.8
Peter Lake,1986-08-05,2.0,,,,22.8
Peter Lake,1986-08-05,2.5,,,,22.8
Peter Lake,1986-08-05,3.0,,,,22.7
Peter Lake,1986-08-05,3.5,,,,22.5
Peter Lake,1986-08-05,4.0,,,,20.9
Peter Lake,1986-08-05,4.5,,,,17.9
Peter Lake,1986-08-05,5.0,,,,16.0
Peter Lake,1986-08-05,5.5,,,,12.9
Peter Lake,1986-08-05,6.0,,,,10.4
Peter Lake,1986-08-05,6.5,,,,
Peter Lake,1986-08-05,7.0,,,,8.0
Peter Lake,1986-08-05,7.5,,,,
Peter Lake,1986-08-05,8.0,,,,6.8
Peter Lake,1986-08-05,10.0,,,,5.9
Peter Lake,1986-08-05,12.0,,,,4.9
Peter Lake,1986-08-12,0.0,,,,21.1
Peter Lake,1986-08-12,0.25,,,,
Peter Lake,1986-08-12,0.5,,,,21.1
Peter Lake,1986-08-12,0.75,,,,
Peter Lake,1986-08-12,1.0,,,,21.1
Peter Lake,1986-08-12,1.5,,,,21.1
Peter Lake,1986-08-12,2.0,,,,21.1
Peter Lake,1986-08-12,2.5,,,,21.0
Peter Lake,1986-08-12,3.0,,,,21.0
Peter Lake,1986-08-12,3.5,,,,21.0
Peter Lake,1986-08-12,4.0,,,,20.9
Peter Lake,1986-08-12,4.5,,,,19.4
Peter Lake,1986-08-12,5.0,,,,15.5
Peter Lake,1986-08-12,5.5,,,,13.8
Peter Lake,1986-08-12,6.0,,,,12.0
Peter Lake,1986-08-12,6.5,,,,9.8
Peter Lake,1986-08-12,7.0,,,,8.6
Peter Lake,1986-08-12,8.0,,,,6.9
Peter Lake,1986-08-12,10.0,,,,5.3
Peter Lake,1986-08-12,12.0,,,,5.0
Peter Lake,1986-08-19,0.0,,,,21.7
Peter Lake,1986-08-19,0.25,,,,
Peter Lake,1986-08-19,0.5,,,,21.7
Peter Lake,1986-08-19,0.75,,,,
Peter Lake,1986-08-19,1.0,,,,21.7
Peter Lake,1986-08-19,1.5,,,,21.6
Peter Lake,1986-08-19,2.0,,,,21.6
Peter Lake,1986-08-19,2.5,,,,21.6
Peter Lake,1986-08-19,3.0,,,,21.5
Peter Lake,1986-08-19,3.5,,,,21.3
Peter Lake,1986-08-19,4.0,,,,21.1
Peter Lake,1986-08-19,4.5,,,,19.6
Peter Lake,1986-08-19,5.0,,,,17.0
Peter Lake,1986-08-19,5.5,,,,13.9
Peter Lake,1986-08-19,6.0,,,,11.7
Peter Lake,1986-08-19,6.5,,,,9.9
Peter Lake,1986-08-19,7.0,,,,8.5
Peter Lake,1986-08-19,8.0,,,,6.9
Peter Lake,1986-08-19,10.0,,,,5.5
Peter Lake,1986-08-19,12.0,,,,4.9
Peter Lake,1986-08-26,0.0,,,,19.6
Peter Lake,1986-08-26,0.25,,,,
Peter Lake,1986-08-26,0.5,,,,19.6
Peter Lake,1986-08-26,0.75,,,,
Peter Lake,1986-08-26,1.0,,,,19.6
Peter Lake,1986-08-26,1.5,,,,19.6
Peter Lake,1986-08-26,2.0,,,,19.6
Peter Lake,1986-08-26,2.5,,,,19.6
Peter Lake,1986-08-26,3.0,,,,19.6
Peter Lake,1986-08-26,3.5,,,,19.6
Peter Lake,1986-08-26,4.0,,,,19.6
Peter Lake,1986-08-26,4.5,,,,19.3
Peter Lake,1986-08-26,5.0,,,,17.1
Peter Lake,1986-08-26,5.5,,,,14.2
Peter Lake,1986-08-26,6.0,,,,12.2
Peter Lake,1986-08-26,6.5,,,,9.8
Peter Lake,1986-08-26,7.0,,,,8.5
Peter Lake,1986-08-26,7.5,,,,7.5
Peter Lake,1986-08-26,8.0,,,,6.9
Peter Lake,1986-08-26,10.0,,,,5.5
Peter Lake,1986-08-26,12.0,,,,4.9
Peter Lake,1986-09-02,0.0,,,,19.0
Peter Lake,1986-09-02,0.25,,,,
Peter Lake,1986-09-02,0.5,,,,19.1
Peter Lake,1986-09-02,0.75,,,,
Peter Lake,1986-09-02,1.0,,,,19.0
Peter Lake,1986-09-02,1.5,,,,18.9
Peter Lake,1986-09-02,2.0,,,,18.8
Peter Lake,1986-09-02,2.5,,,,18.3
Peter Lake,1986-09-02,3.0,,,,18.1
Peter Lake,1986-09-02,3.5,,,,18.0
Peter Lake,1986-09-02,4.0,,,,18.0
Peter Lake,1986-09-02,4.5,,,,17.8
Peter Lake,1986-09-02,5.0,,,,17.1
Peter Lake,1986-09-02,5.5,,,,15.0
Peter Lake,1986-09-02,6.0,,,,11.8
Peter Lake,1986-09-02,6.5,,,,9.9
Peter Lake,1986-09-02,7.0,,,,8.9
Peter Lake,1986-09-02,7.5,,,,
Peter Lake,1986-09-02,8.0,,,,6.9
Peter Lake,1986-09-02,8.5,,,,
Peter Lake,1986-09-02,10.0,,,,5.4
Peter Lake,1986-09-02,12.0,,,,5.0
Peter Lake,1987-05-10,0.0,,,,16.5
Peter Lake,1987-05-10,0.5,,,,16.5
Peter Lake,1987-05-10,1.0,,,,16.1
Peter Lake,1987-05-10,1.5,,,,16.0
Peter Lake,1987-05-10,2.0,,,,15.5
Peter Lake,1987-05-10,2.5,,,,12.5
Peter Lake,1987-05-10,3.0,,,,10.0
Peter Lake,1987-05-10,3.5,,,,9.0
Peter Lake,1987-05-10,4.0,,,,8.2
Peter Lake,1987-05-10,4.5,,,,7.5
Peter Lake,1987-05-10,5.0,,,,6.8
Peter Lake,1987-05-10,5.5,,,,6.0
Peter Lake,1987-05-10,6.0,,,,5.8
Peter Lake,1987-05-10,6.5,,,,5.5
Peter Lake,1987-05-10,7.0,,,,5.2
Peter Lake,1987-05-10,7.5,,,,5.0
Peter Lake,1987-05-10,8.0,,,,4.9
Peter Lake,1987-05-10,9.0,,,,4.9
Peter Lake,1987-05-10,10.0,,,,4.9
Peter Lake,1987-05-10,11.0,,,,4.8
Peter Lake,1987-05-10,12.0,,,,4.5
Peter Lake,1987-05-25,0.0,,,,16.6
Peter Lake,1987-05-25,0.25,,,,
Peter Lake,1987-05-25,0.5,,,,16.8
Peter Lake,1987-05-25,0.75,,,,
Peter Lake,1987-05-25,1.0,,,,16.8
Peter Lake,1987-05-25,1.5,,,,16.8
Peter Lake,1987-05-25,2.0,,,,16.2
Peter Lake,1987-05-25,2.5,,,,15.5
Peter Lake,1987-05-25,3.0,,,,14.0
Peter Lake,1987-05-25,3.5,,,,12.4
Peter Lake,1987-05-25,4.0,,,,10.7
Peter Lake,1987-05-25,4.5,,,,9.2
Peter Lake,1987-05-25,5.0,,,,8.0
Peter Lake,1987-05-25,5.5,,,,7.4
Peter Lake,1987-05-25,6.0,,,,6.7
Peter Lake,1987-05-25,6.5,,,,6.2
Peter Lake,1987-05-25,7.0,,,,5.7
Peter Lake,1987-05-25,7.5,,,,5.4
Peter Lake,1987-05-25,8.0,,,,5.1
Peter Lake,1987-05-25,9.0,,,,4.9
Peter Lake,1987-05-25,10.0,,,,4.7
Peter Lake,1987-05-25,12.0,,,,4.6
Peter Lake,1987-05-26,0.0,,,,14.7
Peter Lake,1987-05-26,0.25,,,,
Peter Lake,1987-05-26,0.5,,,,14.7
Peter Lake,1987-05-26,0.75,,,,
Peter Lake,1987-05-26,1.0,,,,14.7
Peter Lake,1987-05-26,1.5,,,,14.8
Peter Lake,1987-05-26,2.0,,,,14.5
Peter Lake,1987-05-26,2.5,,,,14.2
Peter Lake,1987-05-26,3.0,,,,14.0
Peter Lake,1987-05-26,3.5,,,,13.7
Peter Lake,1987-05-26,4.0,,,,11.5
Peter Lake,1987-05-26,4.5,,,,10.0
Peter Lake,1987-05-26,5.0,,,,8.8
Peter Lake,1987-05-26,5.5,,,,7.9
Peter Lake,1987-05-26,6.0,,,,6.8
Peter Lake,1987-05-26,7.0,,,,5.7
Peter Lake,1987-05-26,8.0,,,,5.0
Peter Lake,1987-05-26,9.0,,,,4.9
Peter Lake,1987-05-26,10.0,,,,4.9
Peter Lake,1987-06-01,0.0,,,,22.7
Peter Lake,1987-06-01,0.25,,,,
Peter Lake,1987-06-01,0.5,,,,22.7
Peter Lake,1987-06-01,0.75,,,,
Peter Lake,1987-06-01,1.0,,,,22.5
Peter Lake,1987-06-01,1.5,,,,21.2
Peter Lake,1987-06-01,2.0,,,,19.3
Peter Lake,1987-06-01,2.5,,,,18.0
Peter Lake,1987-06-01,3.0,,,,16.0
Peter Lake,1987-06-01,3.5,,,,14.0
Peter Lake,1987-06-01,4.0,,,,11.8
Peter Lake,1987-06-01,4.5,,,,10.5
Peter Lake,1987-06-01,5.0,,,,9.3
Peter Lake,1987-06-01,5.5,,,,8.2
Peter Lake,1987-06-01,6.0,,,,7.2
Peter Lake,1987-06-01,6.5,,,,6.6
Peter Lake,1987-06-01,7.0,,,,6.1
Peter Lake,1987-06-01,7.5,,,,5.8
Peter Lake,1987-06-01,8.0,,,,5.4
Peter Lake,1987-06-01,9.0,,,,5.0
Peter Lake,1987-06-01,10.0,,,,4.8
Peter Lake,1987-06-01,12.0,,,,4.6
Peter Lake,1987-06-02,0.0,,,,21.8
Peter Lake,1987-06-02,0.25,,,,
Peter Lake,1987-06-02,0.5,,,,21.9
Peter Lake,1987-06-02,0.75,,,,
Peter Lake,1987-06-02,1.0,,,,21.8
Peter Lake,1987-06-02,1.5,,,,20.3
Peter Lake,1987-06-02,2.0,,,,17.5
Peter Lake,1987-06-02,2.5,,,,16.5
Peter Lake,1987-06-02,3.0,,,,15.5
Peter Lake,1987-06-02,3.5,,,,14.4
Peter Lake,1987-06-02,4.0,,,,12.8
Peter Lake,1987-06-02,4.5,,,,11.0
Peter Lake,1987-06-02,5.0,,,,8.9
Peter Lake,1987-06-02,5.5,,,,8.0
Peter Lake,1987-06-02,6.0,,,,7.0
Peter Lake,1987-06-02,6.5,,,,6.2
Peter Lake,1987-06-02,7.0,,,,5.4
Peter Lake,1987-06-02,7.5,,,,
Peter Lake,1987-06-02,8.0,,,,5.1
Peter Lake,1987-06-02,10.0,,,,4.9
Peter Lake,1987-06-02,12.0,,,,4.7
Peter Lake,1987-06-08,0.0,,,,23.7
Peter Lake,1987-06-08,0.25,,,,
Peter Lake,1987-06-08,0.5,,,,23.6
Peter Lake,1987-06-08,0.75,,,,
Peter Lake,1987-06-08,1.0,,,,23.4
Peter Lake,1987-06-08,1.5,,,,23.2
Peter Lake,1987-06-08,2.0,,,,22.0
Peter Lake,1987-06-08,2.5,,,,19.9
Peter Lake,1987-06-08,3.0,,,,18.1
Peter Lake,1987-06-08,3.5,,,,16.0
Peter Lake,1987-06-08,4.0,,,,13.2
Peter Lake,1987-06-08,4.5,,,,11.5
Peter Lake,1987-06-08,5.0,,,,9.8
Peter Lake,1987-06-08,5.5,,,,8.4
Peter Lake,1987-06-08,6.0,,,,7.6
Peter Lake,1987-06-08,6.5,,,,6.6
Peter Lake,1987-06-08,7.0,,,,6.3
Peter Lake,1987-06-08,7.5,,,,5.9
Peter Lake,1987-06-08,8.0,,,,5.6
Peter Lake,1987-06-08,10.0,,,,4.9
Peter Lake,1987-06-08,12.0,,,,4.6
Peter Lake,1987-06-09,0.0,,,,18.9
Peter Lake,1987-06-09,0.25,,,,
Peter Lake,1987-06-09,0.5,,,,18.9
Peter Lake,1987-06-09,0.75,,,,
Peter Lake,1987-06-09,1.0,,,,18.8
Peter Lake,1987-06-09,1.5,,,,18.8
Peter Lake,1987-06-09,2.0,,,,18.7
Peter Lake,1987-06-09,2.5,,,,18.6
Peter Lake,1987-06-09,3.0,,,,16.5
Peter Lake,1987-06-09,3.5,,,,15.1
Peter Lake,1987-06-09,4.0,,,,13.4
Peter Lake,1987-06-09,4.5,,,,11.4
Peter Lake,1987-06-09,5.0,,,,9.7
Peter Lake,1987-06-09,5.5,,,,8.4
Peter Lake,1987-06-09,6.0,,,,7.5
Peter Lake,1987-06-09,6.5,,,,6.5
Peter Lake,1987-06-09,7.0,,,,5.9
Peter Lake,1987-06-09,7.5,,,,
Peter Lake,1987-06-09,8.0,,,,5.3
Peter Lake,1987-06-09,10.0,,,,4.9
Peter Lake,1987-06-09,12.0,,,,4.7
Peter Lake,1987-06-15,0.0,,,,23.2
Peter Lake,1987-06-15,0.25,,,,
Peter Lake,1987-06-15,0.5,,,,23.2
Peter Lake,1987-06-15,0.75,,,,
Peter Lake,1987-06-15,1.0,,,,23.1
Peter Lake,1987-06-15,1.5,,,,22.8
Peter Lake,1987-06-15,2.0,,,,22.3
Peter Lake,1987-06-15,2.5,,,,21.5
Peter Lake,1987-06-15,3.0,,,,19.9
Peter Lake,1987-06-15,3.5,,,,17.3
Peter Lake,1987-06-15,4.0,,,,14.8
Peter Lake,1987-06-15,4.5,,,,12.7
Peter Lake,1987-06-15,5.0,,,,10.6
Peter Lake,1987-06-15,5.5,,,,9.3
Peter Lake,1987-06-15,6.0,,,,8.3
Peter Lake,1987-06-15,6.5,,,,7.6
Peter Lake,1987-06-15,7.0,,,,6.0
Peter Lake,1987-06-15,7.5,,,,6.1
Peter Lake,1987-06-15,8.0,,,,5.8
Peter Lake,1987-06-15,9.0,,,,5.2
Peter Lake,1987-06-15,10.0,,,,4.9
Peter Lake,1987-06-15,12.0,,,,4.7
Peter Lake,1987-06-16,0.0,,,,23.5
Peter Lake,1987-06-16,0.25,,,,
Peter Lake,1987-06-16,0.5,,,,23.4
Peter Lake,1987-06-16,0.75,,,,
Peter Lake,1987-06-16,1.0,,,,23.1
Peter Lake,1987-06-16,1.5,,,,22.7
Peter Lake,1987-06-16,2.0,,,,21.6
Peter Lake,1987-06-16,2.5,,,,20.4
Peter Lake,1987-06-16,3.0,,,,19.1
Peter Lake,1987-06-16,3.5,,,,17.0
Peter Lake,1987-06-16,4.0,,,,15.0
Peter Lake,1987-06-16,4.5,,,,12.6
Peter Lake,1987-06-16,5.0,,,,11.1
Peter Lake,1987-06-16,5.5,,,,9.4
Peter Lake,1987-06-16,6.0,,,,7.9
Peter Lake,1987-06-16,6.5,,,,7.0
Peter Lake,1987-06-16,7.0,,,,6.3
Peter Lake,1987-06-16,7.5,,,,5.7
Peter Lake,1987-06-16,8.0,,,,5.5
Peter Lake,1987-06-16,9.0,,,,5.2
Peter Lake,1987-06-16,10.0,,,,4.9
Peter Lake,1987-06-16,12.0,,,,4.7
Peter Lake,1987-06-22,0.0,,,,23.7
Peter Lake,1987-06-22,0.25,,,,
Peter Lake,1987-06-22,0.5,,,,23.8
Peter Lake,1987-06-22,0.75,,,,
Peter Lake,1987-06-22,1.0,,,,23.8
Peter Lake,1987-06-22,1.5,,,,23.8
Peter Lake,1987-06-22,2.0,,,,23.7
Peter Lake,1987-06-22,2.5,,,,22.7
Peter Lake,1987-06-22,3.0,,,,21.2
Peter Lake,1987-06-22,3.5,,,,18.7
Peter Lake,1987-06-22,4.0,,,,16.4
Peter Lake,1987-06-22,4.5,,,,13.4
Peter Lake,1987-06-22,5.0,,,,11.1
Peter Lake,1987-06-22,5.5,,,,9.7
Peter Lake,1987-06-22,6.0,,,,8.4
Peter Lake,1987-06-22,6.5,,,,7.6
Peter Lake,1987-06-22,7.0,,,,7.0
Peter Lake,1987-06-22,7.5,,,,6.3
Peter Lake,1987-06-22,8.0,,,,6.1
Peter Lake,1987-06-22,8.5,,,,
Peter Lake,1987-06-22,10.0,,,,5.1
Peter Lake,1987-06-22,12.0,,,,4.8
Peter Lake,1987-06-23,0.0,,,,24.4
Peter Lake,1987-06-23,0.25,,,,
Peter Lake,1987-06-23,0.5,,,,24.4
Peter Lake,1987-06-23,0.75,,,,
Peter Lake,1987-06-23,1.0,,,,24.3
Peter Lake,1987-06-23,1.5,,,,24.2
Peter Lake,1987-06-23,2.0,,,,24.0
Peter Lake,1987-06-23,2.5,,,,22.6
Peter Lake,1987-06-23,3.0,,,,20.4
Peter Lake,1987-06-23,3.5,,,,18.1
Peter Lake,1987-06-23,4.0,,,,15.7
Peter Lake,1987-06-23,4.5,,,,13.1
Peter Lake,1987-06-23,5.0,,,,11.2
Peter Lake,1987-06-23,5.5,,,,9.6
Peter Lake,1987-06-23,6.0,,,,8.3
Peter Lake,1987-06-23,6.5,,,,7.4
Peter Lake,1987-06-23,7.0,,,,6.6
Peter Lake,1987-06-23,7.5,,,,6.1
Peter Lake,1987-06-23,8.0,,,,5.7
Peter Lake,1987-06-23,9.0,,,,5.2
Peter Lake,1987-06-23,10.0,,,,4.9
Peter Lake,1987-06-23,12.0,,,,4.7
Peter Lake,1987-06-29,0.0,,,,21.7
Peter Lake,1987-06-29,0.25,,,,
Peter Lake,1987-06-29,0.5,,,,21.7
Peter Lake,1987-06-29,0.75,,,,
Peter Lake,1987-06-29,1.0,,,,21.7
Peter Lake,1987-06-29,1.5,,,,21.7
Peter Lake,1987-06-29,2.0,,,,21.7
Peter Lake,1987-06-29,2.5,,,,21.7
Peter Lake,1987-06-29,3.0,,,,21.7
Peter Lake,1987-06-29,3.5,,,,19.5
Peter Lake,1987-06-29,4.0,,,,17.4
Peter Lake,1987-06-29,4.5,,,,14.9
Peter Lake,1987-06-29,5.0,,,,12.5
Peter Lake,1987-06-29,5.5,,,,10.4
Peter Lake,1987-06-29,6.0,,,,8.9
Peter Lake,1987-06-29,6.5,,,,8.1
Peter Lake,1987-06-29,7.0,,,,7.3
Peter Lake,1987-06-29,8.0,,,,6.2
Peter Lake,1987-06-29,10.0,,,,8.1
Peter Lake,1987-06-29,12.0,,,,4.8
Peter Lake,1987-06-30,0.0,,,,21.4
Peter Lake,1987-06-30,0.25,,,,
Peter Lake,1987-06-30,0.5,,,,21.4
Peter Lake,1987-06-30,0.75,,,,
Peter Lake,1987-06-30,1.0,,,,21.3
Peter Lake,1987-06-30,1.5,,,,21.3
Peter Lake,1987-06-30,2.0,,,,21.3
Peter Lake,1987-06-30,2.5,,,,21.2
Peter Lake,1987-06-30,3.0,,,,21.2
Peter Lake,1987-06-30,3.5,,,,19.0
Peter Lake,1987-06-30,4.0,,,,16.8
Peter Lake,1987-06-30,4.5,,,,14.0
Peter Lake,1987-06-30,5.0,,,,11.9
Peter Lake,1987-06-30,5.5,,,,10.4
Peter Lake,1987-06-30,6.0,,,,8.5
Peter Lake,1987-06-30,6.5,,,,7.7
Peter Lake,1987-06-30,7.0,,,,6.7
Peter Lake,1987-06-30,7.5,,,,6.4
Peter Lake,1987-06-30,8.0,,,,5.7
Peter Lake,1987-06-30,10.0,,,,5.1
Peter Lake,1987-06-30,12.0,,,,4.8
Peter Lake,1987-07-06,0.0,,,,23.5
Peter Lake,1987-07-06,0.25,,,,
Peter Lake,1987-07-06,0.5,,,,23.5
Peter Lake,1987-07-06,0.75,,,,
Peter Lake,1987-07-06,1.0,,,,23.5
Peter Lake,1987-07-06,1.5,,,,22.9
Peter Lake,1987-07-06,2.0,,,,22.6
Peter Lake,1987-07-06,2.5,,,,22.0
Peter Lake,1987-07-06,3.0,,,,21.5
Peter Lake,1987-07-06,3.5,,,,20.0
Peter Lake,1987-07-06,4.0,,,,18.5
Peter Lake,1987-07-06,4.5,,,,15.4
Peter Lake,1987-07-06,5.0,,,,13.4
Peter Lake,1987-07-06,5.5,,,,11.1
Peter Lake,1987-07-06,6.0,,,,9.4
Peter Lake,1987-07-06,6.5,,,,8.5
Peter Lake,1987-07-06,7.0,,,,7.6
Peter Lake,1987-07-06,7.5,,,,7.0
Peter Lake,1987-07-06,8.0,,,,6.2
Peter Lake,1987-07-06,9.0,,,,5.7
Peter Lake,1987-07-06,10.0,,,,5.3
Peter Lake,1987-07-06,12.0,,,,4.8
Peter Lake,1987-07-07,0.0,,,,21.9
Peter Lake,1987-07-07,0.25,,,,
Peter Lake,1987-07-07,0.5,,,,21.9
Peter Lake,1987-07-07,0.75,,,,
Peter Lake,1987-07-07,1.0,,,,21.9
Peter Lake,1987-07-07,1.5,,,,21.8
Peter Lake,1987-07-07,2.0,,,,21.8
Peter Lake,1987-07-07,2.5,,,,21.6
Peter Lake,1987-07-07,3.0,,,,21.1
Peter Lake,1987-07-07,3.5,,,,20.3
Peter Lake,1987-07-07,4.0,,,,18.2
Peter Lake,1987-07-07,4.5,,,,15.0
Peter Lake,1987-07-07,5.0,,,,12.4
Peter Lake,1987-07-07,5.5,,,,11.0
Peter Lake,1987-07-07,6.0,,,,9.4
Peter Lake,1987-07-07,6.5,,,,7.8
Peter Lake,1987-07-07,7.0,,,,6.8
Peter Lake,1987-07-07,7.5,,,,6.4
Peter Lake,1987-07-07,8.0,,,,5.9
Peter Lake,1987-07-07,10.0,,,,5.1
Peter Lake,1987-07-07,12.0,,,,4.8
Peter Lake,1987-07-13,0.0,,,,23.2
Peter Lake,1987-07-13,0.25,,,,
Peter Lake,1987-07-13,0.5,,,,23.3
Peter Lake,1987-07-13,0.75,,,,
Peter Lake,1987-07-13,1.0,,,,23.3
Peter Lake,1987-07-13,1.5,,,,23.2
Peter Lake,1987-07-13,2.0,,,,23.2
Peter Lake,1987-07-13,2.5,,,,23.1
Peter Lake,1987-07-13,3.0,,,,22.8
Peter Lake,1987-07-13,3.5,,,,20.7
Peter Lake,1987-07-13,4.0,,,,18.5
Peter Lake,1987-07-13,4.5,,,,15.5
Peter Lake,1987-07-13,5.0,,,,13.2
Peter Lake,1987-07-13,5.5,,,,10.9
Peter Lake,1987-07-13,6.0,,,,9.4
Peter Lake,1987-07-13,6.5,,,,8.4
Peter Lake,1987-07-13,7.0,,,,7.5
Peter Lake,1987-07-13,8.0,,,,6.4
Peter Lake,1987-07-13,9.0,,,,5.8
Peter Lake,1987-07-13,10.0,,,,5.2
Peter Lake,1987-07-13,12.0,,,,4.8
Peter Lake,1987-07-14,0.0,,,,21.1
Peter Lake,1987-07-14,0.25,,,,
Peter Lake,1987-07-14,0.5,,,,21.2
Peter Lake,1987-07-14,0.75,,,,
Peter Lake,1987-07-14,1.0,,,,21.2
Peter Lake,1987-07-14,1.5,,,,21.2
Peter Lake,1987-07-14,2.0,,,,21.2
Peter Lake,1987-07-14,2.5,,,,21.2
Peter Lake,1987-07-14,3.0,,,,21.2
Peter Lake,1987-07-14,3.5,,,,21.1
Peter Lake,1987-07-14,4.0,,,,18.2
Peter Lake,1987-07-14,4.5,,,,15.6
Peter Lake,1987-07-14,5.0,,,,13.4
Peter Lake,1987-07-14,5.5,,,,11.4
Peter Lake,1987-07-14,6.0,,,,9.3
Peter Lake,1987-07-14,6.5,,,,8.4
Peter Lake,1987-07-14,7.0,,,,7.3
Peter Lake,1987-07-14,7.5,,,,6.6
Peter Lake,1987-07-14,8.0,,,,6.2
Peter Lake,1987-07-14,8.5,,,,5.8
Peter Lake,1987-07-14,9.0,,,,5.5
Peter Lake,1987-07-14,10.0,,,,5.2
Peter Lake,1987-07-14,12.0,,,,4.8
Peter Lake,1987-07-20,0.0,,,,23.6
Peter Lake,1987-07-20,0.25,,,,
Peter Lake,1987-07-20,0.5,,,,23.6
Peter Lake,1987-07-20,0.75,,,,
Peter Lake,1987-07-20,1.0,,,,23.5
Peter Lake,1987-07-20,1.5,,,,23.5
Peter Lake,1987-07-20,2.0,,,,23.4
Peter Lake,1987-07-20,2.5,,,,23.4
Peter Lake,1987-07-20,3.0,,,,23.3
Peter Lake,1987-07-20,3.5,,,,21.4
Peter Lake,1987-07-20,4.0,,,,18.8
Peter Lake,1987-07-20,4.5,,,,16.5
Peter Lake,1987-07-20,5.0,,,,14.4
Peter Lake,1987-07-20,5.5,,,,11.7
Peter Lake,1987-07-20,6.0,,,,10.3
Peter Lake,1987-07-20,6.5,,,,8.7
Peter Lake,1987-07-20,7.0,,,,8.0
Peter Lake,1987-07-20,8.0,,,,6.6
Peter Lake,1987-07-20,10.0,,,,5.3
Peter Lake,1987-07-20,12.0,,,,4.8
Peter Lake,1987-07-21,0.0,,,,22.6
Peter Lake,1987-07-21,0.25,,,,
Peter Lake,1987-07-21,0.5,,,,22.6
Peter Lake,1987-07-21,0.75,,,,
Peter Lake,1987-07-21,1.0,,,,22.6
Peter Lake,1987-07-21,1.5,,,,22.6
Peter Lake,1987-07-21,2.0,,,,22.5
Peter Lake,1987-07-21,2.5,,,,21.8
Peter Lake,1987-07-21,3.0,,,,21.3
Peter Lake,1987-07-21,3.5,,,,20.6
Peter Lake,1987-07-21,4.0,,,,18.6
Peter Lake,1987-07-21,4.5,,,,16.9
Peter Lake,1987-07-21,5.0,,,,13.6
Peter Lake,1987-07-21,5.5,,,,11.7
Peter Lake,1987-07-21,6.0,,,,10.2
Peter Lake,1987-07-21,6.5,,,,8.6
Peter Lake,1987-07-21,7.0,,,,7.7
Peter Lake,1987-07-21,7.5,,,,6.6
Peter Lake,1987-07-21,8.0,,,,6.2
Peter Lake,1987-07-21,10.0,,,,5.3
Peter Lake,1987-07-21,12.0,,,,4.9
Peter Lake,1987-07-27,0.0,,,,23.4
Peter Lake,1987-07-27,0.25,,,,
Peter Lake,1987-07-27,0.5,,,,23.4
Peter Lake,1987-07-27,0.75,,,,
Peter Lake,1987-07-27,1.0,,,,23.4
Peter Lake,1987-07-27,1.5,,,,23.4
Peter Lake,1987-07-27,2.0,,,,23.4
Peter Lake,1987-07-27,2.5,,,,23.4
Peter Lake,1987-07-27,3.0,,,,23.4
Peter Lake,1987-07-27,3.5,,,,23.4
Peter Lake,1987-07-27,4.0,,,,20.0
Peter Lake,1987-07-27,4.5,,,,17.4
Peter Lake,1987-07-27,5.0,,,,15.0
Peter Lake,1987-07-27,5.5,,,,12.3
Peter Lake,1987-07-27,6.0,,,,10.5
Peter Lake,1987-07-27,6.5,,,,9.1
Peter Lake,1987-07-27,7.0,,,,8.0
Peter Lake,1987-07-27,7.5,,,,7.4
Peter Lake,1987-07-27,8.0,,,,6.7
Peter Lake,1987-07-27,10.0,,,,5.3
Peter Lake,1987-07-27,12.0,,,,4.8
Peter Lake,1987-07-28,0.0,,,,24.1
Peter Lake,1987-07-28,0.25,,,,
Peter Lake,1987-07-28,0.5,,,,24.1
Peter Lake,1987-07-28,0.75,,,,
Peter Lake,1987-07-28,1.0,,,,24.1
Peter Lake,1987-07-28,1.5,,,,24.1
Peter Lake,1987-07-28,2.0,,,,24.1
Peter Lake,1987-07-28,2.5,,,,24.1
Peter Lake,1987-07-28,3.0,,,,23.3
Peter Lake,1987-07-28,3.5,,,,21.9
Peter Lake,1987-07-28,4.0,,,,19.6
Peter Lake,1987-07-28,4.5,,,,16.9
Peter Lake,1987-07-28,5.0,,,,15.0
Peter Lake,1987-07-28,5.5,,,,12.1
Peter Lake,1987-07-28,6.0,,,,10.6
Peter Lake,1987-07-28,6.5,,,,9.1
Peter Lake,1987-07-28,7.0,,,,7.7
Peter Lake,1987-07-28,7.5,,,,6.9
Peter Lake,1987-07-28,8.0,,,,6.2
Peter Lake,1987-07-28,8.5,,,,5.9
Peter Lake,1987-07-28,9.0,,,,5.7
Peter Lake,1987-07-28,10.0,,,,5.3
Peter Lake,1987-08-03,0.0,,,,24.6
Peter Lake,1987-08-03,0.25,,,,
Peter Lake,1987-08-03,0.5,,,,24.6
Peter Lake,1987-08-03,0.75,,,,
Peter Lake,1987-08-03,1.0,,,,24.5
Peter Lake,1987-08-03,1.5,,,,24.5
Peter Lake,1987-08-03,2.0,,,,24.5
Peter Lake,1987-08-03,2.5,,,,24.5
Peter Lake,1987-08-03,3.0,,,,24.4
Peter Lake,1987-08-03,3.5,,,,23.5
Peter Lake,1987-08-03,4.0,,,,20.8
Peter Lake,1987-08-03,4.5,,,,18.4
Peter Lake,1987-08-03,5.0,,,,14.9
Peter Lake,1987-08-03,5.5,,,,12.6
Peter Lake,1987-08-03,6.0,,,,10.5
Peter Lake,1987-08-03,6.5,,,,10.6
Peter Lake,1987-08-03,7.0,,,,8.4
Peter Lake,1987-08-03,7.5,,,,7.3
Peter Lake,1987-08-03,8.0,,,,6.7
Peter Lake,1987-08-03,8.5,,,,6.2
Peter Lake,1987-08-03,10.0,,,,5.3
Peter Lake,1987-08-03,12.0,,,,4.8
Peter Lake,1987-08-04,0.0,,,,24.2
Peter Lake,1987-08-04,0.25,,,,
Peter Lake,1987-08-04,0.5,,,,24.2
Peter Lake,1987-08-04,0.75,,,,
Peter Lake,1987-08-04,1.0,,,,24.3
Peter Lake,1987-08-04,1.5,,,,24.3
Peter Lake,1987-08-04,2.0,,,,24.3
Peter Lake,1987-08-04,2.5,,,,24.2
Peter Lake,1987-08-04,3.0,,,,24.2
Peter Lake,1987-08-04,3.5,,,,21.9
Peter Lake,1987-08-04,4.0,,,,19.5
Peter Lake,1987-08-04,4.5,,,,17.1
Peter Lake,1987-08-04,5.0,,,,14.7
Peter Lake,1987-08-04,5.5,,,,11.8
Peter Lake,1987-08-04,6.0,,,,10.5
Peter Lake,1987-08-04,6.5,,,,8.7
Peter Lake,1987-08-04,7.0,,,,7.9
Peter Lake,1987-08-04,7.5,,,,
Peter Lake,1987-08-04,8.0,,,,6.5
Peter Lake,1987-08-04,8.5,,,,
Peter Lake,1987-08-04,10.0,,,,5.3
Peter Lake,1987-08-04,12.0,,,,4.9
Peter Lake,1987-08-10,0.0,,,,24.1
Peter Lake,1987-08-10,0.25,,,,
Peter Lake,1987-08-10,0.5,,,,24.1
Peter Lake,1987-08-10,0.75,,,,
Peter Lake,1987-08-10,1.0,,,,24.2
Peter Lake,1987-08-10,1.5,,,,24.2
Peter Lake,1987-08-10,2.0,,,,24.1
Peter Lake,1987-08-10,2.5,,,,24.1
Peter Lake,1987-08-10,3.0,,,,24.1
Peter Lake,1987-08-10,3.5,,,,24.1
Peter Lake,1987-08-10,4.0,,,,22.2
Peter Lake,1987-08-10,4.5,,,,19.0
Peter Lake,1987-08-10,5.0,,,,16.4
Peter Lake,1987-08-10,5.5,,,,14.0
Peter Lake,1987-08-10,6.0,,,,11.5
Peter Lake,1987-08-10,6.5,,,,9.8
Peter Lake,1987-08-10,7.0,,,,8.5
Peter Lake,1987-08-10,7.5,,,,7.6
Peter Lake,1987-08-10,8.0,,,,7.0
Peter Lake,1987-08-10,8.5,,,,6.5
Peter Lake,1987-08-10,10.0,,,,5.5
Peter Lake,1987-08-10,12.0,,,,4.9
Peter Lake,1987-08-11,0.0,,,,23.2
Peter Lake,1987-08-11,0.25,,,,
Peter Lake,1987-08-11,0.5,,,,23.2
Peter Lake,1987-08-11,0.75,,,,
Peter Lake,1987-08-11,1.0,,,,23.2
Peter Lake,1987-08-11,1.5,,,,23.2
Peter Lake,1987-08-11,2.0,,,,23.2
Peter Lake,1987-08-11,2.5,,,,23.2
Peter Lake,1987-08-11,3.0,,,,23.1
Peter Lake,1987-08-11,3.5,,,,23.0
Peter Lake,1987-08-11,4.0,,,,21.7
Peter Lake,1987-08-11,4.5,,,,18.5
Peter Lake,1987-08-11,5.0,,,,16.2
Peter Lake,1987-08-11,5.5,,,,13.5
Peter Lake,1987-08-11,6.0,,,,10.9
Peter Lake,1987-08-11,6.5,,,,9.7
Peter Lake,1987-08-11,7.0,,,,8.2
Peter Lake,1987-08-11,7.5,,,,7.6
Peter Lake,1987-08-11,8.0,,,,6.9
Peter Lake,1987-08-11,9.0,,,,5.8
Peter Lake,1987-08-11,10.0,,,,5.3
Peter Lake,1987-08-11,12.0,,,,4.9
Peter Lake,1987-08-17,0.0,,,,24.7
Peter Lake,1987-08-17,0.25,,,,
Peter Lake,1987-08-17,0.5,,,,24.8
Peter Lake,1987-08-17,0.75,,,,
Peter Lake,1987-08-17,1.0,,,,24.8
Peter Lake,1987-08-17,1.5,,,,24.7
Peter Lake,1987-08-17,2.0,,,,24.7
Peter Lake,1987-08-17,2.5,,,,24.4
Peter Lake,1987-08-17,3.0,,,,24.2
Peter Lake,1987-08-17,3.5,,,,24.1
Peter Lake,1987-08-17,4.0,,,,23.1
Peter Lake,1987-08-17,4.5,,,,21.1
Peter Lake,1987-08-17,5.0,,,,18.6
Peter Lake,1987-08-17,5.5,,,,15.5
Peter Lake,1987-08-17,6.0,,,,12.5
Peter Lake,1987-08-17,6.5,,,,11.1
Peter Lake,1987-08-17,7.0,,,,9.3
Peter Lake,1987-08-17,8.0,,,,7.6
Peter Lake,1987-08-17,10.0,,,,5.9
Peter Lake,1987-08-17,12.0,,,,5.0
Peter Lake,1987-08-18,0.0,,,,22.3
Peter Lake,1987-08-18,0.25,,,,
Peter Lake,1987-08-18,0.5,,,,22.4
Peter Lake,1987-08-18,0.75,,,,
Peter Lake,1987-08-18,1.0,,,,22.4
Peter Lake,1987-08-18,1.5,,,,22.4
Peter Lake,1987-08-18,2.0,,,,22.4
Peter Lake,1987-08-18,2.5,,,,22.4
Peter Lake,1987-08-18,3.0,,,,22.4
Peter Lake,1987-08-18,3.5,,,,22.4
Peter Lake,1987-08-18,4.0,,,,22.1
Peter Lake,1987-08-18,4.5,,,,18.5
Peter Lake,1987-08-18,5.0,,,,16.5
Peter Lake,1987-08-18,5.5,,,,14.0
Peter Lake,1987-08-18,6.0,,,,11.7
Peter Lake,1987-08-18,6.5,,,,9.8
Peter Lake,1987-08-18,7.0,,,,8.4
Peter Lake,1987-08-18,7.5,,,,7.6
Peter Lake,1987-08-18,8.0,,,,6.8
Peter Lake,1987-08-18,8.5,,,,6.3
Peter Lake,1987-08-18,9.0,,,,5.9
Peter Lake,1987-08-18,10.0,,,,5.5
Peter Lake,1987-08-18,11.0,,,,5.1
Peter Lake,1987-08-18,12.0,,,,4.9
Peter Lake,1987-08-24,0.0,,,,21.8
Peter Lake,1987-08-24,0.25,,,,
Peter Lake,1987-08-24,0.5,,,,21.7
Peter Lake,1987-08-24,0.75,,,,
Peter Lake,1987-08-24,1.0,,,,21.7
Peter Lake,1987-08-24,1.5,,,,21.7
Peter Lake,1987-08-24,2.0,,,,21.7
Peter Lake,1987-08-24,2.5,,,,21.7
Peter Lake,1987-08-24,3.0,,,,21.7
Peter Lake,1987-08-24,3.5,,,,21.7
Peter Lake,1987-08-24,4.0,,,,21.7
Peter Lake,1987-08-24,4.5,,,,21.6
Peter Lake,1987-08-24,5.0,,,,17.7
Peter Lake,1987-08-24,5.5,,,,15.0
Peter Lake,1987-08-24,6.0,,,,12.5
Peter Lake,1987-08-24,6.5,,,,10.7
Peter Lake,1987-08-24,7.0,,,,9.5
Peter Lake,1987-08-24,7.5,,,,8.0
Peter Lake,1987-08-24,8.0,,,,7.4
Peter Lake,1987-08-24,10.0,,,,5.6
Peter Lake,1987-08-24,11.0,,,,5.2
Peter Lake,1987-08-24,12.0,,,,5.0
Peter Lake,1987-08-25,0.0,,,,19.8
Peter Lake,1987-08-25,0.25,,,,
Peter Lake,1987-08-25,0.5,,,,19.9
Peter Lake,1987-08-25,0.75,,,,
Peter Lake,1987-08-25,1.0,,,,19.9
Peter Lake,1987-08-25,1.5,,,,19.9
Peter Lake,1987-08-25,2.0,,,,19.9
Peter Lake,1987-08-25,2.5,,,,19.9
Peter Lake,1987-08-25,3.0,,,,19.9
Peter Lake,1987-08-25,3.5,,,,19.8
Peter Lake,1987-08-25,4.0,,,,19.8
Peter Lake,1987-08-25,4.5,,,,19.8
Peter Lake,1987-08-25,5.0,,,,17.5
Peter Lake,1987-08-25,5.5,,,,14.3
Peter Lake,1987-08-25,6.0,,,,11.9
Peter Lake,1987-08-25,6.5,,,,10.2
Peter Lake,1987-08-25,7.0,,,,9.0
Peter Lake,1987-08-25,7.5,,,,7.7
Peter Lake,1987-08-25,8.0,,,,7.1
Peter Lake,1987-08-25,9.0,,,,5.9
Peter Lake,1987-08-25,10.0,,,,5.5
Peter Lake,1987-08-25,12.0,,,,5.0
Peter Lake,1987-08-31,0.0,,,,18.9
Peter Lake,1987-08-31,0.25,,,,
Peter Lake,1987-08-31,0.5,,,,18.9
Peter Lake,1987-08-31,0.75,,,,
Peter Lake,1987-08-31,1.0,,,,18.9
Peter Lake,1987-08-31,1.5,,,,18.9
Peter Lake,1987-08-31,2.0,,,,18.9
Peter Lake,1987-08-31,2.5,,,,18.9
Peter Lake,1987-08-31,3.0,,,,18.9
Peter Lake,1987-08-31,3.5,,,,18.9
Peter Lake,1987-08-31,4.0,,,,18.9
Peter Lake,1987-08-31,4.5,,,,18.8
Peter Lake,1987-08-31,5.0,,,,18.8
Peter Lake,1987-08-31,5.5,,,,15.8
Peter Lake,1987-08-31,6.0,,,,12.6
Peter Lake,1987-08-31,6.5,,,,10.7
Peter Lake,1987-08-31,7.0,,,,10.0
Peter Lake,1987-08-31,7.5,,,,8.3
Peter Lake,1987-08-31,8.0,,,,7.6
Peter Lake,1987-08-31,8.5,,,,6.8
Peter Lake,1987-08-31,9.0,,,,6.4
Peter Lake,1987-08-31,10.0,,,,5.7
Peter Lake,1987-08-31,12.0,,,,5.0
Peter Lake,1987-09-01,0.0,,,,18.8
Peter Lake,1987-09-01,0.25,,,,
Peter Lake,1987-09-01,0.5,,,,19.0
Peter Lake,1987-09-01,0.75,,,,
Peter Lake,1987-09-01,1.0,,,,19.0
Peter Lake,1987-09-01,1.5,,,,18.9
Peter Lake,1987-09-01,2.0,,,,18.9
Peter Lake,1987-09-01,2.5,,,,18.9
Peter Lake,1987-09-01,3.0,,,,18.9
Peter Lake,1987-09-01,3.5,,,,19.0
Peter Lake,1987-09-01,4.0,,,,19.0
Peter Lake,1987-09-01,4.5,,,,19.0
Peter Lake,1987-09-01,5.0,,,,17.4
Peter Lake,1987-09-01,5.5,,,,14.6
Peter Lake,1987-09-01,6.0,,,,12.3
Peter Lake,1987-09-01,7.0,,,,8.8
Peter Lake,1987-09-01,7.5,,,,
Peter Lake,1987-09-01,8.0,,,,7.0
Peter Lake,1987-09-01,10.0,,,,5.8
Peter Lake,1987-09-01,12.0,,,,5.1
Peter Lake,1987-09-06,0.0,,,,17.6
Peter Lake,1987-09-06,0.25,,,,
Peter Lake,1987-09-06,0.5,,,,17.6
Peter Lake,1987-09-06,0.75,,,,
Peter Lake,1987-09-06,1.0,,,,17.6
Peter Lake,1987-09-06,1.5,,,,17.6
Peter Lake,1987-09-06,2.0,,,,17.7
Peter Lake,1987-09-06,2.5,,,,17.7
Peter Lake,1987-09-06,3.0,,,,17.7
Peter Lake,1987-09-06,3.5,,,,17.7
Peter Lake,1987-09-06,4.0,,,,17.7
Peter Lake,1987-09-06,4.5,,,,17.6
Peter Lake,1987-09-06,5.0,,,,17.6
Peter Lake,1987-09-06,5.5,,,,17.6
Peter Lake,1987-09-06,6.0,,,,13.3
Peter Lake,1987-09-06,6.5,,,,11.6
Peter Lake,1987-09-06,7.0,,,,10.2
Peter Lake,1987-09-06,7.5,,,,8.7
Peter Lake,1987-09-06,8.0,,,,7.8
Peter Lake,1987-09-06,9.0,,,,6.5
Peter Lake,1987-09-06,10.0,,,,5.6
Peter Lake,1987-09-06,12.0,,,,5.0
Peter Lake,1987-09-08,0.0,,,,19.6
Peter Lake,1987-09-08,0.25,,,,
Peter Lake,1987-09-08,0.5,,,,19.6
Peter Lake,1987-09-08,0.75,,,,
Peter Lake,1987-09-08,1.0,,,,19.6
Peter Lake,1987-09-08,1.5,,,,19.6
Peter Lake,1987-09-08,2.0,,,,19.6
Peter Lake,1987-09-08,2.5,,,,19.2
Peter Lake,1987-09-08,3.0,,,,18.7
Peter Lake,1987-09-08,3.5,,,,18.5
Peter Lake,1987-09-08,4.0,,,,18.3
Peter Lake,1987-09-08,4.5,,,,18.1
Peter Lake,1987-09-08,5.0,,,,17.6
Peter Lake,1987-09-08,5.5,,,,15.5
Peter Lake,1987-09-08,6.0,,,,13.1
Peter Lake,1987-09-08,6.5,,,,11.5
Peter Lake,1987-09-08,7.0,,,,9.4
Peter Lake,1987-09-08,7.5,,,,8.5
Peter Lake,1987-09-08,8.0,,,,7.4
Peter Lake,1987-09-08,9.0,,,,6.3
Peter Lake,1987-09-08,10.0,,,,5.6
Peter Lake,1987-09-08,12.0,,,,5.0
Peter Lake,1987-09-18,0.0,,,,17.0
Peter Lake,1987-09-18,1.0,,,,16.5
Peter Lake,1987-09-18,2.0,,,,16.3
Peter Lake,1987-09-18,3.0,,,,16.2
Peter Lake,1987-09-18,4.0,,,,16.1
Peter Lake,1987-09-18,5.0,,,,16.0
Peter Lake,1987-09-18,6.0,,,,15.4
Peter Lake,1987-09-18,7.0,,,,10.2
Peter Lake,1987-09-18,8.0,,,,8.2
Peter Lake,1987-09-18,9.0,,,,6.7
Peter Lake,1987-09-18,10.0,,,,5.9
Peter Lake,1987-09-18,11.0,,,,5.3
Peter Lake,1987-09-18,12.0,,,,5.0
Peter Lake,1987-09-28,0.0,,,,15.2
Peter Lake,1987-09-28,1.0,,,,15.1
Peter Lake,1987-09-28,2.0,,,,15.1
Peter Lake,1987-09-28,3.0,,,,15.1
Peter Lake,1987-09-28,4.0,,,,15.1
Peter Lake,1987-09-28,5.0,,,,15.1
Peter Lake,1987-09-28,6.0,,,,14.5
Peter Lake,1987-09-28,7.0,,,,11.2
Peter Lake,1987-09-28,8.0,,,,8.3
Peter Lake,1987-09-28,9.0,,,,6.8
Peter Lake,1987-09-28,10.0,,,,6.0
Peter Lake,1987-09-28,11.0,,,,5.4
Peter Lake,1987-09-28,12.0,,,,5.1
Peter Lake,1987-10-16,0.0,,,,11.1
Peter Lake,1987-10-16,1.0,,,,10.9
Peter Lake,1987-10-16,2.0,,,,10.2
Peter Lake,1987-10-16,3.0,,,,10.0
Peter Lake,1987-10-16,4.0,,,,9.8
Peter Lake,1987-10-16,5.0,,,,9.7
Peter Lake,1987-10-16,6.0,,,,9.7
Peter Lake,1987-10-16,7.0,,,,9.6
Peter Lake,1987-10-16,8.0,,,,9.6
Peter Lake,1987-10-16,9.0,,,,8.1
Peter Lake,1987-10-16,10.0,,,,6.1
Peter Lake,1987-10-16,11.0,,,,5.5
Peter Lake,1987-10-16,12.0,,,,5.2
Peter Lake,1988-05-09,0.0,,,,16.5
Peter Lake,1988-05-09,0.5,,,,16.5
Peter Lake,1988-05-09,1.0,,,,16.1
Peter Lake,1988-05-09,1.5,,,,16.0
Peter Lake,1988-05-09,2.0,,,,15.5
Peter Lake,1988-05-09,2.5,,,,12.5
Peter Lake,1988-05-09,3.0,,,,10.0
Peter Lake,1988-05-09,3.5,,,,9.0
Peter Lake,1988-05-09,4.0,,,,8.2
Peter Lake,1988-05-09,4.5,,,,7.5
Peter Lake,1988-05-09,5.0,,,,6.8
Peter Lake,1988-05-09,5.5,,,,6.0
Peter Lake,1988-05-09,6.0,,,,5.8
Peter Lake,1988-05-09,6.5,,,,5.5
Peter Lake,1988-05-09,7.0,,,,5.2
Peter Lake,1988-05-09,7.5,,,,5.0
Peter Lake,1988-05-09,8.0,,,,4.9
Peter Lake,1988-05-09,9.0,,,,4.9
Peter Lake,1988-05-09,10.0,,,,4.9
Peter Lake,1988-05-09,11.0,,,,4.8
Peter Lake,1988-05-09,12.0,,,,4.5
Peter Lake,1988-05-24,0.0,,,,16.6
Peter Lake,1988-05-24,0.25,,,,
Peter Lake,1988-05-24,0.5,,,,16.8
Peter Lake,1988-05-24,0.75,,,,
Peter Lake,1988-05-24,1.0,,,,16.8
Peter Lake,1988-05-24,1.5,,,,16.8
Peter Lake,1988-05-24,2.0,,,,16.2
Peter Lake,1988-05-24,2.5,,,,15.5
Peter Lake,1988-05-24,3.0,,,,14.0
Peter Lake,1988-05-24,3.5,,,,12.4
Peter Lake,1988-05-24,4.0,,,,10.7
Peter Lake,1988-05-24,4.5,,,,9.2
Peter Lake,1988-05-24,5.0,,,,8.0
Peter Lake,1988-05-24,5.5,,,,7.4
Peter Lake,1988-05-24,6.0,,,,6.7
Peter Lake,1988-05-24,6.5,,,,6.2
Peter Lake,1988-05-24,7.0,,,,5.7
Peter Lake,1988-05-24,7.5,,,,5.4
Peter Lake,1988-05-24,8.0,,,,5.1
Peter Lake,1988-05-24,9.0,,,,4.9
Peter Lake,1988-05-24,10.0,,,,4.7
Peter Lake,1988-05-24,12.0,,,,4.6
Peter Lake,1988-05-31,0.0,,,,22.7
Peter Lake,1988-05-31,0.25,,,,
Peter Lake,1988-05-31,0.5,,,,22.7
Peter Lake,1988-05-31,0.75,,,,
Peter Lake,1988-05-31,1.0,,,,22.5
Peter Lake,1988-05-31,1.5,,,,21.2
Peter Lake,1988-05-31,2.0,,,,19.3
Peter Lake,1988-05-31,2.5,,,,18.0
Peter Lake,1988-05-31,3.0,,,,16.0
Peter Lake,1988-05-31,3.5,,,,14.0
Peter Lake,1988-05-31,4.0,,,,11.8
Peter Lake,1988-05-31,4.5,,,,10.5
Peter Lake,1988-05-31,5.0,,,,9.3
Peter Lake,1988-05-31,5.5,,,,8.2
Peter Lake,1988-05-31,6.0,,,,7.2
Peter Lake,1988-05-31,6.5,,,,6.6
Peter Lake,1988-05-31,7.0,,,,6.1
Peter Lake,1988-05-31,7.5,,,,5.8
Peter Lake,1988-05-31,8.0,,,,5.4
Peter Lake,1988-05-31,9.0,,,,5.0
Peter Lake,1988-05-31,10.0,,,,4.8
Peter Lake,1988-05-31,12.0,,,,4.6
Peter Lake,1988-06-07,0.0,,,,23.7
Peter Lake,1988-06-07,0.25,,,,
Peter Lake,1988-06-07,0.5,,,,23.6
Peter Lake,1988-06-07,0.75,,,,
Peter Lake,1988-06-07,1.0,,,,23.4
Peter Lake,1988-06-07,1.5,,,,23.2
Peter Lake,1988-06-07,2.0,,,,22.0
Peter Lake,1988-06-07,2.5,,,,19.9
Peter Lake,1988-06-07,3.0,,,,18.1
Peter Lake,1988-06-07,3.5,,,,16.0
Peter Lake,1988-06-07,4.0,,,,13.2
Peter Lake,1988-06-07,4.5,,,,11.5
Peter Lake,1988-06-07,5.0,,,,9.8
Peter Lake,1988-06-07,5.5,,,,8.4
Peter Lake,1988-06-07,6.0,,,,7.6
Peter Lake,1988-06-07,6.5,,,,6.6
Peter Lake,1988-06-07,7.0,,,,6.3
Peter Lake,1988-06-07,7.5,,,,5.9
Peter Lake,1988-06-07,8.0,,,,5.6
Peter Lake,1988-06-07,10.0,,,,4.9
Peter Lake,1988-06-07,12.0,,,,4.6
Peter Lake,1988-06-14,0.0,,,,23.2
Peter Lake,1988-06-14,0.25,,,,
Peter Lake,1988-06-14,0.5,,,,23.2
Peter Lake,1988-06-14,0.75,,,,
Peter Lake,1988-06-14,1.0,,,,23.1
Peter Lake,1988-06-14,1.5,,,,22.8
Peter Lake,1988-06-14,2.0,,,,22.3
Peter Lake,1988-06-14,2.5,,,,21.5
Peter Lake,1988-06-14,3.0,,,,19.9
Peter Lake,1988-06-14,3.5,,,,17.3
Peter Lake,1988-06-14,4.0,,,,14.8
Peter Lake,1988-06-14,4.5,,,,12.7
Peter Lake,1988-06-14,5.0,,,,10.6
Peter Lake,1988-06-14,5.5,,,,9.3
Peter Lake,1988-06-14,6.0,,,,8.3
Peter Lake,1988-06-14,6.5,,,,7.6
Peter Lake,1988-06-14,7.0,,,,6.0
Peter Lake,1988-06-14,7.5,,,,6.1
Peter Lake,1988-06-14,8.0,,,,5.8
Peter Lake,1988-06-14,9.0,,,,5.2
Peter Lake,1988-06-14,10.0,,,,4.9
Peter Lake,1988-06-14,12.0,,,,4.7
Peter Lake,1988-06-21,0.0,,,,23.7
Peter Lake,1988-06-21,0.25,,,,
Peter Lake,1988-06-21,0.5,,,,23.8
Peter Lake,1988-06-21,0.75,,,,
Peter Lake,1988-06-21,1.0,,,,23.8
Peter Lake,1988-06-21,1.5,,,,23.8
Peter Lake,1988-06-21,2.0,,,,23.7
Peter Lake,1988-06-21,2.5,,,,22.7
Peter Lake,1988-06-21,3.0,,,,21.2
Peter Lake,1988-06-21,3.5,,,,18.7
Peter Lake,1988-06-21,4.0,,,,16.4
Peter Lake,1988-06-21,4.5,,,,13.4
Peter Lake,1988-06-21,5.0,,,,11.1
Peter Lake,1988-06-21,5.5,,,,9.7
Peter Lake,1988-06-21,6.0,,,,8.4
Peter Lake,1988-06-21,6.5,,,,7.6
Peter Lake,1988-06-21,7.0,,,,7.0
Peter Lake,1988-06-21,7.5,,,,6.3
Peter Lake,1988-06-21,8.0,,,,6.1
Peter Lake,1988-06-21,8.5,,,,
Peter Lake,1988-06-21,10.0,,,,5.1
Peter Lake,1988-06-21,12.0,,,,4.8
Peter Lake,1988-06-28,0.0,,,,21.7
Peter Lake,1988-06-28,0.25,,,,
Peter Lake,1988-06-28,0.5,,,,21.7
Peter Lake,1988-06-28,0.75,,,,
Peter Lake,1988-06-28,1.0,,,,21.7
Peter Lake,1988-06-28,1.5,,,,21.7
Peter Lake,1988-06-28,2.0,,,,21.7
Peter Lake,1988-06-28,2.5,,,,21.7
Peter Lake,1988-06-28,3.0,,,,21.7
Peter Lake,1988-06-28,3.5,,,,19.5
Peter Lake,1988-06-28,4.0,,,,17.4
Peter Lake,1988-06-28,4.5,,,,14.9
Peter Lake,1988-06-28,5.0,,,,12.5
Peter Lake,1988-06-28,5.5,,,,10.4
Peter Lake,1988-06-28,6.0,,,,8.9
Peter Lake,1988-06-28,6.5,,,,8.1
Peter Lake,1988-06-28,7.0,,,,7.3
Peter Lake,1988-06-28,8.0,,,,6.2
Peter Lake,1988-06-28,10.0,,,,8.1
Peter Lake,1988-06-28,12.0,,,,4.8
Peter Lake,1988-07-05,0.0,,,,23.5
Peter Lake,1988-07-05,0.25,,,,
Peter Lake,1988-07-05,0.5,,,,23.5
Peter Lake,1988-07-05,0.75,,,,
Peter Lake,1988-07-05,1.0,,,,23.5
Peter Lake,1988-07-05,1.5,,,,22.9
Peter Lake,1988-07-05,2.0,,,,22.6
Peter Lake,1988-07-05,2.5,,,,22.0
Peter Lake,1988-07-05,3.0,,,,21.5
Peter Lake,1988-07-05,3.5,,,,20.0
Peter Lake,1988-07-05,4.0,,,,18.5
Peter Lake,1988-07-05,4.5,,,,15.4
Peter Lake,1988-07-05,5.0,,,,13.4
Peter Lake,1988-07-05,5.5,,,,11.1
Peter Lake,1988-07-05,6.0,,,,9.4
Peter Lake,1988-07-05,6.5,,,,8.5
Peter Lake,1988-07-05,7.0,,,,7.6
Peter Lake,1988-07-05,7.5,,,,7.0
Peter Lake,1988-07-05,8.0,,,,6.2
Peter Lake,1988-07-05,9.0,,,,5.7
Peter Lake,1988-07-05,10.0,,,,5.3
Peter Lake,1988-07-05,12.0,,,,4.8
Peter Lake,1988-07-12,0.0,,,,23.2
Peter Lake,1988-07-12,0.25,,,,
Peter Lake,1988-07-12,0.5,,,,23.3
Peter Lake,1988-07-12,0.75,,,,
Peter Lake,1988-07-12,1.0,,,,23.3
Peter Lake,1988-07-12,1.5,,,,23.2
Peter Lake,1988-07-12,2.0,,,,23.2
Peter Lake,1988-07-12,2.5,,,,23.1
Peter Lake,1988-07-12,3.0,,,,22.8
Peter Lake,1988-07-12,3.5,,,,20.7
Peter Lake,1988-07-12,4.0,,,,18.5
Peter Lake,1988-07-12,4.5,,,,15.5
Peter Lake,1988-07-12,5.0,,,,13.2
Peter Lake,1988-07-12,5.5,,,,10.9
Peter Lake,1988-07-12,6.0,,,,9.4
Peter Lake,1988-07-12,6.5,,,,8.4
Peter Lake,1988-07-12,7.0,,,,7.5
Peter Lake,1988-07-12,8.0,,,,6.4
Peter Lake,1988-07-12,9.0,,,,5.8
Peter Lake,1988-07-12,10.0,,,,5.2
Peter Lake,1988-07-12,12.0,,,,4.8
Peter Lake,1988-07-19,0.0,,,,23.6
Peter Lake,1988-07-19,0.25,,,,
Peter Lake,1988-07-19,0.5,,,,23.6
Peter Lake,1988-07-19,0.75,,,,
Peter Lake,1988-07-19,1.0,,,,23.5
Peter Lake,1988-07-19,1.5,,,,23.5
Peter Lake,1988-07-19,2.0,,,,23.4
Peter Lake,1988-07-19,2.5,,,,23.4
Peter Lake,1988-07-19,3.0,,,,23.3
Peter Lake,1988-07-19,3.5,,,,21.4
Peter Lake,1988-07-19,4.0,,,,18.8
Peter Lake,1988-07-19,4.5,,,,16.5
Peter Lake,1988-07-19,5.0,,,,14.4
Peter Lake,1988-07-19,5.5,,,,11.7
Peter Lake,1988-07-19,6.0,,,,10.3
Peter Lake,1988-07-19,6.5,,,,8.7
Peter Lake,1988-07-19,7.0,,,,8.0
Peter Lake,1988-07-19,8.0,,,,6.6
Peter Lake,1988-07-19,10.0,,,,5.3
Peter Lake,1988-07-19,12.0,,,,4.8
Peter Lake,1988-07-26,0.0,,,,23.4
Peter Lake,1988-07-26,0.25,,,,
Peter Lake,1988-07-26,0.5,,,,23.4
Peter Lake,1988-07-26,0.75,,,,
Peter Lake,1988-07-26,1.0,,,,23.4
Peter Lake,1988-07-26,1.5,,,,23.4
Peter Lake,1988-07-26,2.0,,,,23.4
Peter Lake,1988-07-26,2.5,,,,23.4
Peter Lake,1988-07-26,3.0,,,,23.4
Peter Lake,1988-07-26,3.5,,,,23.4
Peter Lake,1988-07-26,4.0,,,,20.0
Peter Lake,1988-07-26,4.5,,,,17.4
Peter Lake,1988-07-26,5.0,,,,15.0
Peter Lake,1988-07-26,5.5,,,,12.3
Peter Lake,1988-07-26,6.0,,,,10.5
Peter Lake,1988-07-26,6.5,,,,9.1
Peter Lake,1988-07-26,7.0,,,,8.0
Peter Lake,1988-07-26,7.5,,,,7.4
Peter Lake,1988-07-26,8.0,,,,6.7
Peter Lake,1988-07-26,10.0,,,,5.3
Peter Lake,1988-07-26,12.0,,,,4.8
Peter Lake,1988-08-02,0.0,,,,24.6
Peter Lake,1988-08-02,0.25,,,,
Peter Lake,1988-08-02,0.5,,,,24.6
Peter Lake,1988-08-02,0.75,,,,
Peter Lake,1988-08-02,1.0,,,,24.5
Peter Lake,1988-08-02,1.5,,,,24.5
Peter Lake,1988-08-02,2.0,,,,24.5
Peter Lake,1988-08-02,2.5,,,,24.5
Peter Lake,1988-08-02,3.0,,,,24.4
Peter Lake,1988-08-02,3.5,,,,23.5
Peter Lake,1988-08-02,4.0,,,,20.8
Peter Lake,1988-08-02,4.5,,,,18.4
Peter Lake,1988-08-02,5.0,,,,14.9
Peter Lake,1988-08-02,5.5,,,,12.6
Peter Lake,1988-08-02,6.0,,,,10.5
Peter Lake,1988-08-02,6.5,,,,10.6
Peter Lake,1988-08-02,7.0,,,,8.4
Peter Lake,1988-08-02,7.5,,,,7.3
Peter Lake,1988-08-02,8.0,,,,6.7
Peter Lake,1988-08-02,8.5,,,,6.2
Peter Lake,1988-08-02,10.0,,,,5.3
Peter Lake,1988-08-02,12.0,,,,4.8
Peter Lake,1988-08-09,0.0,,,,24.1
Peter Lake,1988-08-09,0.25,,,,
Peter Lake,1988-08-09,0.5,,,,24.1
Peter Lake,1988-08-09,0.75,,,,
Peter Lake,1988-08-09,1.0,,,,24.2
Peter Lake,1988-08-09,1.5,,,,24.2
Peter Lake,1988-08-09,2.0,,,,24.1
Peter Lake,1988-08-09,2.5,,,,24.1
Peter Lake,1988-08-09,3.0,,,,24.1
Peter Lake,1988-08-09,3.5,,,,24.1
Peter Lake,1988-08-09,4.0,,,,22.2
Peter Lake,1988-08-09,4.5,,,,19.0
Peter Lake,1988-08-09,5.0,,,,16.4
Peter Lake,1988-08-09,5.5,,,,14.0
Peter Lake,1988-08-09,6.0,,,,11.5
Peter Lake,1988-08-09,6.5,,,,9.8
Peter Lake,1988-08-09,7.0,,,,8.5
Peter Lake,1988-08-09,7.5,,,,7.6
Peter Lake,1988-08-09,8.0,,,,7.0
Peter Lake,1988-08-09,8.5,,,,6.5
Peter Lake,1988-08-09,10.0,,,,5.5
Peter Lake,1988-08-09,12.0,,,,4.9
Peter Lake,1988-08-16,0.0,,,,24.7
Peter Lake,1988-08-16,0.25,,,,
Peter Lake,1988-08-16,0.5,,,,24.8
Peter Lake,1988-08-16,0.75,,,,
Peter Lake,1988-08-16,1.0,,,,24.8
Peter Lake,1988-08-16,1.5,,,,24.7
Peter Lake,1988-08-16,2.0,,,,24.7
Peter Lake,1988-08-16,2.5,,,,24.4
Peter Lake,1988-08-16,3.0,,,,24.2
Peter Lake,1988-08-16,3.5,,,,24.1
Peter Lake,1988-08-16,4.0,,,,23.1
Peter Lake,1988-08-16,4.5,,,,21.1
Peter Lake,1988-08-16,5.0,,,,18.6
Peter Lake,1988-08-16,5.5,,,,15.5
Peter Lake,1988-08-16,6.0,,,,12.5
Peter Lake,1988-08-16,6.5,,,,11.1
Peter Lake,1988-08-16,7.0,,,,9.3
Peter Lake,1988-08-16,8.0,,,,7.6
Peter Lake,1988-08-16,10.0,,,,5.9
Peter Lake,1988-08-16,12.0,,,,5.0
Peter Lake,1988-08-23,0.0,,,,21.8
Peter Lake,1988-08-23,0.25,,,,
Peter Lake,1988-08-23,0.5,,,,21.7
Peter Lake,1988-08-23,0.75,,,,
Peter Lake,1988-08-23,1.0,,,,21.7
Peter Lake,1988-08-23,1.5,,,,21.7
Peter Lake,1988-08-23,2.0,,,,21.7
Peter Lake,1988-08-23,2.5,,,,21.7
Peter Lake,1988-08-23,3.0,,,,21.7
Peter Lake,1988-08-23,3.5,,,,21.7
Peter Lake,1988-08-23,4.0,,,,21.7
Peter Lake,1988-08-23,4.5,,,,21.6
Peter Lake,1988-08-23,5.0,,,,17.7
Peter Lake,1988-08-23,5.5,,,,15.0
Peter Lake,1988-08-23,6.0,,,,12.5
Peter Lake,1988-08-23,6.5,,,,10.7
Peter Lake,1988-08-23,7.0,,,,9.5
Peter Lake,1988-08-23,7.5,,,,8.0
Peter Lake,1988-08-23,8.0,,,,7.4
Peter Lake,1988-08-23,10.0,,,,5.6
Peter Lake,1988-08-23,11.0,,,,5.2
Peter Lake,1988-08-23,12.0,,,,5.0
Peter Lake,1988-08-30,0.0,,,,18.9
Peter Lake,1988-08-30,0.25,,,,
Peter Lake,1988-08-30,0.5,,,,18.9
Peter Lake,1988-08-30,0.75,,,,
Peter Lake,1988-08-30,1.0,,,,18.9
Peter Lake,1988-08-30,1.5,,,,18.9
Peter Lake,1988-08-30,2.0,,,,18.9
Peter Lake,1988-08-30,2.5,,,,18.9
Peter Lake,1988-08-30,3.0,,,,18.9
Peter Lake,1988-08-30,3.5,,,,18.9
Peter Lake,1988-08-30,4.0,,,,18.9
Peter Lake,1988-08-30,4.5,,,,18.8
Peter Lake,1988-08-30,5.0,,,,18.8
Peter Lake,1988-08-30,5.5,,,,15.8
Peter Lake,1988-08-30,6.0,,,,12.6
Peter Lake,1988-08-30,6.5,,,,10.7
Peter Lake,1988-08-30,7.0,,,,10.0
Peter Lake,1988-08-30,7.5,,,,8.3
Peter Lake,1988-08-30,8.0,,,,7.6
Peter Lake,1988-08-30,8.5,,,,6.8
Peter Lake,1988-08-30,9.0,,,,6.4
Peter Lake,1988-08-30,10.0,,,,5.7
Peter Lake,1988-08-30,12.0,,,,5.0
Peter Lake,1988-09-05,0.0,,,,17.6
Peter Lake,1988-09-05,0.25,,,,
Peter Lake,1988-09-05,0.5,,,,17.6
Peter Lake,1988-09-05,0.75,,,,
Peter Lake,1988-09-05,1.0,,,,17.6
Peter Lake,1988-09-05,1.5,,,,17.6
Peter Lake,1988-09-05,2.0,,,,17.7
Peter Lake,1988-09-05,2.5,,,,17.7
Peter Lake,1988-09-05,3.0,,,,17.7
Peter Lake,1988-09-05,3.5,,,,17.7
Peter Lake,1988-09-05,4.0,,,,17.7
Peter Lake,1988-09-05,4.5,,,,17.6
Peter Lake,1988-09-05,5.0,,,,17.6
Peter Lake,1988-09-05,5.5,,,,17.6
Peter Lake,1988-09-05,6.0,,,,13.3
Peter Lake,1988-09-05,6.5,,,,11.6
Peter Lake,1988-09-05,7.0,,,,10.2
Peter Lake,1988-09-05,7.5,,,,8.7
Peter Lake,1988-09-05,8.0,,,,7.8
Peter Lake,1988-09-05,9.0,,,,6.5
Peter Lake,1988-09-05,10.0,,,,5.6
Peter Lake,1988-09-05,12.0,,,,5.0
Peter Lake,1988-09-17,0.0,,,,17.0
Peter Lake,1988-09-17,1.0,,,,16.5
Peter Lake,1988-09-17,2.0,,,,16.3
Peter Lake,1988-09-17,3.0,,,,16.2
Peter Lake,1988-09-17,4.0,,,,16.1
Peter Lake,1988-09-17,5.0,,,,16.0
Peter Lake,1988-09-17,6.0,,,,15.4
Peter Lake,1988-09-17,7.0,,,,10.2
Peter Lake,1988-09-17,8.0,,,,8.2
Peter Lake,1988-09-17,9.0,,,,6.7
Peter Lake,1988-09-17,10.0,,,,5.9
Peter Lake,1988-09-17,11.0,,,,5.3
Peter Lake,1988-09-17,12.0,,,,5.0
Peter Lake,1988-09-27,0.0,,,,15.2
Peter Lake,1988-09-27,1.0,,,,15.1
Peter Lake,1988-09-27,2.0,,,,15.1
Peter Lake,1988-09-27,3.0,,,,15.1
Peter Lake,1988-09-27,4.0,,,,15.1
Peter Lake,1988-09-27,5.0,,,,15.1
Peter Lake,1988-09-27,6.0,,,,14.5
Peter Lake,1988-09-27,7.0,,,,11.2
Peter Lake,1988-09-27,8.0,,,,8.3
Peter Lake,1988-09-27,9.0,,,,6.8
Peter Lake,1988-09-27,10.0,,,,6.0
Peter Lake,1988-09-27,11.0,,,,5.4
Peter Lake,1988-09-27,12.0,,,,5.1
Peter Lake,1988-10-15,0.0,,,,11.1
Peter Lake,1988-10-15,1.0,,,,10.9
Peter Lake,1988-10-15,2.0,,,,10.2
Peter Lake,1988-10-15,3.0,,,,10.0
Peter Lake,1988-10-15,4.0,,,,9.8
Peter Lake,1988-10-15,5.0,,,,9.7
Peter Lake,1988-10-15,6.0,,,,9.7
Peter Lake,1988-10-15,7.0,,,,9.6
Peter Lake,1988-10-15,8.0,,,,9.6
Peter Lake,1988-10-15,9.0,,,,8.1
Peter Lake,1988-10-15,10.0,,,,6.1
Peter Lake,1988-10-15,11.0,,,,5.5
Peter Lake,1988-10-15,12.0,,,,5.2
Peter Lake,1989-05-23,0.0,,,,18.0
Peter Lake,1989-05-23,0.25,,,,
Peter Lake,1989-05-23,0.5,,,,18.0
Peter Lake,1989-05-23,0.75,,,,
Peter Lake,1989-05-23,1.0,,,,18.0
Peter Lake,1989-05-23,1.5,,,,17.8
Peter Lake,1989-05-23,2.0,,,,15.3
Peter Lake,1989-05-23,2.5,,,,12.3
Peter Lake,1989-05-23,3.0,,,,10.3
Peter Lake,1989-05-23,3.5,,,,8.4
Peter Lake,1989-05-23,4.0,,,,7.3
Peter Lake,1989-05-23,4.5,,,,6.2
Peter Lake,1989-05-23,5.0,,,,5.6
Peter Lake,1989-05-23,5.5,,,,5.1
Peter Lake,1989-05-23,6.0,,,,4.8
Peter Lake,1989-05-23,6.5,,,,4.5
Peter Lake,1989-05-23,7.0,,,,4.5
Peter Lake,1989-05-23,8.0,,,,4.4
Peter Lake,1989-05-23,9.0,,,,4.3
Peter Lake,1989-05-23,10.0,,,,4.3
Peter Lake,1989-05-23,12.0,,,,4.2
Peter Lake,1989-05-30,0.0,,,,16.3
Peter Lake,1989-05-30,0.25,,,,
Peter Lake,1989-05-30,0.5,,,,16.4
Peter Lake,1989-05-30,0.75,,,,
Peter Lake,1989-05-30,1.0,,,,16.4
Peter Lake,1989-05-30,1.5,,,,16.4
Peter Lake,1989-05-30,2.0,,,,16.3
Peter Lake,1989-05-30,2.5,,,,15.0
Peter Lake,1989-05-30,3.0,,,,11.8
Peter Lake,1989-05-30,3.5,,,,10.6
Peter Lake,1989-05-30,4.0,,,,8.7
Peter Lake,1989-05-30,4.5,,,,7.2
Peter Lake,1989-05-30,5.0,,,,6.6
Peter Lake,1989-05-30,5.5,,,,5.8
Peter Lake,1989-05-30,6.0,,,,4.9
Peter Lake,1989-05-30,6.5,,,,4.9
Peter Lake,1989-05-30,7.0,,,,4.6
Peter Lake,1989-05-30,8.0,,,,4.5
Peter Lake,1989-05-30,10.0,,,,4.5
Peter Lake,1989-05-30,12.0,,,,4.2
Peter Lake,1989-06-06,0.0,,,,16.6
Peter Lake,1989-06-06,0.25,,,,
Peter Lake,1989-06-06,0.5,,,,16.4
Peter Lake,1989-06-06,0.75,,,,
Peter Lake,1989-06-06,1.0,,,,16.4
Peter Lake,1989-06-06,1.5,,,,16.3
Peter Lake,1989-06-06,2.0,,,,16.3
Peter Lake,1989-06-06,2.5,,,,16.3
Peter Lake,1989-06-06,3.0,,,,12.8
Peter Lake,1989-06-06,3.5,,,,11.2
Peter Lake,1989-06-06,4.0,,,,9.5
Peter Lake,1989-06-06,4.5,,,,8.1
Peter Lake,1989-06-06,5.0,,,,6.8
Peter Lake,1989-06-06,5.5,,,,6.0
Peter Lake,1989-06-06,6.0,,,,7.2
Peter Lake,1989-06-06,7.0,,,,4.7
Peter Lake,1989-06-06,8.0,,,,4.6
Peter Lake,1989-06-06,9.0,,,,4.6
Peter Lake,1989-06-06,10.0,,,,1.4
Peter Lake,1989-06-06,11.0,,,,4.5
Peter Lake,1989-06-06,12.0,,,,0.7
Peter Lake,1989-06-13,0.0,,,,16.4
Peter Lake,1989-06-13,0.25,,,,
Peter Lake,1989-06-13,0.5,,,,16.4
Peter Lake,1989-06-13,0.75,,,,
Peter Lake,1989-06-13,1.0,,,,16.4
Peter Lake,1989-06-13,1.5,,,,16.4
Peter Lake,1989-06-13,2.0,,,,16.2
Peter Lake,1989-06-13,2.5,,,,15.6
Peter Lake,1989-06-13,3.0,,,,15.1
Peter Lake,1989-06-13,3.5,,,,13.0
Peter Lake,1989-06-13,4.0,,,,10.4
Peter Lake,1989-06-13,4.5,,,,9.0
Peter Lake,1989-06-13,5.0,,,,7.8
Peter Lake,1989-06-13,5.5,,,,6.3
Peter Lake,1989-06-13,6.0,,,,5.5
Peter Lake,1989-06-13,6.5,,,,5.2
Peter Lake,1989-06-13,7.0,,,,4.8
Peter Lake,1989-06-13,8.0,,,,4.7
Peter Lake,1989-06-13,10.0,,,,4.5
Peter Lake,1989-06-13,12.0,,,,4.4
Peter Lake,1989-06-20,0.0,,,,19.6
Peter Lake,1989-06-20,0.25,,,,
Peter Lake,1989-06-20,0.5,,,,19.4
Peter Lake,1989-06-20,0.75,,,,
Peter Lake,1989-06-20,1.0,,,,19.0
Peter Lake,1989-06-20,1.5,,,,17.9
Peter Lake,1989-06-20,2.0,,,,16.5
Peter Lake,1989-06-20,2.5,,,,15.9
Peter Lake,1989-06-20,3.0,,,,15.2
Peter Lake,1989-06-20,3.5,,,,13.6
Peter Lake,1989-06-20,4.0,,,,11.6
Peter Lake,1989-06-20,4.5,,,,9.3
Peter Lake,1989-06-20,5.0,,,,8.2
Peter Lake,1989-06-20,5.5,,,,7.0
Peter Lake,1989-06-20,6.0,,,,5.9
Peter Lake,1989-06-20,6.5,,,,5.4
Peter Lake,1989-06-20,7.0,,,,5.0
Peter Lake,1989-06-20,7.5,,,,4.8
Peter Lake,1989-06-27,0.0,,,,20.9
Peter Lake,1989-06-27,0.25,,,,
Peter Lake,1989-06-27,0.5,,,,21.0
Peter Lake,1989-06-27,0.75,,,,
Peter Lake,1989-06-27,1.0,,,,20.9
Peter Lake,1989-06-27,1.5,,,,20.8
Peter Lake,1989-06-27,2.0,,,,20.1
Peter Lake,1989-06-27,2.5,,,,17.6
Peter Lake,1989-06-27,3.0,,,,16.1
Peter Lake,1989-06-27,3.5,,,,14.1
Peter Lake,1989-06-27,4.0,,,,12.0
Peter Lake,1989-06-27,4.5,,,,10.2
Peter Lake,1989-06-27,5.0,,,,8.8
Peter Lake,1989-06-27,5.5,,,,7.3
Peter Lake,1989-06-27,6.0,,,,6.2
Peter Lake,1989-06-27,6.5,,,,5.6
Peter Lake,1989-06-27,7.0,,,,5.3
Peter Lake,1989-06-27,8.0,,,,4.9
Peter Lake,1989-06-27,10.0,,,,4.6
Peter Lake,1989-06-27,12.0,,,,4.4
Peter Lake,1989-07-04,0.0,,,,23.3
Peter Lake,1989-07-04,0.25,,,,
Peter Lake,1989-07-04,0.5,,,,23.4
Peter Lake,1989-07-04,0.75,,,,
Peter Lake,1989-07-04,1.0,,,,23.7
Peter Lake,1989-07-04,1.5,,,,22.5
Peter Lake,1989-07-04,2.0,,,,21.8
Peter Lake,1989-07-04,2.5,,,,20.4
Peter Lake,1989-07-04,3.0,,,,17.6
Peter Lake,1989-07-04,3.5,,,,15.5
Peter Lake,1989-07-04,4.0,,,,13.2
Peter Lake,1989-07-04,4.5,,,,11.0
Peter Lake,1989-07-04,5.0,,,,9.0
Peter Lake,1989-07-04,5.5,,,,7.6
Peter Lake,1989-07-04,6.0,,,,6.0
Peter Lake,1989-07-04,6.5,,,,5.9
Peter Lake,1989-07-04,7.0,,,,5.4
Peter Lake,1989-07-04,8.0,,,,5.0
Peter Lake,1989-07-04,10.0,,,,4.7
Peter Lake,1989-07-04,12.0,,,,4.5
Peter Lake,1989-07-11,0.0,,,,24.8
Peter Lake,1989-07-11,0.25,,,,
Peter Lake,1989-07-11,0.5,,,,24.9
Peter Lake,1989-07-11,0.75,,,,
Peter Lake,1989-07-11,1.0,,,,24.9
Peter Lake,1989-07-11,1.5,,,,24.9
Peter Lake,1989-07-11,2.0,,,,24.7
Peter Lake,1989-07-11,2.5,,,,22.0
Peter Lake,1989-07-11,3.0,,,,19.4
Peter Lake,1989-07-11,3.5,,,,16.5
Peter Lake,1989-07-11,4.0,,,,14.4
Peter Lake,1989-07-11,4.5,,,,12.2
Peter Lake,1989-07-11,5.0,,,,10.1
Peter Lake,1989-07-11,5.5,,,,8.5
Peter Lake,1989-07-11,6.0,,,,7.1
Peter Lake,1989-07-11,6.5,,,,6.2
Peter Lake,1989-07-11,7.0,,,,5.8
Peter Lake,1989-07-11,8.0,,,,5.1
Peter Lake,1989-07-11,10.0,,,,4.7
Peter Lake,1989-07-11,12.0,,,,4.5
Peter Lake,1989-07-18,0.0,,,,23.5
Peter Lake,1989-07-18,0.25,,,,
Peter Lake,1989-07-18,0.5,,,,23.6
Peter Lake,1989-07-18,0.75,,,,
Peter Lake,1989-07-18,1.0,,,,23.6
Peter Lake,1989-07-18,1.5,,,,23.6
Peter Lake,1989-07-18,2.0,,,,23.5
Peter Lake,1989-07-18,2.5,,,,23.0
Peter Lake,1989-07-18,3.0,,,,20.3
Peter Lake,1989-07-18,3.5,,,,17.2
Peter Lake,1989-07-18,4.0,,,,14.7
Peter Lake,1989-07-18,4.5,,,,12.4
Peter Lake,1989-07-18,5.0,,,,10.7
Peter Lake,1989-07-18,5.5,,,,9.3
Peter Lake,1989-07-18,6.0,,,,7.2
Peter Lake,1989-07-18,6.5,,,,6.3
Peter Lake,1989-07-18,7.0,,,,5.8
Peter Lake,1989-07-18,8.0,,,,5.1
Peter Lake,1989-07-18,10.0,,,,4.6
Peter Lake,1989-07-18,12.0,,,,4.5
Peter Lake,1989-07-25,0.0,,,,25.2
Peter Lake,1989-07-25,0.25,,,,
Peter Lake,1989-07-25,0.5,,,,25.2
Peter Lake,1989-07-25,0.75,,,,
Peter Lake,1989-07-25,1.0,,,,25.1
Peter Lake,1989-07-25,1.5,,,,25.1
Peter Lake,1989-07-25,2.0,,,,24.9
Peter Lake,1989-07-25,2.5,,,,24.0
Peter Lake,1989-07-25,3.0,,,,21.7
Peter Lake,1989-07-25,3.5,,,,18.6
Peter Lake,1989-07-25,4.0,,,,15.8
Peter Lake,1989-07-25,4.5,,,,12.9
Peter Lake,1989-07-25,5.0,,,,10.9
Peter Lake,1989-07-25,5.5,,,,9.2
Peter Lake,1989-07-25,6.0,,,,8.0
Peter Lake,1989-07-25,6.5,,,,
Peter Lake,1989-07-25,7.0,,,,6.0
Peter Lake,1989-07-25,8.0,,,,5.4
Peter Lake,1989-07-25,10.0,,,,4.7
Peter Lake,1989-07-25,12.0,,,,4.5
Peter Lake,1989-08-01,0.0,,,,22.3
Peter Lake,1989-08-01,0.25,,,,
Peter Lake,1989-08-01,0.5,,,,22.2
Peter Lake,1989-08-01,0.75,,,,
Peter Lake,1989-08-01,1.0,,,,22.2
Peter Lake,1989-08-01,1.5,,,,22.2
Peter Lake,1989-08-01,2.0,,,,22.2
Peter Lake,1989-08-01,2.5,,,,22.1
Peter Lake,1989-08-01,3.0,,,,22.0
Peter Lake,1989-08-01,3.5,,,,20.1
Peter Lake,1989-08-01,4.0,,,,16.7
Peter Lake,1989-08-01,4.5,,,,14.2
Peter Lake,1989-08-01,5.0,,,,11.6
Peter Lake,1989-08-01,5.5,,,,9.6
Peter Lake,1989-08-01,6.0,,,,8.3
Peter Lake,1989-08-01,6.5,,,,7.1
Peter Lake,1989-08-01,7.0,,,,6.5
Peter Lake,1989-08-01,8.0,,,,5.6
Peter Lake,1989-08-01,10.0,,,,4.8
Peter Lake,1989-08-01,12.0,,,,4.6
Peter Lake,1989-08-08,0.0,,,,21.7
Peter Lake,1989-08-08,0.25,,,,
Peter Lake,1989-08-08,0.5,,,,21.8
Peter Lake,1989-08-08,0.75,,,,
Peter Lake,1989-08-08,1.0,,,,21.8
Peter Lake,1989-08-08,1.5,,,,21.8
Peter Lake,1989-08-08,2.0,,,,21.8
Peter Lake,1989-08-08,2.5,,,,21.8
Peter Lake,1989-08-08,3.0,,,,21.7
Peter Lake,1989-08-08,3.5,,,,21.4
Peter Lake,1989-08-08,4.0,,,,17.1
Peter Lake,1989-08-08,4.5,,,,14.8
Peter Lake,1989-08-08,5.0,,,,12.1
Peter Lake,1989-08-08,5.5,,,,9.7
Peter Lake,1989-08-08,6.0,,,,8.9
Peter Lake,1989-08-08,6.5,,,,7.5
Peter Lake,1989-08-08,7.0,,,,6.5
Peter Lake,1989-08-08,8.0,,,,5.9
Peter Lake,1989-08-08,10.0,,,,4.8
Peter Lake,1989-08-08,12.0,,,,4.5
Peter Lake,1989-08-15,0.0,,,,21.3
Peter Lake,1989-08-15,0.25,,,,
Peter Lake,1989-08-15,0.5,,,,21.3
Peter Lake,1989-08-15,0.75,,,,
Peter Lake,1989-08-15,1.0,,,,21.4
Peter Lake,1989-08-15,1.5,,,,21.4
Peter Lake,1989-08-15,2.0,,,,21.4
Peter Lake,1989-08-15,2.5,,,,21.4
Peter Lake,1989-08-15,3.0,,,,21.3
Peter Lake,1989-08-15,3.5,,,,21.0
Peter Lake,1989-08-15,4.0,,,,18.1
Peter Lake,1989-08-15,4.5,,,,14.9
Peter Lake,1989-08-15,5.0,,,,12.1
Peter Lake,1989-08-15,5.5,,,,10.5
Peter Lake,1989-08-15,6.0,,,,8.7
Peter Lake,1989-08-15,6.5,,,,7.9
Peter Lake,1989-08-15,7.0,,,,6.8
Peter Lake,1989-08-15,7.5,,,,6.1
Peter Lake,1989-08-15,8.0,,,,5.7
Peter Lake,1989-08-15,10.0,,,,4.8
Peter Lake,1989-08-15,12.0,,,,4.5
Peter Lake,1989-08-22,0.0,,,,21.4
Peter Lake,1989-08-22,0.25,,,,
Peter Lake,1989-08-22,0.5,,,,21.3
Peter Lake,1989-08-22,0.75,,,,
Peter Lake,1989-08-22,1.0,,,,21.3
Peter Lake,1989-08-22,1.5,,,,21.3
Peter Lake,1989-08-22,2.0,,,,21.2
Peter Lake,1989-08-22,2.5,,,,21.0
Peter Lake,1989-08-22,3.0,,,,21.0
Peter Lake,1989-08-22,3.5,,,,20.8
Peter Lake,1989-08-22,4.0,,,,19.0
Peter Lake,1989-08-22,4.5,,,,16.6
Peter Lake,1989-08-22,5.0,,,,13.5
Peter Lake,1989-08-22,5.5,,,,11.0
Peter Lake,1989-08-22,6.0,,,,9.0
Peter Lake,1989-08-22,6.5,,,,7.8
Peter Lake,1989-08-22,7.0,,,,7.0
Peter Lake,1989-08-22,8.0,,,,5.9
Peter Lake,1989-08-22,10.0,,,,5.0
Peter Lake,1989-08-22,12.0,,,,4.6
Peter Lake,1989-08-29,0.0,,,,21.3
Peter Lake,1989-08-29,0.25,,,,
Peter Lake,1989-08-29,0.5,,,,21.3
Peter Lake,1989-08-29,0.75,,,,
Peter Lake,1989-08-29,1.0,,,,21.3
Peter Lake,1989-08-29,1.5,,,,21.3
Peter Lake,1989-08-29,2.0,,,,21.3
Peter Lake,1989-08-29,2.5,,,,21.3
Peter Lake,1989-08-29,3.0,,,,21.2
Peter Lake,1989-08-29,3.5,,,,20.9
Peter Lake,1989-08-29,4.0,,,,19.5
Peter Lake,1989-08-29,4.5,,,,17.0
Peter Lake,1989-08-29,5.0,,,,13.3
Peter Lake,1989-08-29,5.5,,,,11.4
Peter Lake,1989-08-29,6.0,,,,9.5
Peter Lake,1989-08-29,6.5,,,,8.3
Peter Lake,1989-08-29,7.0,,,,7.3
Peter Lake,1989-08-29,7.5,,,,6.4
Peter Lake,1989-08-29,8.0,,,,5.9
Peter Lake,1989-08-29,10.0,,,,4.9
Peter Lake,1989-08-29,12.0,,,,4.5
Peter Lake,1989-09-05,0.0,,,,18.5
Peter Lake,1989-09-05,0.25,,,,
Peter Lake,1989-09-05,0.5,,,,18.6
Peter Lake,1989-09-05,0.75,,,,
Peter Lake,1989-09-05,1.0,,,,18.6
Peter Lake,1989-09-05,1.5,,,,18.6
Peter Lake,1989-09-05,2.0,,,,18.6
Peter Lake,1989-09-05,2.5,,,,18.6
Peter Lake,1989-09-05,3.0,,,,18.6
Peter Lake,1989-09-05,3.5,,,,18.6
Peter Lake,1989-09-05,4.0,,,,18.6
Peter Lake,1989-09-05,4.5,,,,18.6
Peter Lake,1989-09-05,5.0,,,,14.6
Peter Lake,1989-09-05,5.5,,,,12.6
Peter Lake,1989-09-05,6.0,,,,10.1
Peter Lake,1989-09-05,6.5,,,,8.9
Peter Lake,1989-09-05,7.0,,,,7.7
Peter Lake,1989-09-05,7.5,,,,6.6
Peter Lake,1989-09-05,8.0,,,,6.1
Peter Lake,1989-09-05,10.0,,,,4.9
Peter Lake,1989-09-05,12.0,,,,4.5
Peter Lake,1990-05-22,0.0,,,,13.8
Peter Lake,1990-05-22,0.25,,,,
Peter Lake,1990-05-22,0.5,,,,13.5
Peter Lake,1990-05-22,0.75,,,,
Peter Lake,1990-05-22,1.0,,,,13.1
Peter Lake,1990-05-22,1.5,,,,12.5
Peter Lake,1990-05-22,2.0,,,,12.3
Peter Lake,1990-05-22,2.5,,,,12.0
Peter Lake,1990-05-22,3.0,,,,11.7
Peter Lake,1990-05-22,3.5,,,,11.1
Peter Lake,1990-05-22,4.0,,,,9.7
Peter Lake,1990-05-22,4.5,,,,7.3
Peter Lake,1990-05-22,5.0,,,,6.8
Peter Lake,1990-05-22,5.5,,,,6.4
Peter Lake,1990-05-22,6.0,,,,6.1
Peter Lake,1990-05-22,6.5,,,,5.6
Peter Lake,1990-05-22,7.0,,,,5.4
Peter Lake,1990-05-22,8.0,,,,4.8
Peter Lake,1990-05-22,10.0,,,,4.7
Peter Lake,1990-05-22,12.0,,,,4.7
Peter Lake,1990-05-29,0.0,,,,16.8
Peter Lake,1990-05-29,0.25,,,,
Peter Lake,1990-05-29,0.5,,,,16.8
Peter Lake,1990-05-29,0.75,,,,
Peter Lake,1990-05-29,1.0,,,,16.7
Peter Lake,1990-05-29,1.5,,,,16.7
Peter Lake,1990-05-29,2.0,,,,15.4
Peter Lake,1990-05-29,2.5,,,,13.8
Peter Lake,1990-05-29,3.0,,,,12.7
Peter Lake,1990-05-29,3.5,,,,11.3
Peter Lake,1990-05-29,4.0,,,,9.7
Peter Lake,1990-05-29,4.5,,,,8.6
Peter Lake,1990-05-29,5.0,,,,7.6
Peter Lake,1990-05-29,5.5,,,,6.6
Peter Lake,1990-05-29,6.0,,,,6.0
Peter Lake,1990-05-29,6.5,,,,5.7
Peter Lake,1990-05-29,7.0,,,,5.5
Peter Lake,1990-05-29,8.0,,,,5.0
Peter Lake,1990-05-29,10.0,,,,4.8
Peter Lake,1990-05-29,12.0,,,,4.7
Peter Lake,1990-06-05,0.0,,,,16.3
Peter Lake,1990-06-05,0.25,,,,
Peter Lake,1990-06-05,0.5,,,,16.3
Peter Lake,1990-06-05,0.75,,,,
Peter Lake,1990-06-05,1.0,,,,16.3
Peter Lake,1990-06-05,1.5,,,,16.3
Peter Lake,1990-06-05,2.0,,,,16.2
Peter Lake,1990-06-05,2.5,,,,15.8
Peter Lake,1990-06-05,3.0,,,,15.1
Peter Lake,1990-06-05,3.5,,,,12.6
Peter Lake,1990-06-05,4.0,,,,10.6
Peter Lake,1990-06-05,4.5,,,,8.9
Peter Lake,1990-06-05,5.0,,,,8.6
Peter Lake,1990-06-05,5.5,,,,7.0
Peter Lake,1990-06-05,6.0,,,,6.4
Peter Lake,1990-06-05,6.5,,,,5.9
Peter Lake,1990-06-05,7.0,,,,5.6
Peter Lake,1990-06-05,8.0,,,,5.2
Peter Lake,1990-06-05,9.0,,,,5.1
Peter Lake,1990-06-05,10.0,,,,4.8
Peter Lake,1990-06-05,12.0,,,,4.7
Peter Lake,1990-06-12,0.0,,,,17.5
Peter Lake,1990-06-12,0.25,,,,
Peter Lake,1990-06-12,0.5,,,,17.5
Peter Lake,1990-06-12,0.75,,,,
Peter Lake,1990-06-12,1.0,,,,17.5
Peter Lake,1990-06-12,1.5,,,,17.5
Peter Lake,1990-06-12,2.0,,,,17.5
Peter Lake,1990-06-12,2.5,,,,16.7
Peter Lake,1990-06-12,3.0,,,,15.8
Peter Lake,1990-06-12,3.5,,,,14.3
Peter Lake,1990-06-12,4.0,,,,11.7
Peter Lake,1990-06-12,4.5,,,,9.8
Peter Lake,1990-06-12,5.0,,,,8.9
Peter Lake,1990-06-12,5.5,,,,8.1
Peter Lake,1990-06-12,6.0,,,,7.0
Peter Lake,1990-06-12,6.5,,,,6.2
Peter Lake,1990-06-12,7.0,,,,5.6
Peter Lake,1990-06-12,8.0,,,,5.3
Peter Lake,1990-06-12,9.0,,,,5.1
Peter Lake,1990-06-12,10.0,,,,5.0
Peter Lake,1990-06-12,11.0,,,,4.8
Peter Lake,1990-06-12,12.0,,,,4.7
Peter Lake,1990-06-19,0.0,,,,18.9
Peter Lake,1990-06-19,0.25,,,,
Peter Lake,1990-06-19,0.5,,,,18.9
Peter Lake,1990-06-19,0.75,,,,
Peter Lake,1990-06-19,1.0,,,,18.9
Peter Lake,1990-06-19,1.5,,,,18.8
Peter Lake,1990-06-19,2.0,,,,18.8
Peter Lake,1990-06-19,2.5,,,,18.6
Peter Lake,1990-06-19,3.0,,,,16.6
Peter Lake,1990-06-19,3.5,,,,14.2
Peter Lake,1990-06-19,4.0,,,,12.4
Peter Lake,1990-06-19,4.5,,,,10.8
Peter Lake,1990-06-19,5.0,,,,9.3
Peter Lake,1990-06-19,5.5,,,,8.1
Peter Lake,1990-06-19,6.0,,,,7.0
Peter Lake,1990-06-19,6.5,,,,6.6
Peter Lake,1990-06-19,7.0,,,,6.1
Peter Lake,1990-06-19,8.0,,,,5.3
Peter Lake,1990-06-19,9.0,,,,5.1
Peter Lake,1990-06-19,10.0,,,,4.9
Peter Lake,1990-06-19,11.0,,,,4.8
Peter Lake,1990-06-19,12.0,,,,4.7
Peter Lake,1990-06-26,0.0,,,,21.9
Peter Lake,1990-06-26,0.25,,,,
Peter Lake,1990-06-26,0.5,,,,21.9
Peter Lake,1990-06-26,0.75,,,,
Peter Lake,1990-06-26,1.0,,,,21.2
Peter Lake,1990-06-26,1.5,,,,20.5
Peter Lake,1990-06-26,2.0,,,,19.8
Peter Lake,1990-06-26,2.5,,,,19.3
Peter Lake,1990-06-26,3.0,,,,17.9
Peter Lake,1990-06-26,3.5,,,,15.9
Peter Lake,1990-06-26,4.0,,,,13.5
Peter Lake,1990-06-26,4.5,,,,11.0
Peter Lake,1990-06-26,5.0,,,,9.5
Peter Lake,1990-06-26,5.5,,,,8.1
Peter Lake,1990-06-26,6.0,,,,7.0
Peter Lake,1990-06-26,6.5,,,,6.4
Peter Lake,1990-06-26,7.0,,,,5.8
Peter Lake,1990-06-26,8.0,,,,5.4
Peter Lake,1990-06-26,9.0,,,,5.2
Peter Lake,1990-06-26,10.0,,,,4.9
Peter Lake,1990-06-26,11.0,,,,4.8
Peter Lake,1990-06-26,12.0,,,,4.7
Peter Lake,1990-07-03,0.0,,,,23.4
Peter Lake,1990-07-03,0.25,,,,
Peter Lake,1990-07-03,0.5,,,,23.4
Peter Lake,1990-07-03,0.75,,,,
Peter Lake,1990-07-03,1.0,,,,23.4
Peter Lake,1990-07-03,1.5,,,,23.4
Peter Lake,1990-07-03,2.0,,,,22.6
Peter Lake,1990-07-03,2.5,,,,20.7
Peter Lake,1990-07-03,3.0,,,,19.0
Peter Lake,1990-07-03,3.5,,,,16.3
Peter Lake,1990-07-03,4.0,,,,13.5
Peter Lake,1990-07-03,4.5,,,,11.5
Peter Lake,1990-07-03,5.0,,,,10.0
Peter Lake,1990-07-03,5.5,,,,8.5
Peter Lake,1990-07-03,6.0,,,,7.3
Peter Lake,1990-07-03,6.5,,,,6.6
Peter Lake,1990-07-03,7.0,,,,6.1
Peter Lake,1990-07-03,8.0,,,,5.4
Peter Lake,1990-07-03,9.0,,,,5.1
Peter Lake,1990-07-03,10.0,,,,4.6
Peter Lake,1990-07-03,11.0,,,,4.6
Peter Lake,1990-07-03,12.0,,,,4.5
Peter Lake,1990-07-10,0.0,,,,21.6
Peter Lake,1990-07-10,0.25,,,,
Peter Lake,1990-07-10,0.5,,,,21.7
Peter Lake,1990-07-10,0.75,,,,
Peter Lake,1990-07-10,1.0,,,,21.6
Peter Lake,1990-07-10,1.5,,,,21.5
Peter Lake,1990-07-10,2.0,,,,21.4
Peter Lake,1990-07-10,2.5,,,,21.3
Peter Lake,1990-07-10,3.0,,,,20.7
Peter Lake,1990-07-10,3.5,,,,16.9
Peter Lake,1990-07-10,4.0,,,,14.8
Peter Lake,1990-07-10,4.5,,,,12.5
Peter Lake,1990-07-10,5.0,,,,10.2
Peter Lake,1990-07-10,5.5,,,,9.1
Peter Lake,1990-07-10,6.0,,,,7.7
Peter Lake,1990-07-10,6.5,,,,6.8
Peter Lake,1990-07-10,7.0,,,,6.3
Peter Lake,1990-07-10,8.0,,,,5.5
Peter Lake,1990-07-10,9.0,,,,5.1
Peter Lake,1990-07-10,10.0,,,,4.8
Peter Lake,1990-07-10,12.0,,,,4.6
Peter Lake,1990-07-17,0.0,,,,21.2
Peter Lake,1990-07-17,0.25,,,,
Peter Lake,1990-07-17,0.5,,,,21.3
Peter Lake,1990-07-17,0.75,,,,
Peter Lake,1990-07-17,1.0,,,,21.3
Peter Lake,1990-07-17,1.5,,,,21.3
Peter Lake,1990-07-17,2.0,,,,21.3
Peter Lake,1990-07-17,2.5,,,,21.2
Peter Lake,1990-07-17,3.0,,,,20.7
Peter Lake,1990-07-17,3.5,,,,18.8
Peter Lake,1990-07-17,4.0,,,,15.6
Peter Lake,1990-07-17,4.5,,,,13.2
Peter Lake,1990-07-17,5.0,,,,11.3
Peter Lake,1990-07-17,5.5,,,,9.2
Peter Lake,1990-07-17,6.0,,,,7.9
Peter Lake,1990-07-17,6.5,,,,7.0
Peter Lake,1990-07-17,7.0,,,,6.3
Peter Lake,1990-07-17,8.0,,,,5.7
Peter Lake,1990-07-17,9.0,,,,5.2
Peter Lake,1990-07-17,10.0,,,,4.9
Peter Lake,1990-07-17,11.0,,,,4.6
Peter Lake,1990-07-24,0.0,,,,22.3
Peter Lake,1990-07-24,0.25,,,,
Peter Lake,1990-07-24,0.5,,,,22.3
Peter Lake,1990-07-24,0.75,,,,
Peter Lake,1990-07-24,1.0,,,,22.2
Peter Lake,1990-07-24,1.5,,,,22.2
Peter Lake,1990-07-24,2.0,,,,22.2
Peter Lake,1990-07-24,2.5,,,,22.2
Peter Lake,1990-07-24,3.0,,,,21.7
Peter Lake,1990-07-24,3.5,,,,19.4
Peter Lake,1990-07-24,4.0,,,,16.4
Peter Lake,1990-07-24,4.5,,,,13.4
Peter Lake,1990-07-24,5.0,,,,11.5
Peter Lake,1990-07-24,5.5,,,,9.8
Peter Lake,1990-07-24,6.0,,,,8.3
Peter Lake,1990-07-24,6.5,,,,7.2
Peter Lake,1990-07-24,7.0,,,,6.7
Peter Lake,1990-07-24,8.0,,,,5.8
Peter Lake,1990-07-24,9.0,,,,5.3
Peter Lake,1990-07-24,10.0,,,,5.0
Peter Lake,1990-07-24,11.0,,,,4.8
Peter Lake,1990-07-24,12.0,,,,4.7
Peter Lake,1990-07-31,0.0,,,,21.7
Peter Lake,1990-07-31,0.25,,,,
Peter Lake,1990-07-31,0.5,,,,21.7
Peter Lake,1990-07-31,0.75,,,,
Peter Lake,1990-07-31,1.0,,,,21.7
Peter Lake,1990-07-31,1.5,,,,21.6
Peter Lake,1990-07-31,2.0,,,,21.6
Peter Lake,1990-07-31,2.5,,,,21.6
Peter Lake,1990-07-31,3.0,,,,21.5
Peter Lake,1990-07-31,3.5,,,,20.5
Peter Lake,1990-07-31,4.0,,,,16.9
Peter Lake,1990-07-31,4.5,,,,14.2
Peter Lake,1990-07-31,5.0,,,,11.8
Peter Lake,1990-07-31,5.5,,,,10.1
Peter Lake,1990-07-31,6.0,,,,8.6
Peter Lake,1990-07-31,6.5,,,,7.5
Peter Lake,1990-07-31,7.0,,,,6.7
Peter Lake,1990-07-31,8.0,,,,5.8
Peter Lake,1990-07-31,9.0,,,,5.6
Peter Lake,1990-07-31,10.0,,,,5.1
Peter Lake,1990-07-31,11.0,,,,4.8
Peter Lake,1990-07-31,12.0,,,,4.7
Peter Lake,1990-08-07,0.0,,,,21.4
Peter Lake,1990-08-07,0.25,,,,
Peter Lake,1990-08-07,0.5,,,,21.4
Peter Lake,1990-08-07,0.75,,,,
Peter Lake,1990-08-07,1.0,,,,21.4
Peter Lake,1990-08-07,1.5,,,,21.3
Peter Lake,1990-08-07,2.0,,,,21.3
Peter Lake,1990-08-07,2.5,,,,21.3
Peter Lake,1990-08-07,3.0,,,,21.3
Peter Lake,1990-08-07,3.5,,,,21.0
Peter Lake,1990-08-07,4.0,,,,17.8
Peter Lake,1990-08-07,4.5,,,,15.0
Peter Lake,1990-08-07,5.0,,,,12.3
Peter Lake,1990-08-07,5.5,,,,10.7
Peter Lake,1990-08-07,6.0,,,,9.0
Peter Lake,1990-08-07,6.5,,,,8.1
Peter Lake,1990-08-07,7.0,,,,7.0
Peter Lake,1990-08-07,8.0,,,,6.0
Peter Lake,1990-08-07,9.0,,,,5.4
Peter Lake,1990-08-07,10.0,,,,5.1
Peter Lake,1990-08-07,11.0,,,,4.8
Peter Lake,1990-08-07,12.0,,,,4.7
Peter Lake,1990-08-14,0.0,,,,20.7
Peter Lake,1990-08-14,0.25,,,,
Peter Lake,1990-08-14,0.5,,,,20.7
Peter Lake,1990-08-14,0.75,,,,
Peter Lake,1990-08-14,1.0,,,,20.7
Peter Lake,1990-08-14,1.5,,,,20.7
Peter Lake,1990-08-14,2.0,,,,20.7
Peter Lake,1990-08-14,2.5,,,,20.7
Peter Lake,1990-08-14,3.0,,,,20.6
Peter Lake,1990-08-14,3.5,,,,20.6
Peter Lake,1990-08-14,4.0,,,,18.3
Peter Lake,1990-08-14,4.5,,,,15.7
Peter Lake,1990-08-14,5.0,,,,12.8
Peter Lake,1990-08-14,5.5,,,,10.8
Peter Lake,1990-08-14,6.0,,,,9.3
Peter Lake,1990-08-14,6.5,,,,8.1
Peter Lake,1990-08-14,7.0,,,,7.2
Peter Lake,1990-08-14,8.0,,,,6.1
Peter Lake,1990-08-14,9.0,,,,5.6
Peter Lake,1990-08-14,10.0,,,,5.1
Peter Lake,1990-08-14,11.0,,,,4.8
Peter Lake,1990-08-14,12.0,,,,4.6
Peter Lake,1990-08-21,0.0,,,,20.4
Peter Lake,1990-08-21,0.25,,,,
Peter Lake,1990-08-21,0.5,,,,20.4
Peter Lake,1990-08-21,0.75,,,,
Peter Lake,1990-08-21,1.0,,,,20.4
Peter Lake,1990-08-21,1.5,,,,20.4
Peter Lake,1990-08-21,2.0,,,,20.4
Peter Lake,1990-08-21,2.5,,,,20.4
Peter Lake,1990-08-21,3.0,,,,20.4
Peter Lake,1990-08-21,3.5,,,,20.4
Peter Lake,1990-08-21,4.0,,,,19.2
Peter Lake,1990-08-21,4.5,,,,16.4
Peter Lake,1990-08-21,5.0,,,,13.8
Peter Lake,1990-08-21,5.5,,,,11.4
Peter Lake,1990-08-21,6.0,,,,10.2
Peter Lake,1990-08-21,6.5,,,,8.4
Peter Lake,1990-08-21,7.0,,,,7.6
Peter Lake,1990-08-21,8.0,,,,6.8
Peter Lake,1990-08-21,9.0,,,,5.6
Peter Lake,1990-08-21,10.0,,,,5.2
Peter Lake,1990-08-21,11.0,,,,4.9
Peter Lake,1990-08-21,12.0,,,,4.7
Peter Lake,1990-08-27,0.0,,,,22.1
Peter Lake,1990-08-27,0.25,,,,
Peter Lake,1990-08-27,0.5,,,,22.1
Peter Lake,1990-08-27,0.75,,,,
Peter Lake,1990-08-27,1.0,,,,22.1
Peter Lake,1990-08-27,1.5,,,,22.1
Peter Lake,1990-08-27,2.0,,,,22.1
Peter Lake,1990-08-27,2.5,,,,21.9
Peter Lake,1990-08-27,3.0,,,,21.5
Peter Lake,1990-08-27,3.5,,,,20.5
Peter Lake,1990-08-27,4.0,,,,19.3
Peter Lake,1990-08-27,4.5,,,,16.6
Peter Lake,1990-08-27,5.0,,,,13.7
Peter Lake,1990-08-27,5.5,,,,11.7
Peter Lake,1990-08-27,6.0,,,,9.6
Peter Lake,1990-08-27,6.5,,,,8.6
Peter Lake,1990-08-27,7.0,,,,7.5
Peter Lake,1990-08-27,8.0,,,,6.3
Peter Lake,1990-08-27,9.0,,,,5.6
Peter Lake,1990-08-27,10.0,,,,5.2
Peter Lake,1990-08-27,11.0,,,,5.0
Peter Lake,1990-08-27,12.0,,,,4.7
Peter Lake,1990-09-04,0.0,,,,20.9
Peter Lake,1990-09-04,0.25,,,,
Peter Lake,1990-09-04,0.5,,,,20.9
Peter Lake,1990-09-04,0.75,,,,
Peter Lake,1990-09-04,1.0,,,,20.8
Peter Lake,1990-09-04,1.5,,,,20.7
Peter Lake,1990-09-04,2.0,,,,20.7
Peter Lake,1990-09-04,2.5,,,,20.7
Peter Lake,1990-09-04,3.0,,,,20.7
Peter Lake,1990-09-04,3.5,,,,20.7
Peter Lake,1990-09-04,4.0,,,,20.6
Peter Lake,1990-09-04,4.5,,,,17.1
Peter Lake,1990-09-04,5.0,,,,14.6
Peter Lake,1990-09-04,5.5,,,,11.9
Peter Lake,1990-09-04,6.0,,,,10.2
Peter Lake,1990-09-04,6.5,,,,8.7
Peter Lake,1990-09-04,7.0,,,,7.9
Peter Lake,1990-09-04,7.5,,,,7.1
Peter Lake,1990-09-04,8.0,,,,6.7
Peter Lake,1990-09-04,9.0,,,,5.6
Peter Lake,1990-09-04,10.0,,,,5.3
Peter Lake,1990-09-04,11.0,,,,5.0
Peter Lake,1990-09-04,12.0,,,,4.8
Peter Lake,1990-09-10,0.0,,,,19.2
Peter Lake,1990-09-10,0.25,,,,
Peter Lake,1990-09-10,0.5,,,,19.3
Peter Lake,1990-09-10,0.75,,,,
Peter Lake,1990-09-10,1.0,,,,19.3
Peter Lake,1990-09-10,1.5,,,,19.3
Peter Lake,1990-09-10,2.0,,,,19.3
Peter Lake,1990-09-10,2.5,,,,19.3
Peter Lake,1990-09-10,3.0,,,,19.3
Peter Lake,1990-09-10,3.5,,,,19.2
Peter Lake,1990-09-10,4.0,,,,19.2
Peter Lake,1990-09-10,4.5,,,,17.9
Peter Lake,1990-09-10,5.0,,,,14.6
Peter Lake,1990-09-10,5.5,,,,12.0
Peter Lake,1990-09-10,6.0,,,,10.6
Peter Lake,1990-09-10,6.5,,,,8.8
Peter Lake,1990-09-10,7.0,,,,7.9
Peter Lake,1990-09-10,8.0,,,,6.5
Peter Lake,1990-09-10,9.0,,,,5.7
Peter Lake,1990-09-10,10.0,,,,5.2
Peter Lake,1990-09-10,11.0,,,,4.9
Peter Lake,1990-09-10,12.0,,,,4.8
Peter Lake,1991-05-20,0.0,352.0,11.0,,16.6
Peter Lake,1991-05-20,0.25,,,,
Peter Lake,1991-05-20,0.5,,,,16.3
Peter Lake,1991-05-20,0.75,,,,
Peter Lake,1991-05-20,1.0,356.0,15.0,,16.2
Peter Lake,1991-05-20,1.5,,,,16.1
Peter Lake,1991-05-20,2.0,,,,15.6
Peter Lake,1991-05-20,2.25,364.0,28.0,,
Peter Lake,1991-05-20,2.5,,,,12.6
Peter Lake,1991-05-20,3.0,,,,10.9
Peter Lake,1991-05-20,3.5,582.0,14.0,,9.4
Peter Lake,1991-05-20,4.0,,,,8.2
Peter Lake,1991-05-20,4.5,,,,6.9
Peter Lake,1991-05-20,4.65,335.0,17.0,,
Peter Lake,1991-05-20,5.0,,,,6.3
Peter Lake,1991-05-20,5.5,,,,5.4
Peter Lake,1991-05-20,6.0,,,,5.1
Peter Lake,1991-05-20,6.5,352.0,19.0,,4.9
Peter Lake,1991-05-20,7.0,,,,4.7
Peter Lake,1991-05-20,8.0,,,,4.4
Peter Lake,1991-05-20,9.0,,,,4.3
Peter Lake,1991-05-20,10.0,,,,4.3
Peter Lake,1991-05-20,11.0,,,,4.3
Peter Lake,1991-05-20,12.0,,,,4.3
Peter Lake,1991-05-28,0.0,342.0,23.0,,20.6
Peter Lake,1991-05-28,0.25,,,,
Peter Lake,1991-05-28,0.5,,,,20.3
Peter Lake,1991-05-28,0.75,,,,
Peter Lake,1991-05-28,0.85,326.0,13.0,,
Peter Lake,1991-05-28,1.0,,,,20.2
Peter Lake,1991-05-28,1.5,,,,20.0
Peter Lake,1991-05-28,1.75,573.0,17.0,,
Peter Lake,1991-05-28,2.0,,,,19.3
Peter Lake,1991-05-28,2.5,,,,16.0
Peter Lake,1991-05-28,3.0,,,,13.4
Peter Lake,1991-05-28,3.25,386.0,11.0,,
Peter Lake,1991-05-28,3.5,,,,11.2
Peter Lake,1991-05-28,4.0,,,,9.4
Peter Lake,1991-05-28,4.25,400.0,12.0,,
Peter Lake,1991-05-28,4.5,,,,8.3
Peter Lake,1991-05-28,5.0,,,,6.3
Peter Lake,1991-05-28,5.5,,,,5.9
Peter Lake,1991-05-28,6.0,,,,5.4
Peter Lake,1991-05-28,6.5,415.0,16.0,,5.1
Peter Lake,1991-05-28,7.0,,,,4.8
Peter Lake,1991-05-28,8.0,,,,4.5
Peter Lake,1991-05-28,9.0,,,,4.4
Peter Lake,1991-05-28,10.0,,,,4.3
Peter Lake,1991-05-28,11.0,,,,4.3
Peter Lake,1991-05-28,12.0,660.0,25.0,,4.3
Peter Lake,1991-06-04,0.0,573.0,5.0,4.0,21.2
Peter Lake,1991-06-04,0.25,,,,
Peter Lake,1991-06-04,0.5,,,,21.2
Peter Lake,1991-06-04,0.75,,,,
Peter Lake,1991-06-04,0.9,436.0,6.0,7.0,
Peter Lake,1991-06-04,1.0,,,,21.2
Peter Lake,1991-06-04,1.5,,,,21.2
Peter Lake,1991-06-04,1.75,394.0,7.0,5.0,
Peter Lake,1991-06-04,2.0,,,,20.3
Peter Lake,1991-06-04,2.5,,,,16.6
Peter Lake,1991-06-04,3.0,,,,14.2
Peter Lake,1991-06-04,3.2,342.0,6.0,6.0,
Peter Lake,1991-06-04,3.5,,,,11.8
Peter Lake,1991-06-04,4.0,,,,9.9
Peter Lake,1991-06-04,4.25,324.0,5.0,6.0,
Peter Lake,1991-06-04,4.5,,,,7.4
Peter Lake,1991-06-04,5.0,,,,7.2
Peter Lake,1991-06-04,5.5,,,,6.5
Peter Lake,1991-06-04,6.0,,,,5.5
Peter Lake,1991-06-04,6.5,,,,5.2
Peter Lake,1991-06-04,6.75,439.0,16.0,7.0,
Peter Lake,1991-06-04,7.0,,,,4.9
Peter Lake,1991-06-04,8.0,,,,4.5
Peter Lake,1991-06-04,9.0,,,,4.4
Peter Lake,1991-06-04,10.0,,,,4.4
Peter Lake,1991-06-04,11.0,,,,4.4
Peter Lake,1991-06-04,12.0,590.0,19.0,8.0,4.3
Peter Lake,1991-06-11,0.0,296.0,9.0,4.0,22.4
Peter Lake,1991-06-11,0.25,,,,
Peter Lake,1991-06-11,0.5,,,,22.4
Peter Lake,1991-06-11,0.75,,,,
Peter Lake,1991-06-11,1.0,,,,22.3
Peter Lake,1991-06-11,1.25,291.0,9.0,9.0,
Peter Lake,1991-06-11,1.5,,,,22.3
Peter Lake,1991-06-11,2.0,,,,22.1
Peter Lake,1991-06-11,2.5,,,,18.6
Peter Lake,1991-06-11,2.6,308.0,8.0,5.0,
Peter Lake,1991-06-11,3.0,,,,15.8
Peter Lake,1991-06-11,3.5,,,,13.4
Peter Lake,1991-06-11,4.0,,,,11.2
Peter Lake,1991-06-11,4.1,324.0,12.0,8.0,
Peter Lake,1991-06-11,4.5,,,,9.5
Peter Lake,1991-06-11,5.0,,,,7.6
Peter Lake,1991-06-11,5.4,374.0,16.0,8.0,
Peter Lake,1991-06-11,5.5,,,,6.6
Peter Lake,1991-06-11,6.0,,,,5.8
Peter Lake,1991-06-11,6.5,,,,5.3
Peter Lake,1991-06-11,7.0,,,,4.9
Peter Lake,1991-06-11,7.8,376.0,19.0,11.0,
Peter Lake,1991-06-11,8.0,,,,4.7
Peter Lake,1991-06-11,9.0,,,,4.5
Peter Lake,1991-06-11,10.0,,,,4.4
Peter Lake,1991-06-11,11.0,,,,4.4
Peter Lake,1991-06-11,12.0,676.0,31.0,18.0,4.4
Peter Lake,1991-06-18,0.0,321.0,8.0,4.0,23.3
Peter Lake,1991-06-18,0.25,,,,
Peter Lake,1991-06-18,0.5,,,,23.3
Peter Lake,1991-06-18,0.75,,,,
Peter Lake,1991-06-18,1.0,286.0,10.0,5.0,23.3
Peter Lake,1991-06-18,1.5,,,,23.2
Peter Lake,1991-06-18,2.0,295.0,15.0,5.0,23.0
Peter Lake,1991-06-18,2.5,,,,21.6
Peter Lake,1991-06-18,3.0,,,,18.0
Peter Lake,1991-06-18,3.5,,,,14.1
Peter Lake,1991-06-18,3.8,274.0,7.0,1.0,
Peter Lake,1991-06-18,4.0,,,,12.5
Peter Lake,1991-06-18,4.5,,,,10.2
Peter Lake,1991-06-18,5.0,,,,8.8
Peter Lake,1991-06-18,5.2,269.0,15.0,2.0,
Peter Lake,1991-06-18,5.5,,,,7.5
Peter Lake,1991-06-18,6.0,,,,6.5
Peter Lake,1991-06-18,6.5,,,,5.9
Peter Lake,1991-06-18,7.0,,,,5.5
Peter Lake,1991-06-18,7.6,359.0,19.0,6.0,
Peter Lake,1991-06-18,8.0,,,,4.9
Peter Lake,1991-06-18,9.0,,,,4.7
Peter Lake,1991-06-18,10.0,,,,4.5
Peter Lake,1991-06-18,11.0,,,,4.4
Peter Lake,1991-06-18,12.0,626.0,33.0,4.0,4.4
Peter Lake,1991-06-25,0.0,292.0,4.0,4.0,21.9
Peter Lake,1991-06-25,0.25,,,,
Peter Lake,1991-06-25,0.5,,,,21.9
Peter Lake,1991-06-25,0.75,,,,
Peter Lake,1991-06-25,1.0,304.0,7.0,3.0,21.9
Peter Lake,1991-06-25,1.5,,,,21.7
Peter Lake,1991-06-25,1.9,317.0,6.0,3.0,
Peter Lake,1991-06-25,2.0,,,,21.6
Peter Lake,1991-06-25,2.5,,,,21.2
Peter Lake,1991-06-25,3.0,,,,19.1
Peter Lake,1991-06-25,3.4,312.0,8.0,3.0,
Peter Lake,1991-06-25,3.5,,,,15.7
Peter Lake,1991-06-25,4.0,,,,13.1
Peter Lake,1991-06-25,4.5,,,,10.9
Peter Lake,1991-06-25,4.7,334.0,11.0,3.0,
Peter Lake,1991-06-25,5.0,,,,9.5
Peter Lake,1991-06-25,5.5,,,,8.3
Peter Lake,1991-06-25,6.0,,,,7.4
Peter Lake,1991-06-25,6.5,,,,6.2
Peter Lake,1991-06-25,7.0,,,,5.5
Peter Lake,1991-06-25,7.4,336.0,17.0,4.0,
Peter Lake,1991-06-25,8.0,,,,4.9
Peter Lake,1991-06-25,9.0,,,,4.7
Peter Lake,1991-06-25,10.0,,,,4.5
Peter Lake,1991-06-25,11.0,,,,4.5
Peter Lake,1991-06-25,12.0,593.0,25.0,6.0,4.4
Peter Lake,1991-07-02,0.0,346.0,10.0,7.0,21.3
Peter Lake,1991-07-02,0.25,,,,
Peter Lake,1991-07-02,0.5,,,,21.3
Peter Lake,1991-07-02,0.75,,,,
Peter Lake,1991-07-02,0.8,352.0,9.0,9.0,
Peter Lake,1991-07-02,1.0,,,,21.3
Peter Lake,1991-07-02,1.5,,,,21.2
Peter Lake,1991-07-02,1.75,395.0,10.0,5.0,
Peter Lake,1991-07-02,2.0,,,,21.2
Peter Lake,1991-07-02,2.5,,,,21.2
Peter Lake,1991-07-02,3.0,,,,21.0
Peter Lake,1991-07-02,3.4,298.0,14.0,1.0,
Peter Lake,1991-07-02,3.5,,,,17.3
Peter Lake,1991-07-02,4.0,,,,14.0
Peter Lake,1991-07-02,4.5,300.0,,6.0,11.9
Peter Lake,1991-07-02,5.0,,,,10.1
Peter Lake,1991-07-02,5.5,,,,8.4
Peter Lake,1991-07-02,6.0,,,,7.3
Peter Lake,1991-07-02,6.5,,,,6.5
Peter Lake,1991-07-02,7.0,385.0,18.0,2.0,5.8
Peter Lake,1991-07-02,8.0,,,,5.1
Peter Lake,1991-07-02,9.0,,,,4.7
Peter Lake,1991-07-02,10.0,,,,4.6
Peter Lake,1991-07-02,11.0,,,,4.5
Peter Lake,1991-07-02,12.0,592.0,28.0,4.0,4.5
Peter Lake,1991-07-09,0.0,266.0,5.0,12.0,22.6
Peter Lake,1991-07-09,0.25,,,,
Peter Lake,1991-07-09,0.5,,,,22.6
Peter Lake,1991-07-09,0.75,,,,
Peter Lake,1991-07-09,1.0,,,,22.6
Peter Lake,1991-07-09,1.1,287.0,11.0,4.0,
Peter Lake,1991-07-09,1.5,,,,22.6
Peter Lake,1991-07-09,2.0,323.0,7.0,9.0,22.6
Peter Lake,1991-07-09,2.5,,,,22.5
Peter Lake,1991-07-09,3.0,,,,20.9
Peter Lake,1991-07-09,3.5,400.0,7.0,4.0,17.9
Peter Lake,1991-07-09,4.0,,,,15.4
Peter Lake,1991-07-09,4.5,,,,12.2
Peter Lake,1991-07-09,4.9,367.0,8.0,2.0,
Peter Lake,1991-07-09,5.0,,,,10.6
Peter Lake,1991-07-09,5.5,,,,9.0
Peter Lake,1991-07-09,6.0,,,,7.6
Peter Lake,1991-07-09,6.5,,,,6.4
Peter Lake,1991-07-09,7.0,,,,6.1
Peter Lake,1991-07-09,7.5,405.0,16.0,3.0,
Peter Lake,1991-07-09,8.0,,,,5.2
Peter Lake,1991-07-09,9.0,,,,4.8
Peter Lake,1991-07-09,10.0,,,,4.6
Peter Lake,1991-07-09,11.0,,,,4.5
Peter Lake,1991-07-09,12.0,575.0,25.0,9.0,4.5
Peter Lake,1991-07-16,0.0,490.0,9.0,4.0,23.7
Peter Lake,1991-07-16,0.25,,,,
Peter Lake,1991-07-16,0.5,,,,23.7
Peter Lake,1991-07-16,0.75,,,,
Peter Lake,1991-07-16,1.0,416.0,6.0,3.0,23.6
Peter Lake,1991-07-16,1.5,,,,23.5
Peter Lake,1991-07-16,2.0,399.0,9.0,3.0,23.5
Peter Lake,1991-07-16,2.5,,,,23.3
Peter Lake,1991-07-16,3.0,,,,22.1
Peter Lake,1991-07-16,3.5,438.0,9.0,4.0,19.5
Peter Lake,1991-07-16,4.0,,,,15.7
Peter Lake,1991-07-16,4.5,363.0,6.0,3.0,13.3
Peter Lake,1991-07-16,5.0,,,,11.5
Peter Lake,1991-07-16,5.5,,,,9.6
Peter Lake,1991-07-16,6.0,,,,7.8
Peter Lake,1991-07-16,6.5,,,,7.0
Peter Lake,1991-07-16,7.0,,,,6.3
Peter Lake,1991-07-16,7.25,426.0,18.0,4.0,
Peter Lake,1991-07-16,8.0,,,,5.5
Peter Lake,1991-07-16,9.0,,,,5.0
Peter Lake,1991-07-16,10.0,,,,4.7
Peter Lake,1991-07-16,11.0,,,,4.6
Peter Lake,1991-07-16,12.0,684.0,26.0,6.0,4.5
Peter Lake,1991-07-23,0.0,364.0,7.0,1.0,24.6
Peter Lake,1991-07-23,0.25,,,,
Peter Lake,1991-07-23,0.5,,,,24.6
Peter Lake,1991-07-23,0.75,,,,
Peter Lake,1991-07-23,1.0,389.0,8.0,3.0,24.6
Peter Lake,1991-07-23,1.5,,,,24.6
Peter Lake,1991-07-23,2.0,336.0,9.0,0.0,24.5
Peter Lake,1991-07-23,2.5,,,,24.5
Peter Lake,1991-07-23,3.0,,,,23.8
Peter Lake,1991-07-23,3.5,336.0,8.0,2.0,20.6
Peter Lake,1991-07-23,4.0,,,,17.2
Peter Lake,1991-07-23,4.5,,,,13.9
Peter Lake,1991-07-23,4.9,357.0,8.0,3.0,
Peter Lake,1991-07-23,5.0,,,,12.0
Peter Lake,1991-07-23,5.5,,,,10.4
Peter Lake,1991-07-23,6.0,,,,8.5
Peter Lake,1991-07-23,6.5,,,,7.3
Peter Lake,1991-07-23,7.0,,,,6.6
Peter Lake,1991-07-23,7.75,391.0,13.0,3.0,
Peter Lake,1991-07-23,8.0,,,,5.5
Peter Lake,1991-07-23,9.0,,,,5.0
Peter Lake,1991-07-23,10.0,,,,4.7
Peter Lake,1991-07-23,11.0,,,,4.6
Peter Lake,1991-07-23,12.0,775.0,25.0,2.0,4.5
Peter Lake,1991-07-30,0.0,368.0,22.0,,20.2
Peter Lake,1991-07-30,0.25,,,,
Peter Lake,1991-07-30,0.5,,,,20.1
Peter Lake,1991-07-30,0.75,,,,
Peter Lake,1991-07-30,0.9,373.0,11.0,1.0,
Peter Lake,1991-07-30,1.0,,,,20.0
Peter Lake,1991-07-30,1.5,,,,19.9
Peter Lake,1991-07-30,2.0,333.0,11.0,1.0,19.9
Peter Lake,1991-07-30,2.5,,,,19.9
Peter Lake,1991-07-30,3.0,,,,19.9
Peter Lake,1991-07-30,3.4,325.0,7.0,,
Peter Lake,1991-07-30,3.5,,,,19.9
Peter Lake,1991-07-30,4.0,,,,19.0
Peter Lake,1991-07-30,4.5,344.0,11.0,1.0,15.2
Peter Lake,1991-07-30,5.0,,,,12.8
Peter Lake,1991-07-30,5.5,,,,10.5
Peter Lake,1991-07-30,6.0,,,,9.1
Peter Lake,1991-07-30,6.5,,,,7.7
Peter Lake,1991-07-30,7.0,,,,7.0
Peter Lake,1991-07-30,7.5,342.0,19.0,1.0,
Peter Lake,1991-07-30,8.0,,,,5.6
Peter Lake,1991-07-30,9.0,,,,5.1
Peter Lake,1991-07-30,10.0,,,,4.9
Peter Lake,1991-07-30,11.0,,,,4.6
Peter Lake,1991-07-30,12.0,754.0,41.0,4.0,4.5
Peter Lake,1991-08-06,0.0,288.0,10.0,2.0,20.9
Peter Lake,1991-08-06,0.25,,,,
Peter Lake,1991-08-06,0.5,,,,20.9
Peter Lake,1991-08-06,0.75,,,,
Peter Lake,1991-08-06,1.0,289.0,8.0,3.0,21.0
Peter Lake,1991-08-06,1.5,,,,21.0
Peter Lake,1991-08-06,2.0,271.0,9.0,3.0,21.0
Peter Lake,1991-08-06,2.5,,,,20.9
Peter Lake,1991-08-06,3.0,,,,20.7
Peter Lake,1991-08-06,3.5,,,,20.5
Peter Lake,1991-08-06,3.6,296.0,9.0,3.0,
Peter Lake,1991-08-06,4.0,,,,18.5
Peter Lake,1991-08-06,4.5,,,,15.6
Peter Lake,1991-08-06,5.0,274.0,10.0,4.0,13.1
Peter Lake,1991-08-06,5.5,,,,11.1
Peter Lake,1991-08-06,6.0,,,,9.4
Peter Lake,1991-08-06,6.5,,,,8.6
Peter Lake,1991-08-06,7.0,,,,7.0
Peter Lake,1991-08-06,8.0,317.0,18.0,2.0,5.9
Peter Lake,1991-08-06,9.0,,,,5.3
Peter Lake,1991-08-06,10.0,,,,4.9
Peter Lake,1991-08-06,11.0,,,,4.7
Peter Lake,1991-08-06,12.0,703.0,35.0,9.0,4.5
Peter Lake,1991-08-13,0.0,317.0,12.0,1.0,22.6
Peter Lake,1991-08-13,0.25,,,,
Peter Lake,1991-08-13,0.5,,,,22.5
Peter Lake,1991-08-13,0.75,,,,
Peter Lake,1991-08-13,1.3,312.0,10.0,2.0,
Peter Lake,1991-08-13,1.5,,,,22.4
Peter Lake,1991-08-13,2.0,,,,22.4
Peter Lake,1991-08-13,2.4,345.0,8.0,1.0,
Peter Lake,1991-08-13,2.5,,,,22.2
Peter Lake,1991-08-13,3.0,,,,21.9
Peter Lake,1991-08-13,3.5,,,,21.2
Peter Lake,1991-08-13,4.0,326.0,11.0,1.0,19.1
Peter Lake,1991-08-13,4.5,,,,15.9
Peter Lake,1991-08-13,5.0,354.0,10.0,4.0,13.4
Peter Lake,1991-08-13,5.5,,,,11.4
Peter Lake,1991-08-13,6.0,,,,9.8
Peter Lake,1991-08-13,6.5,,,,8.1
Peter Lake,1991-08-13,7.0,,,,7.5
Peter Lake,1991-08-13,7.4,402.0,15.0,2.0,
Peter Lake,1991-08-13,8.0,,,,5.9
Peter Lake,1991-08-13,9.0,,,,5.5
Peter Lake,1991-08-13,10.0,,,,4.9
Peter Lake,1991-08-13,11.0,,,,4.7
Peter Lake,1991-08-13,12.0,946.0,38.0,7.0,4.6
Peter Lake,1991-08-20,0.0,280.0,12.0,5.0,21.6
Peter Lake,1991-08-20,0.25,,,,
Peter Lake,1991-08-20,0.5,,,,21.7
Peter Lake,1991-08-20,0.75,,,,
Peter Lake,1991-08-20,1.0,267.0,10.0,5.0,21.7
Peter Lake,1991-08-20,1.5,,,,21.7
Peter Lake,1991-08-20,2.0,303.0,9.0,5.0,21.6
Peter Lake,1991-08-20,2.5,,,,21.6
Peter Lake,1991-08-20,3.0,,,,21.6
Peter Lake,1991-08-20,3.4,317.0,11.0,6.0,
Peter Lake,1991-08-20,3.5,,,,21.5
Peter Lake,1991-08-20,4.0,,,,19.9
Peter Lake,1991-08-20,4.5,295.0,11.0,5.0,17.5
Peter Lake,1991-08-20,5.0,,,,14.1
Peter Lake,1991-08-20,5.5,,,,11.4
Peter Lake,1991-08-20,6.0,,,,9.9
Peter Lake,1991-08-20,6.5,,,,8.9
Peter Lake,1991-08-20,7.0,,,,7.6
Peter Lake,1991-08-20,7.3,306.0,16.0,5.0,
Peter Lake,1991-08-20,8.0,,,,6.2
Peter Lake,1991-08-20,9.0,,,,5.2
Peter Lake,1991-08-20,10.0,,,,4.9
Peter Lake,1991-08-20,11.0,,,,4.7
Peter Lake,1991-08-20,12.0,723.0,36.0,9.0,4.6
Peter Lake,1991-08-27,0.0,275.0,11.0,,22.5
Peter Lake,1991-08-27,0.25,,,,
Peter Lake,1991-08-27,0.5,,,,22.5
Peter Lake,1991-08-27,0.75,,,,
Peter Lake,1991-08-27,1.0,,,,22.5
Peter Lake,1991-08-27,1.1,296.0,10.0,,
Peter Lake,1991-08-27,1.5,,,,22.2
Peter Lake,1991-08-27,2.0,,,,22.0
Peter Lake,1991-08-27,2.12,320.0,8.0,,
Peter Lake,1991-08-27,2.5,,,,21.6
Peter Lake,1991-08-27,3.0,,,,21.4
Peter Lake,1991-08-27,3.5,,,,21.3
Peter Lake,1991-08-27,3.67,336.0,8.0,,
Peter Lake,1991-08-27,4.0,,,,20.7
Peter Lake,1991-08-27,4.5,,,,17.1
Peter Lake,1991-08-27,4.9,279.0,10.0,,
Peter Lake,1991-08-27,5.0,,,,14.4
Peter Lake,1991-08-27,5.5,,,,12.2
Peter Lake,1991-08-27,6.0,,,,10.2
Peter Lake,1991-08-27,6.5,,,,8.8
Peter Lake,1991-08-27,7.0,,,,8.0
Peter Lake,1991-08-27,7.74,307.0,16.0,,
Peter Lake,1991-08-27,8.0,,,,6.4
Peter Lake,1991-08-27,9.0,,,,5.4
Peter Lake,1991-08-27,10.0,,,,4.8
Peter Lake,1991-08-27,11.0,,,,4.8
Peter Lake,1991-08-27,12.0,714.0,34.0,,4.6
Peter Lake,1991-09-03,0.0,345.0,6.0,,21.2
Peter Lake,1991-09-03,0.25,,,,
Peter Lake,1991-09-03,0.5,,,,21.2
Peter Lake,1991-09-03,0.75,,,,
Peter Lake,1991-09-03,0.85,388.0,7.0,,
Peter Lake,1991-09-03,1.0,,,,21.2
Peter Lake,1991-09-03,1.5,,,,21.2
Peter Lake,1991-09-03,2.0,,,,21.2
Peter Lake,1991-09-03,2.2,350.0,9.0,,
Peter Lake,1991-09-03,2.5,,,,21.2
Peter Lake,1991-09-03,3.0,,,,21.2
Peter Lake,1991-09-03,3.5,,,,21.0
Peter Lake,1991-09-03,4.0,430.0,10.0,,20.5
Peter Lake,1991-09-03,4.5,,,,18.1
Peter Lake,1991-09-03,5.0,,,,15.6
Peter Lake,1991-09-03,5.5,417.0,11.0,,12.4
Peter Lake,1991-09-03,6.0,,,,10.6
Peter Lake,1991-09-03,6.5,,,,9.0
Peter Lake,1991-09-03,7.0,,,,7.9
Peter Lake,1991-09-03,8.0,,,,6.4
Peter Lake,1991-09-03,8.4,398.0,21.0,,
Peter Lake,1991-09-03,9.0,,,,5.7
Peter Lake,1991-09-03,10.0,,,,5.1
Peter Lake,1991-09-03,11.0,,,,4.8
Peter Lake,1991-09-03,12.0,703.0,29.0,,4.7
Peter Lake,1992-05-20,0.0,347.15,12.32,,17.1
Peter Lake,1992-05-20,0.25,,,,
Peter Lake,1992-05-20,0.5,,,,16.9
Peter Lake,1992-05-20,0.75,,,,
Peter Lake,1992-05-20,0.95,448.79,13.32,,
Peter Lake,1992-05-20,1.0,,,,16.7
Peter Lake,1992-05-20,1.5,,,,16.3
Peter Lake,1992-05-20,1.85,339.81,14.77,,
Peter Lake,1992-05-20,2.0,,,,15.0
Peter Lake,1992-05-20,2.5,,,,12.9
Peter Lake,1992-05-20,3.0,,,,10.5
Peter Lake,1992-05-20,3.2,314.62,11.92,,
Peter Lake,1992-05-20,3.5,,,,7.6
Peter Lake,1992-05-20,4.0,,,,6.7
Peter Lake,1992-05-20,4.1,286.18,13.17,,
Peter Lake,1992-05-20,4.5,,,,6.1
Peter Lake,1992-05-20,5.0,,,,5.6
Peter Lake,1992-05-20,5.5,,,,5.0
Peter Lake,1992-05-20,6.0,,,,4.7
Peter Lake,1992-05-20,6.1,339.76,26.38,,
Peter Lake,1992-05-20,6.5,,,,4.6
Peter Lake,1992-05-20,7.0,,,,4.4
Peter Lake,1992-05-20,8.0,,,,4.4
Peter Lake,1992-05-20,9.0,,,,4.3
Peter Lake,1992-05-20,10.0,,,,4.3
Peter Lake,1992-05-20,11.0,,,,4.3
Peter Lake,1992-05-20,12.0,521.88,33.15,,4.3
Peter Lake,1992-05-27,0.0,272.0,5.65,11.0,15.5
Peter Lake,1992-05-27,0.25,,,,
Peter Lake,1992-05-27,0.5,,,,15.5
Peter Lake,1992-05-27,0.75,,,,
Peter Lake,1992-05-27,0.9,262.65,14.01,0.0,
Peter Lake,1992-05-27,1.0,,,,15.5
Peter Lake,1992-05-27,1.5,,,,15.4
Peter Lake,1992-05-27,1.85,350.51,12.25,14.0,
Peter Lake,1992-05-27,2.0,,,,15.3
Peter Lake,1992-05-27,2.5,,,,14.8
Peter Lake,1992-05-27,3.0,,,,11.4
Peter Lake,1992-05-27,3.2,342.32,11.91,2.0,
Peter Lake,1992-05-27,3.5,,,,9.3
Peter Lake,1992-05-27,4.0,,,,8.0
Peter Lake,1992-05-27,4.25,373.77,14.52,7.0,
Peter Lake,1992-05-27,4.5,,,,7.0
Peter Lake,1992-05-27,5.0,,,,6.1
Peter Lake,1992-05-27,5.5,,,,5.4
Peter Lake,1992-05-27,6.0,,,,5.1
Peter Lake,1992-05-27,6.4,420.57,21.78,4.0,
Peter Lake,1992-05-27,6.5,,,,4.7
Peter Lake,1992-05-27,7.0,,,,4.6
Peter Lake,1992-05-27,8.0,,,,4.4
Peter Lake,1992-05-27,9.0,,,,4.4
Peter Lake,1992-05-27,10.0,,,,4.4
Peter Lake,1992-05-27,11.0,,,,4.4
Peter Lake,1992-05-27,12.0,902.66,34.05,13.0,4.4
Peter Lake,1992-06-03,0.0,644.28,14.98,,20.1
Peter Lake,1992-06-03,0.25,,,,
Peter Lake,1992-06-03,0.5,,,,19.9
Peter Lake,1992-06-03,0.75,,,,
Peter Lake,1992-06-03,1.0,373.54,7.75,,19.8
Peter Lake,1992-06-03,1.5,,,,19.0
Peter Lake,1992-06-03,2.0,341.85,8.53,,18.8
Peter Lake,1992-06-03,2.5,,,,16.0
Peter Lake,1992-06-03,3.0,,,,13.8
Peter Lake,1992-06-03,3.4,295.06,6.44,,
Peter Lake,1992-06-03,3.5,,,,10.8
Peter Lake,1992-06-03,4.0,,,,9.0
Peter Lake,1992-06-03,4.5,,,,7.8
Peter Lake,1992-06-03,4.6,351.92,5.88,,
Peter Lake,1992-06-03,5.0,,,,6.7
Peter Lake,1992-06-03,5.5,,,,6.2
Peter Lake,1992-06-03,6.0,,,,5.4
Peter Lake,1992-06-03,6.5,,,,5.0
Peter Lake,1992-06-03,7.0,323.23,22.86,,4.7
Peter Lake,1992-06-03,8.0,,,,4.5
Peter Lake,1992-06-03,9.0,,,,4.5
Peter Lake,1992-06-03,10.0,,,,4.4
Peter Lake,1992-06-03,11.0,,,,4.4
Peter Lake,1992-06-03,12.0,868.62,34.2,,4.4
Peter Lake,1992-06-10,0.0,258.24,8.3,4.0,20.0
Peter Lake,1992-06-10,0.25,,,,
Peter Lake,1992-06-10,0.5,,,,19.9
Peter Lake,1992-06-10,0.75,,,,
Peter Lake,1992-06-10,0.9,293.3,0.0,6.0,
Peter Lake,1992-06-10,1.0,,,,19.9
Peter Lake,1992-06-10,1.5,,,,19.8
Peter Lake,1992-06-10,1.95,283.14,0.0,4.0,
Peter Lake,1992-06-10,2.0,,,,19.3
Peter Lake,1992-06-10,2.5,,,,17.6
Peter Lake,1992-06-10,3.0,,,,14.3
Peter Lake,1992-06-10,3.35,275.51,9.99,5.0,
Peter Lake,1992-06-10,3.5,,,,12.2
Peter Lake,1992-06-10,4.0,,,,10.0
Peter Lake,1992-06-10,4.5,174.0,25.72,3.0,8.4
Peter Lake,1992-06-10,5.0,,,,7.3
Peter Lake,1992-06-10,5.5,,,,6.4
Peter Lake,1992-06-10,6.0,,,,5.8
Peter Lake,1992-06-10,6.5,,,,5.5
Peter Lake,1992-06-10,6.9,200.44,17.43,5.0,
Peter Lake,1992-06-10,7.0,,,,5.0
Peter Lake,1992-06-10,8.0,,,,4.6
Peter Lake,1992-06-10,9.0,,,,4.6
Peter Lake,1992-06-10,10.0,,,,4.4
Peter Lake,1992-06-10,11.0,,,,4.4
Peter Lake,1992-06-10,12.0,600.38,34.54,12.0,4.4
Peter Lake,1992-06-17,0.0,581.51,3.54,,18.9
Peter Lake,1992-06-17,0.25,,,,
Peter Lake,1992-06-17,0.5,,,,19.0
Peter Lake,1992-06-17,0.75,547.89,5.43,,
Peter Lake,1992-06-17,1.0,,,,19.0
Peter Lake,1992-06-17,1.4,502.58,5.63,,
Peter Lake,1992-06-17,1.5,,,,19.0
Peter Lake,1992-06-17,2.0,,,,19.0
Peter Lake,1992-06-17,2.35,428.02,3.37,,
Peter Lake,1992-06-17,2.5,,,,19.0
Peter Lake,1992-06-17,2.85,415.2,5.9,,
Peter Lake,1992-06-17,3.0,,,,17.0
Peter Lake,1992-06-17,3.5,,,,13.4
Peter Lake,1992-06-17,3.6,282.43,5.9,,
Peter Lake,1992-06-17,4.0,,,,11.0
Peter Lake,1992-06-17,4.5,,,,9.7
Peter Lake,1992-06-17,5.0,,,,8.5
Peter Lake,1992-06-17,5.5,,,,6.2
Peter Lake,1992-06-17,6.0,,,,5.8
Peter Lake,1992-06-17,6.5,,,,5.5
Peter Lake,1992-06-17,7.0,,,,5.1
Peter Lake,1992-06-17,8.0,,,,4.8
Peter Lake,1992-06-17,9.0,,,,4.6
Peter Lake,1992-06-17,10.0,,,,4.5
Peter Lake,1992-06-17,11.0,,,,4.5
Peter Lake,1992-06-17,12.0,771.12,27.63,,4.4
Peter Lake,1992-06-24,0.0,219.72,0.0,6.0,16.0
Peter Lake,1992-06-24,0.25,,,,
Peter Lake,1992-06-24,0.5,,,,16.0
Peter Lake,1992-06-24,0.75,,,,
Peter Lake,1992-06-24,0.8,138.73,12.48,6.0,
Peter Lake,1992-06-24,1.0,,,,16.0
Peter Lake,1992-06-24,1.5,,,,16.0
Peter Lake,1992-06-24,1.8,346.65,8.65,6.0,
Peter Lake,1992-06-24,2.0,,,,16.0
Peter Lake,1992-06-24,2.5,,,,16.0
Peter Lake,1992-06-24,3.0,,,,16.0
Peter Lake,1992-06-24,3.5,410.39,10.7,6.0,14.7
Peter Lake,1992-06-24,4.0,,,,11.6
Peter Lake,1992-06-24,4.5,,,,9.7
Peter Lake,1992-06-24,5.0,291.39,7.09,7.0,8.2
Peter Lake,1992-06-24,5.5,,,,7.2
Peter Lake,1992-06-24,6.0,,,,6.3
Peter Lake,1992-06-24,6.5,,,,5.8
Peter Lake,1992-06-24,7.0,,,,5.3
Peter Lake,1992-06-24,7.1,224.5,17.88,8.0,
Peter Lake,1992-06-24,8.0,,,,4.8
Peter Lake,1992-06-24,9.0,,,,4.6
Peter Lake,1992-06-24,10.0,,,,4.5
Peter Lake,1992-06-24,11.0,,,,4.4
Peter Lake,1992-06-24,12.0,887.87,60.27,20.0,4.4
Peter Lake,1992-07-01,0.0,469.42,8.13,,17.9
Peter Lake,1992-07-01,0.25,,,,
Peter Lake,1992-07-01,0.5,,,,17.9
Peter Lake,1992-07-01,0.75,,,,
Peter Lake,1992-07-01,0.9,432.45,8.13,,
Peter Lake,1992-07-01,1.0,,,,17.9
Peter Lake,1992-07-01,1.5,,,,17.9
Peter Lake,1992-07-01,1.9,375.01,7.95,,
Peter Lake,1992-07-01,2.0,,,,17.5
Peter Lake,1992-07-01,2.5,,,,16.7
Peter Lake,1992-07-01,3.0,,,,16.4
Peter Lake,1992-07-01,3.5,,,,15.6
Peter Lake,1992-07-01,3.6,313.09,7.65,,
Peter Lake,1992-07-01,4.0,,,,13.1
Peter Lake,1992-07-01,4.5,,,,11.3
Peter Lake,1992-07-01,5.0,,,,9.1
Peter Lake,1992-07-01,5.1,218.82,10.96,,
Peter Lake,1992-07-01,5.5,,,,7.2
Peter Lake,1992-07-01,6.0,,,,6.4
Peter Lake,1992-07-01,6.5,,,,5.9
Peter Lake,1992-07-01,7.0,,,,5.5
Peter Lake,1992-07-01,7.1,205.94,12.93,,
Peter Lake,1992-07-01,8.0,,,,5.1
Peter Lake,1992-07-01,9.0,,,,4.7
Peter Lake,1992-07-01,10.0,,,,4.5
Peter Lake,1992-07-01,11.0,,,,4.5
Peter Lake,1992-07-01,12.0,530.06,34.25,,4.4
Peter Lake,1992-07-08,0.0,329.07,13.68,5.0,18.6
Peter Lake,1992-07-08,0.25,,,,
Peter Lake,1992-07-08,0.5,,,,18.5
Peter Lake,1992-07-08,0.7,407.61,12.38,7.0,
Peter Lake,1992-07-08,0.75,,,,
Peter Lake,1992-07-08,1.0,,,,18.3
Peter Lake,1992-07-08,1.4,468.31,13.71,7.0,
Peter Lake,1992-07-08,1.5,,,,17.3
Peter Lake,1992-07-08,2.0,,,,16.7
Peter Lake,1992-07-08,2.5,,,,16.1
Peter Lake,1992-07-08,2.9,317.59,3.18,3.0,
Peter Lake,1992-07-08,3.0,,,,15.7
Peter Lake,1992-07-08,3.5,,,,15.4
Peter Lake,1992-07-08,4.0,236.39,4.68,6.0,13.8
Peter Lake,1992-07-08,4.5,,,,11.9
Peter Lake,1992-07-08,5.0,,,,9.6
Peter Lake,1992-07-08,5.5,,,,8.3
Peter Lake,1992-07-08,6.0,,,,7.0
Peter Lake,1992-07-08,6.4,154.27,6.3,7.0,
Peter Lake,1992-07-08,6.5,,,,6.4
Peter Lake,1992-07-08,7.0,,,,5.7
Peter Lake,1992-07-08,8.0,,,,5.1
Peter Lake,1992-07-08,9.0,,,,4.8
Peter Lake,1992-07-08,10.0,,,,4.6
Peter Lake,1992-07-08,11.0,,,,4.5
Peter Lake,1992-07-08,12.0,593.96,21.14,9.0,4.5
Peter Lake,1992-07-15,0.0,131.83,6.7,,20.0
Peter Lake,1992-07-15,0.25,,,,
Peter Lake,1992-07-15,0.5,,,,19.9
Peter Lake,1992-07-15,0.75,,,,
Peter Lake,1992-07-15,0.85,299.95,8.41,,
Peter Lake,1992-07-15,1.0,,,,19.7
Peter Lake,1992-07-15,1.5,,,,19.4
Peter Lake,1992-07-15,1.6,482.91,6.78,,
Peter Lake,1992-07-15,2.0,,,,18.4
Peter Lake,1992-07-15,2.5,,,,17.4
Peter Lake,1992-07-15,2.95,414.41,7.53,,
Peter Lake,1992-07-15,3.0,,,,16.6
Peter Lake,1992-07-15,3.5,,,,15.8
Peter Lake,1992-07-15,3.9,356.19,7.86,,
Peter Lake,1992-07-15,4.0,,,,14.1
Peter Lake,1992-07-15,4.5,,,,12.3
Peter Lake,1992-07-15,5.0,,,,9.7
Peter Lake,1992-07-15,5.5,,,,8.8
Peter Lake,1992-07-15,6.0,,,,7.3
Peter Lake,1992-07-15,6.1,306.61,16.48,,
Peter Lake,1992-07-15,6.5,,,,6.3
Peter Lake,1992-07-15,7.0,,,,5.8
Peter Lake,1992-07-15,8.0,,,,5.0
Peter Lake,1992-07-15,9.0,,,,4.7
Peter Lake,1992-07-15,10.0,,,,4.6
Peter Lake,1992-07-15,11.0,,,,4.5
Peter Lake,1992-07-15,12.0,540.77,39.8,,4.5
Peter Lake,1992-07-22,0.0,292.63,11.23,5.0,19.0
Peter Lake,1992-07-22,0.25,,,,
Peter Lake,1992-07-22,0.5,,,,19.0
Peter Lake,1992-07-22,0.75,,,,
Peter Lake,1992-07-22,0.8,385.18,8.11,14.0,
Peter Lake,1992-07-22,1.0,,,,19.0
Peter Lake,1992-07-22,1.5,,,,19.0
Peter Lake,1992-07-22,1.75,387.22,14.36,4.0,
Peter Lake,1992-07-22,2.0,,,,19.0
Peter Lake,1992-07-22,2.5,,,,19.0
Peter Lake,1992-07-22,3.0,,,,17.4
Peter Lake,1992-07-22,3.5,,,,16.0
Peter Lake,1992-07-22,3.75,349.57,10.65,5.0,
Peter Lake,1992-07-22,4.0,,,,14.4
Peter Lake,1992-07-22,4.4,247.17,9.39,5.0,
Peter Lake,1992-07-22,4.5,,,,12.2
Peter Lake,1992-07-22,5.0,,,,10.4
Peter Lake,1992-07-22,5.5,,,,8.4
Peter Lake,1992-07-22,6.0,,,,7.3
Peter Lake,1992-07-22,6.5,,,,6.6
Peter Lake,1992-07-22,6.9,247.76,21.47,9.0,
Peter Lake,1992-07-22,7.0,,,,6.0
Peter Lake,1992-07-22,8.0,,,,5.1
Peter Lake,1992-07-22,9.0,,,,4.8
Peter Lake,1992-07-22,10.0,,,,4.6
Peter Lake,1992-07-22,11.0,,,,4.6
Peter Lake,1992-07-22,12.0,526.38,39.2,4.0,4.6
Peter Lake,1992-07-29,0.0,282.85,8.3,,20.4
Peter Lake,1992-07-29,0.25,,,,
Peter Lake,1992-07-29,0.5,,,,20.5
Peter Lake,1992-07-29,0.75,,,,
Peter Lake,1992-07-29,0.9,329.55,8.38,,
Peter Lake,1992-07-29,1.0,,,,20.4
Peter Lake,1992-07-29,1.3,322.71,8.08,,
Peter Lake,1992-07-29,1.5,,,,20.4
Peter Lake,1992-07-29,2.0,,,,20.3
Peter Lake,1992-07-29,2.5,,,,20.1
Peter Lake,1992-07-29,3.0,,,,18.9
Peter Lake,1992-07-29,3.1,381.04,8.14,,
Peter Lake,1992-07-29,3.5,,,,16.7
Peter Lake,1992-07-29,4.0,,,,14.9
Peter Lake,1992-07-29,4.1,285.7,7.37,,
Peter Lake,1992-07-29,4.5,,,,12.5
Peter Lake,1992-07-29,5.0,,,,10.5
Peter Lake,1992-07-29,5.5,,,,9.0
Peter Lake,1992-07-29,6.0,,,,7.8
Peter Lake,1992-07-29,6.5,312.18,12.86,,6.8
Peter Lake,1992-07-29,7.0,,,,6.2
Peter Lake,1992-07-29,8.0,,,,5.4
Peter Lake,1992-07-29,9.0,,,,4.9
Peter Lake,1992-07-29,10.0,,,,4.7
Peter Lake,1992-07-29,11.0,,,,4.6
Peter Lake,1992-07-29,12.0,882.43,50.83,,4.5
Peter Lake,1992-08-05,0.0,376.94,7.52,8.0,20.6
Peter Lake,1992-08-05,0.25,,,,
Peter Lake,1992-08-05,0.5,,,,20.6
Peter Lake,1992-08-05,0.75,,,,
Peter Lake,1992-08-05,0.8,377.96,12.98,5.0,
Peter Lake,1992-08-05,1.0,,,,20.6
Peter Lake,1992-08-05,1.5,,,,20.5
Peter Lake,1992-08-05,1.7,497.33,9.69,4.0,
Peter Lake,1992-08-05,2.0,,,,20.5
Peter Lake,1992-08-05,2.5,,,,20.4
Peter Lake,1992-08-05,2.9,372.64,9.16,3.0,
Peter Lake,1992-08-05,3.0,,,,20.2
Peter Lake,1992-08-05,3.5,,,,17.9
Peter Lake,1992-08-05,4.0,299.03,8.12,6.0,15.3
Peter Lake,1992-08-05,4.5,,,,13.3
Peter Lake,1992-08-05,5.0,,,,11.1
Peter Lake,1992-08-05,5.5,,,,9.6
Peter Lake,1992-08-05,6.0,,,,7.9
Peter Lake,1992-08-05,6.3,322.7,8.25,9.0,
Peter Lake,1992-08-05,6.5,,,,7.1
Peter Lake,1992-08-05,7.0,,,,6.2
Peter Lake,1992-08-05,8.0,,,,5.4
Peter Lake,1992-08-05,9.0,,,,4.9
Peter Lake,1992-08-05,10.0,,,,4.7
Peter Lake,1992-08-05,11.0,,,,4.6
Peter Lake,1992-08-05,12.0,1143.43,72.0,23.0,4.5
Peter Lake,1992-08-12,0.0,201.77,9.34,,20.9
Peter Lake,1992-08-12,0.25,,,,
Peter Lake,1992-08-12,0.5,,,,20.9
Peter Lake,1992-08-12,0.75,,,,
Peter Lake,1992-08-12,0.9,232.57,9.62,,
Peter Lake,1992-08-12,1.0,,,,20.9
Peter Lake,1992-08-12,1.5,,,,20.8
Peter Lake,1992-08-12,1.7,333.35,10.32,,
Peter Lake,1992-08-12,2.0,,,,20.8
Peter Lake,1992-08-12,2.5,,,,20.8
Peter Lake,1992-08-12,3.0,398.88,9.87,,20.7
Peter Lake,1992-08-12,3.5,,,,18.5
Peter Lake,1992-08-12,4.0,273.58,9.36,,16.3
Peter Lake,1992-08-12,4.5,,,,13.5
Peter Lake,1992-08-12,5.0,,,,11.4
Peter Lake,1992-08-12,5.5,,,,9.9
Peter Lake,1992-08-12,6.0,,,,8.3
Peter Lake,1992-08-12,6.5,225.27,11.22,,6.9
Peter Lake,1992-08-12,7.0,,,,6.2
Peter Lake,1992-08-12,8.0,,,,5.4
Peter Lake,1992-08-12,9.0,,,,5.0
Peter Lake,1992-08-12,10.0,,,,4.7
Peter Lake,1992-08-12,11.0,,,,4.6
Peter Lake,1992-08-12,12.0,515.17,42.36,,4.5
Peter Lake,1992-08-19,0.0,301.57,9.04,1.0,20.0
Peter Lake,1992-08-19,0.25,,,,
Peter Lake,1992-08-19,0.5,,,,20.0
Peter Lake,1992-08-19,0.75,,,,
Peter Lake,1992-08-19,0.9,377.98,9.97,1.0,
Peter Lake,1992-08-19,1.0,,,,20.0
Peter Lake,1992-08-19,1.5,,,,20.0
Peter Lake,1992-08-19,1.8,402.63,9.26,1.0,
Peter Lake,1992-08-19,2.0,,,,20.0
Peter Lake,1992-08-19,2.5,,,,19.9
Peter Lake,1992-08-19,3.0,350.74,11.21,1.0,19.9
Peter Lake,1992-08-19,3.5,,,,19.0
Peter Lake,1992-08-19,3.95,247.47,8.61,1.0,
Peter Lake,1992-08-19,4.0,,,,16.7
Peter Lake,1992-08-19,4.5,,,,13.8
Peter Lake,1992-08-19,5.0,,,,11.9
Peter Lake,1992-08-19,5.5,,,,9.9
Peter Lake,1992-08-19,6.0,,,,8.2
Peter Lake,1992-08-19,6.3,287.15,12.6,1.0,
Peter Lake,1992-08-19,6.5,,,,7.2
Peter Lake,1992-08-19,7.0,,,,6.6
Peter Lake,1992-08-19,8.0,,,,5.5
Peter Lake,1992-08-19,9.0,,,,5.1
Peter Lake,1992-08-19,10.0,,,,4.8
Peter Lake,1992-08-19,11.0,,,,4.7
Peter Lake,1992-08-19,12.0,681.91,44.83,3.0,4.6
Peter Lake,1992-08-26,0.0,366.5,6.19,,19.7
Peter Lake,1992-08-26,0.25,,,,
Peter Lake,1992-08-26,0.5,,,,19.7
Peter Lake,1992-08-26,0.7,404.48,7.51,,
Peter Lake,1992-08-26,0.75,,,,
Peter Lake,1992-08-26,1.0,,,,19.7
Peter Lake,1992-08-26,1.5,,,,19.7
Peter Lake,1992-08-26,1.7,336.4,12.15,,
Peter Lake,1992-08-26,2.0,,,,19.7
Peter Lake,1992-08-26,2.5,,,,19.7
Peter Lake,1992-08-26,3.0,,,,19.7
Peter Lake,1992-08-26,3.1,236.36,5.5,,
Peter Lake,1992-08-26,3.5,,,,19.7
Peter Lake,1992-08-26,4.0,,,,17.5
Peter Lake,1992-08-26,4.1,111.25,7.14,,
Peter Lake,1992-08-26,4.5,,,,14.8
Peter Lake,1992-08-26,5.0,,,,12.5
Peter Lake,1992-08-26,5.5,,,,10.3
Peter Lake,1992-08-26,6.0,,,,8.8
Peter Lake,1992-08-26,6.5,,,,7.5
Peter Lake,1992-08-26,6.6,115.42,11.64,,
Peter Lake,1992-08-26,7.0,,,,6.8
Peter Lake,1992-08-26,8.0,,,,5.7
Peter Lake,1992-08-26,9.0,,,,5.0
Peter Lake,1992-08-26,10.0,,,,4.8
Peter Lake,1992-08-26,11.0,,,,4.7
Peter Lake,1992-08-26,12.0,558.38,49.93,,4.6
Peter Lake,1992-09-02,0.0,434.18,9.31,,18.0
Peter Lake,1992-09-02,0.25,,,,
Peter Lake,1992-09-02,0.5,,,,18.0
Peter Lake,1992-09-02,0.75,,,,
Peter Lake,1992-09-02,1.0,416.72,8.9,,18.0
Peter Lake,1992-09-02,1.5,,,,18.0
Peter Lake,1992-09-02,1.9,446.81,9.84,,
Peter Lake,1992-09-02,2.0,,,,18.0
Peter Lake,1992-09-02,2.5,,,,18.0
Peter Lake,1992-09-02,3.0,,,,18.0
Peter Lake,1992-09-02,3.25,317.46,13.29,,
Peter Lake,1992-09-02,3.5,,,,18.0
Peter Lake,1992-09-02,4.0,,,,17.6
Peter Lake,1992-09-02,4.5,,,,15.3
Peter Lake,1992-09-02,4.8,278.86,8.64,,
Peter Lake,1992-09-02,5.0,,,,12.8
Peter Lake,1992-09-02,5.5,,,,10.8
Peter Lake,1992-09-02,6.0,,,,9.2
Peter Lake,1992-09-02,6.5,,,,7.8
Peter Lake,1992-09-02,7.0,,,,7.0
Peter Lake,1992-09-02,7.1,338.02,36.63,,
Peter Lake,1992-09-02,8.0,,,,5.8
Peter Lake,1992-09-02,9.0,,,,5.1
Peter Lake,1992-09-02,10.0,,,,4.8
Peter Lake,1992-09-02,11.0,,,,4.7
Peter Lake,1992-09-02,12.0,702.36,50.18,,4.6
Peter Lake,1992-09-09,0.0,417.19,9.27,,16.9
Peter Lake,1992-09-09,0.25,,,,
Peter Lake,1992-09-09,0.5,,,,16.9
Peter Lake,1992-09-09,0.75,,,,
Peter Lake,1992-09-09,0.85,427.17,9.07,,
Peter Lake,1992-09-09,1.0,,,,17.0
Peter Lake,1992-09-09,1.5,,,,17.0
Peter Lake,1992-09-09,1.75,465.0,8.44,,
Peter Lake,1992-09-09,2.0,,,,17.0
Peter Lake,1992-09-09,2.5,,,,17.0
Peter Lake,1992-09-09,3.0,,,,17.0
Peter Lake,1992-09-09,3.25,354.23,6.38,,
Peter Lake,1992-09-09,3.5,,,,17.0
Peter Lake,1992-09-09,4.0,,,,16.9
Peter Lake,1992-09-09,4.2,331.5,17.32,,
Peter Lake,1992-09-09,4.5,,,,16.3
Peter Lake,1992-09-09,5.0,,,,13.5
Peter Lake,1992-09-09,5.5,,,,11.2
Peter Lake,1992-09-09,6.0,,,,9.5
Peter Lake,1992-09-09,6.5,,,,8.9
Peter Lake,1992-09-09,6.8,379.89,15.54,,
Peter Lake,1992-09-09,7.0,,,,7.0
Peter Lake,1992-09-09,8.0,,,,6.0
Peter Lake,1992-09-09,9.0,,,,5.2
Peter Lake,1992-09-09,10.0,,,,4.9
Peter Lake,1992-09-09,11.0,,,,4.7
Peter Lake,1992-09-09,12.0,1120.48,55.17,,4.6
Peter Lake,1993-05-19,0.0,373.081,18.534,1.0,12.8
Peter Lake,1993-05-19,0.25,,,,
Peter Lake,1993-05-19,0.5,,,,12.9
Peter Lake,1993-05-19,0.75,,,,
Peter Lake,1993-05-19,0.9,348.316,20.894,2.0,
Peter Lake,1993-05-19,1.0,,,,12.8
Peter Lake,1993-05-19,1.5,,,,12.7
Peter Lake,1993-05-19,1.8,423.757,23.203,1.0,
Peter Lake,1993-05-19,2.0,,,,12.4
Peter Lake,1993-05-19,2.5,,,,11.1
Peter Lake,1993-05-19,3.0,363.392,20.681,1.0,7.8
Peter Lake,1993-05-19,3.5,,,,7.0
Peter Lake,1993-05-19,3.9,278.402,18.67,2.0,
Peter Lake,1993-05-19,4.0,,,,6.1
Peter Lake,1993-05-19,4.5,,,,5.8
Peter Lake,1993-05-19,5.0,,,,5.1
Peter Lake,1993-05-19,5.5,,,,4.9
Peter Lake,1993-05-19,5.75,241.148,30.365,3.0,
Peter Lake,1993-05-19,6.0,,,,4.6
Peter Lake,1993-05-19,6.5,,,,4.5
Peter Lake,1993-05-19,7.0,,,,4.4
Peter Lake,1993-05-19,8.0,,,,4.4
Peter Lake,1993-05-19,9.0,,,,4.3
Peter Lake,1993-05-19,10.0,,,,4.3
Peter Lake,1993-05-19,11.0,,,,4.3
Peter Lake,1993-05-19,12.0,430.019,31.368,2.0,4.3
Peter Lake,1993-05-26,0.0,312.593,16.814,2.0,14.1
Peter Lake,1993-05-26,0.25,,,,
Peter Lake,1993-05-26,0.5,,,,14.0
Peter Lake,1993-05-26,0.6,374.759,13.859,1.0,
Peter Lake,1993-05-26,0.75,,,,
Peter Lake,1993-05-26,1.0,,,,14.0
Peter Lake,1993-05-26,1.5,,,,13.6
Peter Lake,1993-05-26,1.6,351.114,14.401,3.0,
Peter Lake,1993-05-26,2.0,,,,13.3
Peter Lake,1993-05-26,2.5,,,,12.0
Peter Lake,1993-05-26,2.9,301.332,11.513,2.0,
Peter Lake,1993-05-26,3.0,,,,9.9
Peter Lake,1993-05-26,3.5,,,,8.0
Peter Lake,1993-05-26,3.9,239.356,11.254,3.0,
Peter Lake,1993-05-26,4.0,,,,7.1
Peter Lake,1993-05-26,4.5,,,,6.2
Peter Lake,1993-05-26,5.0,,,,5.3
Peter Lake,1993-05-26,5.5,,,,5.1
Peter Lake,1993-05-26,5.85,256.237,18.618,2.0,
Peter Lake,1993-05-26,6.0,,,,4.7
Peter Lake,1993-05-26,6.5,,,,4.6
Peter Lake,1993-05-26,7.0,,,,4.5
Peter Lake,1993-05-26,8.0,,,,4.5
Peter Lake,1993-05-26,9.0,,,,4.4
Peter Lake,1993-05-26,10.0,,,,4.3
Peter Lake,1993-05-26,11.0,,,,4.3
Peter Lake,1993-05-26,12.0,413.096,26.132,2.0,4.3
Peter Lake,1993-06-02,0.0,414.602,24.58,3.0,13.1
Peter Lake,1993-06-02,0.25,,,,
Peter Lake,1993-06-02,0.5,,,,13.0
Peter Lake,1993-06-02,0.7,490.735,25.923,3.0,
Peter Lake,1993-06-02,0.75,,,,
Peter Lake,1993-06-02,1.0,,,,12.7
Peter Lake,1993-06-02,1.4,507.207,20.734,3.0,
Peter Lake,1993-06-02,1.5,,,,12.7
Peter Lake,1993-06-02,2.0,,,,12.6
Peter Lake,1993-06-02,2.5,434.583,19.583,1.0,12.4
Peter Lake,1993-06-02,3.0,,,,11.2
Peter Lake,1993-06-02,3.5,374.019,14.754,3.0,9.1
Peter Lake,1993-06-02,4.0,,,,7.5
Peter Lake,1993-06-02,4.5,,,,6.8
Peter Lake,1993-06-02,5.0,,,,5.9
Peter Lake,1993-06-02,5.5,282.323,19.517,2.0,4.9
Peter Lake,1993-06-02,6.0,,,,4.8
Peter Lake,1993-06-02,6.5,,,,4.6
Peter Lake,1993-06-02,7.0,,,,4.6
Peter Lake,1993-06-02,8.0,,,,4.6
Peter Lake,1993-06-02,9.0,,,,4.5
Peter Lake,1993-06-02,10.0,,,,4.4
Peter Lake,1993-06-02,11.0,,,,4.3
Peter Lake,1993-06-02,12.0,379.362,23.312,2.0,4.3
Peter Lake,1993-06-09,0.0,514.523,32.909,4.0,15.8
Peter Lake,1993-06-09,0.25,,,,
Peter Lake,1993-06-09,0.5,,,,15.7
Peter Lake,1993-06-09,0.745,574.431,31.172,3.0,
Peter Lake,1993-06-09,0.75,,,,
Peter Lake,1993-06-09,1.0,,,,15.6
Peter Lake,1993-06-09,1.5,,,,15.5
Peter Lake,1993-06-09,1.6,602.118,32.288,2.0,
Peter Lake,1993-06-09,2.0,,,,14.7
Peter Lake,1993-06-09,2.5,,,,13.3
Peter Lake,1993-06-09,2.75,532.076,32.83,0.0,
Peter Lake,1993-06-09,3.0,,,,11.6
Peter Lake,1993-06-09,3.5,,,,10.0
Peter Lake,1993-06-09,3.95,380.584,13.714,0.0,
Peter Lake,1993-06-09,4.0,,,,8.4
Peter Lake,1993-06-09,4.5,,,,7.1
Peter Lake,1993-06-09,5.0,,,,6.3
Peter Lake,1993-06-09,5.5,,,,5.7
Peter Lake,1993-06-09,6.0,,,,5.1
Peter Lake,1993-06-09,6.1,284.188,19.94,5.0,
Peter Lake,1993-06-09,6.5,,,,4.8
Peter Lake,1993-06-09,7.0,,,,4.7
Peter Lake,1993-06-09,8.0,,,,4.7
Peter Lake,1993-06-09,9.0,,,,4.5
Peter Lake,1993-06-09,10.0,,,,4.4
Peter Lake,1993-06-09,11.0,,,,4.4
Peter Lake,1993-06-09,12.0,525.738,28.689,2.0,4.4
Peter Lake,1993-06-16,0.0,616.316,51.881,5.0,18.4
Peter Lake,1993-06-16,0.25,,,,
Peter Lake,1993-06-16,0.5,,,,18.4
Peter Lake,1993-06-16,0.75,,,,
Peter Lake,1993-06-16,0.8,704.386,47.386,6.0,
Peter Lake,1993-06-16,1.0,,,,18.4
Peter Lake,1993-06-16,1.5,,,,18.4
Peter Lake,1993-06-16,1.8,990.986,44.639,5.0,
Peter Lake,1993-06-16,2.0,,,,17.3
Peter Lake,1993-06-16,2.5,,,,14.6
Peter Lake,1993-06-16,2.7,596.012,46.705,4.0,
Peter Lake,1993-06-16,3.0,,,,12.2
Peter Lake,1993-06-16,3.5,,,,10.5
Peter Lake,1993-06-16,3.7,416.855,36.042,2.0,
Peter Lake,1993-06-16,4.0,,,,8.9
Peter Lake,1993-06-16,4.5,,,,7.4
Peter Lake,1993-06-16,5.0,,,,6.6
Peter Lake,1993-06-16,5.5,,,,5.6
Peter Lake,1993-06-16,6.0,,,,5.0
Peter Lake,1993-06-16,6.1,289.679,28.319,1.0,
Peter Lake,1993-06-16,6.5,,,,4.9
Peter Lake,1993-06-16,7.0,,,,4.9
Peter Lake,1993-06-16,8.0,,,,4.8
Peter Lake,1993-06-16,9.0,,,,4.6
Peter Lake,1993-06-16,10.0,,,,4.5
Peter Lake,1993-06-16,11.0,,,,4.5
Peter Lake,1993-06-16,12.0,424.289,34.104,2.0,4.4
Peter Lake,1993-06-23,0.0,605.458,41.97,8.0,19.7
Peter Lake,1993-06-23,0.25,,,,
Peter Lake,1993-06-23,0.5,,,,19.7
Peter Lake,1993-06-23,0.75,,,,
Peter Lake,1993-06-23,0.8,592.612,35.788,5.0,
Peter Lake,1993-06-23,1.0,,,,19.2
Peter Lake,1993-06-23,1.4,522.984,34.806,5.0,
Peter Lake,1993-06-23,1.5,,,,18.4
Peter Lake,1993-06-23,2.0,,,,17.5
Peter Lake,1993-06-23,2.5,,,,16.2
Peter Lake,1993-06-23,2.6,332.17,31.053,4.0,
Peter Lake,1993-06-23,3.0,,,,13.7
Peter Lake,1993-06-23,3.5,380.628,30.553,5.0,11.2
Peter Lake,1993-06-23,4.0,,,,9.6
Peter Lake,1993-06-23,4.5,,,,8.1
Peter Lake,1993-06-23,5.0,,,,7.1
Peter Lake,1993-06-23,5.5,,,,6.0
Peter Lake,1993-06-23,5.6,319.699,26.944,13.0,
Peter Lake,1993-06-23,6.0,,,,5.5
Peter Lake,1993-06-23,6.5,,,,5.2
Peter Lake,1993-06-23,7.0,,,,5.1
Peter Lake,1993-06-23,8.0,,,,4.9
Peter Lake,1993-06-23,9.0,,,,4.7
Peter Lake,1993-06-23,10.0,,,,4.7
Peter Lake,1993-06-23,11.0,,,,4.6
Peter Lake,1993-06-23,12.0,685.813,36.254,0.0,4.5
Peter Lake,1993-06-30,0.0,418.173,25.141,2.0,18.7
Peter Lake,1993-06-30,0.25,,,,
Peter Lake,1993-06-30,0.5,,,,18.8
Peter Lake,1993-06-30,0.6,457.04,29.942,3.0,
Peter Lake,1993-06-30,0.75,,,,
Peter Lake,1993-06-30,1.0,,,,18.8
Peter Lake,1993-06-30,1.3,546.614,26.547,4.0,
Peter Lake,1993-06-30,1.5,,,,18.8
Peter Lake,1993-06-30,2.0,,,,18.8
Peter Lake,1993-06-30,2.4,569.049,28.777,16.0,
Peter Lake,1993-06-30,2.5,,,,16.9
Peter Lake,1993-06-30,3.0,,,,14.7
Peter Lake,1993-06-30,3.3,539.005,30.305,5.0,
Peter Lake,1993-06-30,3.5,,,,12.3
Peter Lake,1993-06-30,4.0,,,,10.3
Peter Lake,1993-06-30,4.5,,,,8.9
Peter Lake,1993-06-30,5.0,,,,7.1
Peter Lake,1993-06-30,5.5,,,,6.3
Peter Lake,1993-06-30,5.9,408.624,30.6,5.0,
Peter Lake,1993-06-30,6.0,,,,5.6
Peter Lake,1993-06-30,6.5,,,,5.3
Peter Lake,1993-06-30,7.0,,,,5.2
Peter Lake,1993-06-30,8.0,,,,5.0
Peter Lake,1993-06-30,9.0,,,,4.9
Peter Lake,1993-06-30,10.0,,,,4.7
Peter Lake,1993-06-30,11.0,,,,4.6
Peter Lake,1993-06-30,12.0,585.342,42.376,4.0,4.6
Peter Lake,1993-07-07,0.0,490.47,30.955,2.0,20.8
Peter Lake,1993-07-07,0.25,,,,
Peter Lake,1993-07-07,0.5,607.275,27.937,2.0,20.8
Peter Lake,1993-07-07,0.75,,,,
Peter Lake,1993-07-07,1.0,,,,20.8
Peter Lake,1993-07-07,1.1,614.552,28.537,1.0,
Peter Lake,1993-07-07,1.5,,,,20.7
Peter Lake,1993-07-07,1.9,551.768,27.687,1.0,
Peter Lake,1993-07-07,2.0,,,,20.1
Peter Lake,1993-07-07,2.5,481.664,30.128,2.0,17.6
Peter Lake,1993-07-07,3.0,,,,15.0
Peter Lake,1993-07-07,3.5,,,,12.3
Peter Lake,1993-07-07,4.0,,,,10.0
Peter Lake,1993-07-07,4.2,402.482,31.76,2.0,
Peter Lake,1993-07-07,4.5,,,,8.6
Peter Lake,1993-07-07,5.0,,,,7.3
Peter Lake,1993-07-07,5.5,,,,6.5
Peter Lake,1993-07-07,6.0,,,,5.8
Peter Lake,1993-07-07,6.5,,,,5.5
Peter Lake,1993-07-07,7.0,,,,5.2
Peter Lake,1993-07-07,8.0,,,,5.0
Peter Lake,1993-07-07,9.0,,,,4.8
Peter Lake,1993-07-07,10.0,,,,4.7
Peter Lake,1993-07-07,11.0,,,,4.6
Peter Lake,1993-07-07,12.0,502.468,39.135,3.0,4.6
Peter Lake,1993-07-14,0.0,707.771,30.733,1.0,20.7
Peter Lake,1993-07-14,0.25,,,,
Peter Lake,1993-07-14,0.5,,28.353,3.0,20.8
Peter Lake,1993-07-14,0.75,,,,
Peter Lake,1993-07-14,1.0,,,,20.8
Peter Lake,1993-07-14,1.1,,28.947,4.0,
Peter Lake,1993-07-14,1.5,,,,20.8
Peter Lake,1993-07-14,2.0,,,,20.8
Peter Lake,1993-07-14,2.1,,28.33,3.0,
Peter Lake,1993-07-14,2.5,839.904,42.308,6.0,19.5
Peter Lake,1993-07-14,3.0,,,,16.2
Peter Lake,1993-07-14,3.5,,,,13.3
Peter Lake,1993-07-14,4.0,,,,10.5
Peter Lake,1993-07-14,4.1,,37.951,2.0,
Peter Lake,1993-07-14,4.5,,,,9.2
Peter Lake,1993-07-14,5.0,,,,7.8
Peter Lake,1993-07-14,5.5,,,,6.8
Peter Lake,1993-07-14,6.0,,,,5.9
Peter Lake,1993-07-14,6.5,,,,5.7
Peter Lake,1993-07-14,7.0,,,,5.2
Peter Lake,1993-07-14,8.0,,,,4.8
Peter Lake,1993-07-14,9.0,,,,4.8
Peter Lake,1993-07-14,10.0,,,,4.7
Peter Lake,1993-07-14,11.0,,,,4.6
Peter Lake,1993-07-14,12.0,580.418,37.575,4.0,4.6
Peter Lake,1993-07-21,0.0,395.31,23.143,1.0,22.1
Peter Lake,1993-07-21,0.25,,,,
Peter Lake,1993-07-21,0.5,,,,22.2
Peter Lake,1993-07-21,0.7,,28.231,3.0,
Peter Lake,1993-07-21,0.75,,,,
Peter Lake,1993-07-21,1.0,,,,22.2
Peter Lake,1993-07-21,1.5,,27.113,3.0,22.2
Peter Lake,1993-07-21,2.0,,,,21.9
Peter Lake,1993-07-21,2.5,,24.772,2.0,19.3
Peter Lake,1993-07-21,3.0,,,,16.5
Peter Lake,1993-07-21,3.15,529.993,34.009,5.0,
Peter Lake,1993-07-21,3.5,,,,13.8
Peter Lake,1993-07-21,4.0,,,,11.2
Peter Lake,1993-07-21,4.5,,36.64,3.0,8.8
Peter Lake,1993-07-21,5.0,,,,7.7
Peter Lake,1993-07-21,5.5,,,,6.7
Peter Lake,1993-07-21,6.0,,,,5.8
Peter Lake,1993-07-21,6.5,,,,5.3
Peter Lake,1993-07-21,7.0,,,,5.1
Peter Lake,1993-07-21,8.0,,,,4.9
Peter Lake,1993-07-21,9.0,,,,4.8
Peter Lake,1993-07-21,10.0,,,,4.7
Peter Lake,1993-07-21,11.0,,,,4.7
Peter Lake,1993-07-21,12.0,865.418,49.12,5.0,4.6
Peter Lake,1993-07-28,0.0,352.001,27.056,3.0,22.7
Peter Lake,1993-07-28,0.25,,,,
Peter Lake,1993-07-28,0.5,,,,22.7
Peter Lake,1993-07-28,0.75,,,,
Peter Lake,1993-07-28,1.0,,30.239,4.0,22.7
Peter Lake,1993-07-28,1.5,,,,22.5
Peter Lake,1993-07-28,2.0,,,,22.2
Peter Lake,1993-07-28,2.1,,17.971,1.0,
Peter Lake,1993-07-28,2.5,,,,21.6
Peter Lake,1993-07-28,3.0,,,,18.0
Peter Lake,1993-07-28,3.5,,,,14.0
Peter Lake,1993-07-28,3.6,432.499,19.934,2.0,
Peter Lake,1993-07-28,4.0,,,,11.9
Peter Lake,1993-07-28,4.25,,35.324,4.0,
Peter Lake,1993-07-28,4.5,,,,9.7
Peter Lake,1993-07-28,5.0,,,,8.6
Peter Lake,1993-07-28,5.5,,,,7.0
Peter Lake,1993-07-28,6.0,,,,5.9
Peter Lake,1993-07-28,6.2,,26.449,3.0,
Peter Lake,1993-07-28,6.5,,,,5.6
Peter Lake,1993-07-28,7.0,,,,5.3
Peter Lake,1993-07-28,8.0,,,,5.0
Peter Lake,1993-07-28,9.0,,,,4.8
Peter Lake,1993-07-28,10.0,,,,4.8
Peter Lake,1993-07-28,11.0,,,,4.7
Peter Lake,1993-07-28,12.0,801.505,44.974,8.0,4.7
Peter Lake,1993-08-04,0.0,641.684,21.373,1.0,20.1
Peter Lake,1993-08-04,0.25,,,,
Peter Lake,1993-08-04,0.5,,,,20.2
Peter Lake,1993-08-04,0.7,,24.728,2.0,
Peter Lake,1993-08-04,0.75,,,,
Peter Lake,1993-08-04,1.0,,,,20.2
Peter Lake,1993-08-04,1.5,,23.978,3.0,20.2
Peter Lake,1993-08-04,2.0,,,,20.2
Peter Lake,1993-08-04,2.5,,,,20.2
Peter Lake,1993-08-04,2.7,,23.663,0.0,
Peter Lake,1993-08-04,3.0,,,,20.0
Peter Lake,1993-08-04,3.5,,,,16.2
Peter Lake,1993-08-04,3.55,559.212,26.764,3.0,
Peter Lake,1993-08-04,4.0,,,,13.4
Peter Lake,1993-08-04,4.5,,,,10.6
Peter Lake,1993-08-04,5.0,,,,8.4
Peter Lake,1993-08-04,5.2,,33.004,3.0,
Peter Lake,1993-08-04,5.5,,,,7.4
Peter Lake,1993-08-04,6.0,,,,6.7
Peter Lake,1993-08-04,6.5,,,,5.9
Peter Lake,1993-08-04,7.0,,,,5.5
Peter Lake,1993-08-04,8.0,,,,5.0
Peter Lake,1993-08-04,9.0,,,,4.8
Peter Lake,1993-08-04,10.0,,,,4.8
Peter Lake,1993-08-04,11.0,,,,4.7
Peter Lake,1993-08-04,12.0,937.538,46.801,5.0,4.6
Peter Lake,1993-08-11,0.0,517.016,25.603,0.0,22.0
Peter Lake,1993-08-11,0.25,,,,
Peter Lake,1993-08-11,0.5,,,,22.0
Peter Lake,1993-08-11,0.7,,23.239,3.0,
Peter Lake,1993-08-11,0.75,,,,
Peter Lake,1993-08-11,1.0,,,,21.9
Peter Lake,1993-08-11,1.5,,22.308,1.0,21.1
Peter Lake,1993-08-11,2.0,,,,20.7
Peter Lake,1993-08-11,2.5,,,,20.2
Peter Lake,1993-08-11,2.6,,19.707,1.0,
Peter Lake,1993-08-11,3.0,,,,19.7
Peter Lake,1993-08-11,3.4,344.893,22.723,2.0,
Peter Lake,1993-08-11,3.5,,,,17.5
Peter Lake,1993-08-11,4.0,,,,14.1
Peter Lake,1993-08-11,4.5,,,,11.5
Peter Lake,1993-08-11,4.7,,32.565,5.0,
Peter Lake,1993-08-11,5.0,,,,9.1
Peter Lake,1993-08-11,5.5,,,,8.0
Peter Lake,1993-08-11,6.0,,,,6.8
Peter Lake,1993-08-11,6.5,,,,6.0
Peter Lake,1993-08-11,7.0,,,,5.4
Peter Lake,1993-08-11,8.0,,,,5.1
Peter Lake,1993-08-11,9.0,,,,4.9
Peter Lake,1993-08-11,10.0,,,,4.7
Peter Lake,1993-08-11,11.0,,,,4.7
Peter Lake,1993-08-11,12.0,910.359,45.895,5.0,4.6
Peter Lake,1993-08-18,0.0,513.473,21.112,1.0,23.4
Peter Lake,1993-08-18,0.25,,,,
Peter Lake,1993-08-18,0.5,,,,23.4
Peter Lake,1993-08-18,0.7,,19.03,0.0,
Peter Lake,1993-08-18,0.75,,,,
Peter Lake,1993-08-18,1.0,,,,23.4
Peter Lake,1993-08-18,1.5,,18.501,1.0,23.2
Peter Lake,1993-08-18,2.0,,,,22.6
Peter Lake,1993-08-18,2.5,,,,21.6
Peter Lake,1993-08-18,2.8,,18.855,3.0,
Peter Lake,1993-08-18,3.0,,,,20.0
Peter Lake,1993-08-18,3.5,,,,17.6
Peter Lake,1993-08-18,3.55,369.254,29.809,7.0,
Peter Lake,1993-08-18,4.0,,,,14.4
Peter Lake,1993-08-18,4.5,,,,11.3
Peter Lake,1993-08-18,4.9,,38.143,5.0,
Peter Lake,1993-08-18,5.0,,,,8.9
Peter Lake,1993-08-18,5.5,,,,7.7
Peter Lake,1993-08-18,6.0,,,,6.7
Peter Lake,1993-08-18,6.5,,,,6.2
Peter Lake,1993-08-18,7.0,,,,5.7
Peter Lake,1993-08-18,8.0,,,,5.2
Peter Lake,1993-08-18,9.0,,,,4.9
Peter Lake,1993-08-18,10.0,,,,4.8
Peter Lake,1993-08-18,11.0,,,,4.7
Peter Lake,1993-08-18,12.0,1042.381,55.865,10.0,4.7
Peter Lake,1993-08-25,0.0,465.333,18.787,0.0,22.8
Peter Lake,1993-08-25,0.25,,,,
Peter Lake,1993-08-25,0.5,,,,22.8
Peter Lake,1993-08-25,0.65,,21.886,1.0,
Peter Lake,1993-08-25,0.75,,,,
Peter Lake,1993-08-25,1.0,,,,22.7
Peter Lake,1993-08-25,1.4,,18.656,1.0,
Peter Lake,1993-08-25,1.5,,,,22.7
Peter Lake,1993-08-25,2.0,,,,22.5
Peter Lake,1993-08-25,2.4,,17.052,1.0,
Peter Lake,1993-08-25,2.5,,,,21.9
Peter Lake,1993-08-25,3.0,,,,20.3
Peter Lake,1993-08-25,3.25,322.363,19.652,0.0,
Peter Lake,1993-08-25,3.5,,,,17.5
Peter Lake,1993-08-25,4.0,,,,14.7
Peter Lake,1993-08-25,4.4,,42.091,2.0,
Peter Lake,1993-08-25,4.5,,,,12.0
Peter Lake,1993-08-25,5.0,,,,9.5
Peter Lake,1993-08-25,5.5,,,,7.8
Peter Lake,1993-08-25,6.0,,,,6.8
Peter Lake,1993-08-25,6.5,,,,6.3
Peter Lake,1993-08-25,7.0,,,,5.7
Peter Lake,1993-08-25,8.0,,,,5.1
Peter Lake,1993-08-25,9.0,,,,4.9
Peter Lake,1993-08-25,10.0,,,,4.8
Peter Lake,1993-08-25,11.0,,,,4.7
Peter Lake,1993-08-25,12.0,1065.11,57.082,5.0,4.6
Peter Lake,1993-08-31,0.0,448.049,18.417,0.0,21.2
Peter Lake,1993-08-31,0.25,,,,
Peter Lake,1993-08-31,0.5,,,,21.3
Peter Lake,1993-08-31,0.75,,,,
Peter Lake,1993-08-31,0.8,,16.766,0.0,
Peter Lake,1993-08-31,1.0,,,,21.3
Peter Lake,1993-08-31,1.5,,,,21.3
Peter Lake,1993-08-31,1.7,,16.533,1.0,
Peter Lake,1993-08-31,2.0,,,,21.3
Peter Lake,1993-08-31,2.5,,,,21.3
Peter Lake,1993-08-31,2.95,,16.617,1.0,
Peter Lake,1993-08-31,3.0,,,,21.2
Peter Lake,1993-08-31,3.5,,,,18.4
Peter Lake,1993-08-31,3.6,468.864,33.378,1.0,
Peter Lake,1993-08-31,4.0,,,,15.9
Peter Lake,1993-08-31,4.5,,,,12.4
Peter Lake,1993-08-31,4.8,,40.593,2.0,
Peter Lake,1993-08-31,5.0,,,,10.0
Peter Lake,1993-08-31,5.5,,,,8.1
Peter Lake,1993-08-31,6.0,,,,7.0
Peter Lake,1993-08-31,6.5,,,,6.5
Peter Lake,1993-08-31,7.0,,,,5.9
Peter Lake,1993-08-31,8.0,,,,5.3
Peter Lake,1993-08-31,9.0,,,,5.0
Peter Lake,1993-08-31,10.0,,,,4.8
Peter Lake,1993-08-31,11.0,,,,4.7
Peter Lake,1993-08-31,12.0,1157.654,60.082,10.0,4.7
Peter Lake,1993-09-07,0.0,420.378,20.819,1.0,17.6
Peter Lake,1993-09-07,0.25,,,,
Peter Lake,1993-09-07,0.5,,,,17.7
Peter Lake,1993-09-07,0.6,,21.477,2.0,
Peter Lake,1993-09-07,0.75,,,,
Peter Lake,1993-09-07,1.0,,,,17.7
Peter Lake,1993-09-07,1.25,,23.389,0.0,
Peter Lake,1993-09-07,1.5,,,,17.7
Peter Lake,1993-09-07,2.0,,,,17.7
Peter Lake,1993-09-07,2.2,,21.117,1.0,
Peter Lake,1993-09-07,2.5,,,,17.7
Peter Lake,1993-09-07,3.0,423.221,24.763,1.0,17.7
Peter Lake,1993-09-07,3.5,,,,17.6
Peter Lake,1993-09-07,4.0,,,,17.2
Peter Lake,1993-09-07,4.5,,,,12.4
Peter Lake,1993-09-07,4.8,,27.309,4.0,
Peter Lake,1993-09-07,5.0,,,,10.0
Peter Lake,1993-09-07,5.5,,,,8.6
Peter Lake,1993-09-07,6.0,,,,7.1
Peter Lake,1993-09-07,6.5,,,,6.4
Peter Lake,1993-09-07,7.0,,,,5.9
Peter Lake,1993-09-07,8.0,,,,5.3
Peter Lake,1993-09-07,9.0,,,,5.0
Peter Lake,1993-09-07,10.0,,,,4.8
Peter Lake,1993-09-07,11.0,,,,4.7
Peter Lake,1993-09-07,12.0,957.431,52.796,13.0,4.7
Peter Lake,1993-10-01,0.0,,,,11.2
Peter Lake,1993-10-01,0.5,,,,11.3
Peter Lake,1993-10-01,1.0,,,,11.3
Peter Lake,1993-10-01,1.5,,,,11.2
Peter Lake,1993-10-01,2.0,,,,11.2
Peter Lake,1993-10-01,2.5,,,,11.2
Peter Lake,1993-10-01,3.0,,,,11.2
Peter Lake,1993-10-01,3.5,,,,11.2
Peter Lake,1993-10-01,4.0,,,,11.2
Peter Lake,1993-10-01,4.5,,,,11.2
Peter Lake,1993-10-01,5.0,,,,11.2
Peter Lake,1993-10-01,5.5,,,,11.0
Peter Lake,1993-10-01,6.0,,,,7.9
Peter Lake,1993-10-01,6.5,,,,7.1
Peter Lake,1993-10-01,7.0,,,,6.3
Peter Lake,1993-10-01,8.0,,,,5.6
Peter Lake,1993-10-01,9.0,,,,5.1
Peter Lake,1993-10-01,10.0,,,,4.9
Peter Lake,1993-11-02,0.0,,,,5.0
Peter Lake,1993-11-02,0.5,,,,5.0
Peter Lake,1993-11-02,1.0,,,,5.0
Peter Lake,1993-11-02,1.5,,,,5.0
Peter Lake,1993-11-02,2.0,,,,5.0
Peter Lake,1993-11-02,2.5,,,,5.0
Peter Lake,1993-11-02,3.0,,,,5.0
Peter Lake,1993-11-02,3.5,,,,5.0
Peter Lake,1993-11-02,4.0,,,,5.0
Peter Lake,1993-11-02,4.5,,,,5.0
Peter Lake,1993-11-02,5.0,,,,5.0
Peter Lake,1993-11-02,5.5,,,,5.0
Peter Lake,1993-11-02,6.0,,,,5.0
Peter Lake,1993-11-02,6.5,,,,5.0
Peter Lake,1993-11-02,7.0,,,,5.0
Peter Lake,1993-11-02,8.0,,,,5.0
Peter Lake,1993-11-02,9.0,,,,5.0
Peter Lake,1993-11-02,10.0,,,,5.0
Peter Lake,1994-05-17,0.0,354.859,10.887,,13.4
Peter Lake,1994-05-17,0.25,,,,
Peter Lake,1994-05-17,0.5,,,,13.2
Peter Lake,1994-05-17,0.75,,,,
Peter Lake,1994-05-17,1.0,,11.108,,12.9
Peter Lake,1994-05-17,1.5,,,,12.6
Peter Lake,1994-05-17,2.0,,,,12.0
Peter Lake,1994-05-17,2.3,,12.966,,
Peter Lake,1994-05-17,2.5,,,,11.7
Peter Lake,1994-05-17,3.0,,,,10.9
Peter Lake,1994-05-17,3.5,,,,8.8
Peter Lake,1994-05-17,3.8,418.614,19.832,,
Peter Lake,1994-05-17,4.0,,,,7.4
Peter Lake,1994-05-17,4.5,,,,6.7
Peter Lake,1994-05-17,4.8,,17.289,,
Peter Lake,1994-05-17,5.0,,,,6.2
Peter Lake,1994-05-17,5.5,,,,5.8
Peter Lake,1994-05-17,6.0,,,,5.1
Peter Lake,1994-05-17,6.5,,,,4.9
Peter Lake,1994-05-17,6.7,,71.037,,
Peter Lake,1994-05-17,7.0,,,,4.9
Peter Lake,1994-05-17,8.0,,,,4.7
Peter Lake,1994-05-17,9.0,,,,4.6
Peter Lake,1994-05-17,10.0,,,,4.5
Peter Lake,1994-05-17,11.0,,,,4.5
Peter Lake,1994-05-17,12.0,,,,4.5
Peter Lake,1994-05-25,0.0,460.791,14.504,2.337,19.0
Peter Lake,1994-05-25,0.25,,,,
Peter Lake,1994-05-25,0.5,,,,19.0
Peter Lake,1994-05-25,0.75,,,,
Peter Lake,1994-05-25,0.85,,,2.0,
Peter Lake,1994-05-25,1.0,,,,19.1
Peter Lake,1994-05-25,1.5,,,,18.8
Peter Lake,1994-05-25,2.0,,,3.397,16.4
Peter Lake,1994-05-25,2.5,,,,14.1
Peter Lake,1994-05-25,3.0,,,,12.3
Peter Lake,1994-05-25,3.5,,,,10.0
Peter Lake,1994-05-25,3.85,313.435,16.379,2.354,
Peter Lake,1994-05-25,4.0,,,,8.8
Peter Lake,1994-05-25,4.5,,,,7.7
Peter Lake,1994-05-25,4.9,,,1.908,
Peter Lake,1994-05-25,5.0,,,,7.1
Peter Lake,1994-05-25,5.5,,,,5.8
Peter Lake,1994-05-25,6.0,,,,5.5
Peter Lake,1994-05-25,6.5,,,,5.2
Peter Lake,1994-05-25,6.7,,43.258,4.283,
Peter Lake,1994-05-25,7.0,,,,5.1
Peter Lake,1994-05-25,8.0,,,,4.8
Peter Lake,1994-05-25,9.0,,,,4.6
Peter Lake,1994-05-25,10.0,,,,4.6
Peter Lake,1994-05-25,11.0,,,,4.6
Peter Lake,1994-05-25,12.0,1513.604,75.821,13.569,4.5
Peter Lake,1994-06-01,0.0,379.781,12.581,1.848,17.4
Peter Lake,1994-06-01,0.25,,,,
Peter Lake,1994-06-01,0.5,,,,17.5
Peter Lake,1994-06-01,0.75,,,,
Peter Lake,1994-06-01,0.85,390.005,14.003,2.398,
Peter Lake,1994-06-01,1.0,,,,17.5
Peter Lake,1994-06-01,1.5,,,,17.4
Peter Lake,1994-06-01,2.0,558.477,12.372,2.76,17.4
Peter Lake,1994-06-01,2.5,,,,16.9
Peter Lake,1994-06-01,3.0,,,,14.0
Peter Lake,1994-06-01,3.5,,,,11.9
Peter Lake,1994-06-01,3.85,384.14,11.248,3.39,
Peter Lake,1994-06-01,4.0,,,,10.0
Peter Lake,1994-06-01,4.5,,,,8.6
Peter Lake,1994-06-01,4.9,445.136,17.678,1.986,
Peter Lake,1994-06-01,5.0,,,,7.3
Peter Lake,1994-06-01,5.5,,,,6.7
Peter Lake,1994-06-01,6.0,,,,5.8
Peter Lake,1994-06-01,6.5,,,,5.3
Peter Lake,1994-06-01,6.7,531.93,30.361,3.602,
Peter Lake,1994-06-01,7.0,,,,5.3
Peter Lake,1994-06-01,8.0,,,,4.9
Peter Lake,1994-06-01,9.0,,,,4.8
Peter Lake,1994-06-01,10.0,,,,4.6
Peter Lake,1994-06-01,11.0,,,,4.6
Peter Lake,1994-06-01,12.0,1648.857,75.548,12.776,4.6
Peter Lake,1994-06-08,0.0,509.244,16.359,1.557,17.8
Peter Lake,1994-06-08,0.25,,,,
Peter Lake,1994-06-08,0.5,,,,17.9
Peter Lake,1994-06-08,0.75,,,,
Peter Lake,1994-06-08,0.9,,13.569,1.213,
Peter Lake,1994-06-08,1.0,,,,17.8
Peter Lake,1994-06-08,1.5,,,,17.7
Peter Lake,1994-06-08,1.8,,15.096,2.096,
Peter Lake,1994-06-08,2.0,,,,17.7
Peter Lake,1994-06-08,2.5,,,,17.7
Peter Lake,1994-06-08,3.0,536.774,15.026,0.678,15.8
Peter Lake,1994-06-08,3.5,,,,13.0
Peter Lake,1994-06-08,4.0,,13.412,1.71,10.9
Peter Lake,1994-06-08,4.5,,,,9.1
Peter Lake,1994-06-08,5.0,,,,8.1
Peter Lake,1994-06-08,5.5,,,,7.0
Peter Lake,1994-06-08,6.0,,39.753,5.838,6.0
Peter Lake,1994-06-08,6.5,,,,5.8
Peter Lake,1994-06-08,7.0,,,,5.5
Peter Lake,1994-06-08,8.0,,,,5.1
Peter Lake,1994-06-08,9.0,,,,4.8
Peter Lake,1994-06-08,10.0,,,,4.6
Peter Lake,1994-06-08,11.0,,,,4.6
Peter Lake,1994-06-08,12.0,1512.184,78.349,16.015,4.6
Peter Lake,1994-06-15,0.0,477.839,15.346,1.07,21.5
Peter Lake,1994-06-15,0.25,,,,
Peter Lake,1994-06-15,0.5,,,,21.5
Peter Lake,1994-06-15,0.75,,,,
Peter Lake,1994-06-15,0.8,,14.957,1.755,
Peter Lake,1994-06-15,1.0,,,,21.5
Peter Lake,1994-06-15,1.5,,,,21.5
Peter Lake,1994-06-15,1.9,,14.793,1.436,
Peter Lake,1994-06-15,2.0,,,,20.8
Peter Lake,1994-06-15,2.5,,,,19.2
Peter Lake,1994-06-15,3.0,,20.585,1.606,17.5
Peter Lake,1994-06-15,3.5,,,,14.3
Peter Lake,1994-06-15,4.0,,18.806,2.999,12.4
Peter Lake,1994-06-15,4.5,,,,9.9
Peter Lake,1994-06-15,5.0,,,,8.3
Peter Lake,1994-06-15,5.5,,,,7.5
Peter Lake,1994-06-15,6.0,,27.423,2.73,7.0
Peter Lake,1994-06-15,6.5,,,,6.1
Peter Lake,1994-06-15,7.0,,,,5.8
Peter Lake,1994-06-15,8.0,,,,5.1
Peter Lake,1994-06-15,9.0,,,,4.8
Peter Lake,1994-06-15,10.0,,,,4.7
Peter Lake,1994-06-15,11.0,,,,4.6
Peter Lake,1994-06-15,12.0,1785.819,111.085,23.307,4.6
Peter Lake,1994-06-22,0.0,480.66,19.304,2.349,23.5
Peter Lake,1994-06-22,0.25,,,,
Peter Lake,1994-06-22,0.5,,,,23.8
Peter Lake,1994-06-22,0.75,,,,
Peter Lake,1994-06-22,1.0,,,,23.8
Peter Lake,1994-06-22,1.1,,19.124,2.745,
Peter Lake,1994-06-22,1.5,,,,23.8
Peter Lake,1994-06-22,2.0,,,,23.8
Peter Lake,1994-06-22,2.1,,15.34,2.321,
Peter Lake,1994-06-22,2.5,,,,21.3
Peter Lake,1994-06-22,3.0,,,,18.5
Peter Lake,1994-06-22,3.25,1184.621,29.087,2.949,
Peter Lake,1994-06-22,3.5,,,,15.5
Peter Lake,1994-06-22,4.0,,22.927,2.082,13.8
Peter Lake,1994-06-22,4.5,,,,10.9
Peter Lake,1994-06-22,5.0,,,,9.1
Peter Lake,1994-06-22,5.5,,,,8.2
Peter Lake,1994-06-22,6.0,,28.899,3.192,7.1
Peter Lake,1994-06-22,6.5,,,,6.1
Peter Lake,1994-06-22,7.0,,,,5.9
Peter Lake,1994-06-22,8.0,,,,5.0
Peter Lake,1994-06-22,9.0,,,,4.9
Peter Lake,1994-06-22,10.0,,,,4.8
Peter Lake,1994-06-22,11.0,,,,4.6
Peter Lake,1994-06-22,12.0,1556.415,85.414,16.9,4.6
Peter Lake,1994-06-29,0.0,609.005,24.788,1.807,22.7
Peter Lake,1994-06-29,0.25,,,,
Peter Lake,1994-06-29,0.5,,,,22.8
Peter Lake,1994-06-29,0.75,,,,
Peter Lake,1994-06-29,0.95,,20.894,1.871,
Peter Lake,1994-06-29,1.0,,,,22.8
Peter Lake,1994-06-29,1.5,,,,22.8
Peter Lake,1994-06-29,1.9,,18.138,2.07,
Peter Lake,1994-06-29,2.0,,,,22.8
Peter Lake,1994-06-29,2.5,,,,22.8
Peter Lake,1994-06-29,3.0,,,,19.9
Peter Lake,1994-06-29,3.25,596.931,22.424,2.426,
Peter Lake,1994-06-29,3.5,,,,16.8
Peter Lake,1994-06-29,4.0,,,,14.0
Peter Lake,1994-06-29,4.1,,22.603,2.612,
Peter Lake,1994-06-29,4.5,,,,11.3
Peter Lake,1994-06-29,5.0,,,,9.6
Peter Lake,1994-06-29,5.5,,,,8.4
Peter Lake,1994-06-29,6.0,,27.331,2.495,7.2
Peter Lake,1994-06-29,6.5,,,,6.4
Peter Lake,1994-06-29,7.0,,,,5.8
Peter Lake,1994-06-29,8.0,,,,5.2
Peter Lake,1994-06-29,9.0,,,,4.9
Peter Lake,1994-06-29,10.0,,,,4.7
Peter Lake,1994-06-29,11.0,,,,4.7
Peter Lake,1994-06-29,12.0,1660.284,91.887,17.583,4.6
Peter Lake,1994-07-06,0.0,571.092,24.207,6.265,22.0
Peter Lake,1994-07-06,0.5,,,,22.0
Peter Lake,1994-07-06,0.9,713.295,23.784,5.544,
Peter Lake,1994-07-06,1.0,,,,22.0
Peter Lake,1994-07-06,1.5,,,,22.0
Peter Lake,1994-07-06,1.7,691.066,25.209,4.654,
Peter Lake,1994-07-06,2.0,,,,22.0
Peter Lake,1994-07-06,2.5,,,,21.8
Peter Lake,1994-07-06,3.0,,,,21.2
Peter Lake,1994-07-06,3.1,798.359,26.781,4.018,
Peter Lake,1994-07-06,3.5,,,,18.5
Peter Lake,1994-07-06,4.0,,,,16.8
Peter Lake,1994-07-06,4.1,652.51,29.336,5.263,
Peter Lake,1994-07-06,4.5,,,,12.1
Peter Lake,1994-07-06,5.0,,,,9.8
Peter Lake,1994-07-06,5.5,,,,8.6
Peter Lake,1994-07-06,6.0,,,,7.8
Peter Lake,1994-07-06,6.1,527.17,41.892,5.291,
Peter Lake,1994-07-06,6.5,,,,6.7
Peter Lake,1994-07-06,7.0,,,,6.0
Peter Lake,1994-07-06,8.0,,,,5.3
Peter Lake,1994-07-06,9.0,,,,5.0
Peter Lake,1994-07-06,10.0,,,,4.8
Peter Lake,1994-07-06,11.0,,,,4.7
Peter Lake,1994-07-06,12.0,1993.954,138.781,24.716,4.7
Peter Lake,1994-07-13,0.0,746.728,19.149,0.896,21.6
Peter Lake,1994-07-13,0.25,,,,
Peter Lake,1994-07-13,0.5,,,,21.6
Peter Lake,1994-07-13,0.7,,19.171,0.786,
Peter Lake,1994-07-13,0.75,,,,21.6
Peter Lake,1994-07-13,1.0,,,,21.6
Peter Lake,1994-07-13,1.5,,21.54,0.471,21.6
Peter Lake,1994-07-13,2.0,,,,21.6
Peter Lake,1994-07-13,2.4,681.405,17.33,0.763,
Peter Lake,1994-07-13,2.5,,,,21.6
Peter Lake,1994-07-13,3.0,,,,20.8
Peter Lake,1994-07-13,3.3,,24.26,0.497,
Peter Lake,1994-07-13,3.5,,,,18.8
Peter Lake,1994-07-13,4.0,,,,15.9
Peter Lake,1994-07-13,4.5,,,,12.4
Peter Lake,1994-07-13,5.0,,,,9.9
Peter Lake,1994-07-13,5.3,,20.202,1.474,
Peter Lake,1994-07-13,5.5,,,,8.8
Peter Lake,1994-07-13,6.0,,,,7.4
Peter Lake,1994-07-13,6.5,,,,6.7
Peter Lake,1994-07-13,7.0,,,,6.1
Peter Lake,1994-07-13,8.0,,,,5.4
Peter Lake,1994-07-13,9.0,,,,5.1
Peter Lake,1994-07-13,10.0,,,,4.9
Peter Lake,1994-07-13,11.0,,,,4.8
Peter Lake,1994-07-13,12.0,1749.082,73.676,14.157,4.7
Peter Lake,1994-07-20,0.0,699.476,23.381,2.279,22.6
Peter Lake,1994-07-20,0.25,,,,
Peter Lake,1994-07-20,0.5,,,,22.6
Peter Lake,1994-07-20,0.7,,25.157,2.448,
Peter Lake,1994-07-20,0.75,,,,
Peter Lake,1994-07-20,1.0,,,,22.6
Peter Lake,1994-07-20,1.4,,22.986,2.86,
Peter Lake,1994-07-20,1.5,,,,22.5
Peter Lake,1994-07-20,2.0,,,,22.5
Peter Lake,1994-07-20,2.3,644.343,23.971,2.961,
Peter Lake,1994-07-20,2.5,,,,22.2
Peter Lake,1994-07-20,2.8,,29.276,2.169,
Peter Lake,1994-07-20,3.0,,,,21.3
Peter Lake,1994-07-20,3.5,,,,19.1
Peter Lake,1994-07-20,4.0,,,,16.0
Peter Lake,1994-07-20,4.4,,26.497,3.318,
Peter Lake,1994-07-20,4.5,,,,12.9
Peter Lake,1994-07-20,5.0,,,,10.8
Peter Lake,1994-07-20,5.5,,,,9.0
Peter Lake,1994-07-20,6.0,,,,7.9
Peter Lake,1994-07-20,6.5,,,,7.3
Peter Lake,1994-07-20,7.0,,,,6.3
Peter Lake,1994-07-20,8.0,,,,5.9
Peter Lake,1994-07-20,9.0,,,,5.6
Peter Lake,1994-07-20,10.0,,,,4.9
Peter Lake,1994-07-20,11.0,,,,4.8
Peter Lake,1994-07-20,12.0,1791.754,79.531,14.097,4.7
Peter Lake,1994-07-27,0.0,779.086,21.692,2.633,21.2
Peter Lake,1994-07-27,0.25,,,,
Peter Lake,1994-07-27,0.5,,,,21.2
Peter Lake,1994-07-27,0.7,,23.575,1.79,
Peter Lake,1994-07-27,0.75,,,,
Peter Lake,1994-07-27,1.0,,,,21.2
Peter Lake,1994-07-27,1.4,,23.126,1.888,
Peter Lake,1994-07-27,1.5,,,,21.2
Peter Lake,1994-07-27,2.0,,,,21.1
Peter Lake,1994-07-27,2.3,694.066,22.494,2.208,
Peter Lake,1994-07-27,2.5,,,,21.1
Peter Lake,1994-07-27,3.0,,,,21.0
Peter Lake,1994-07-27,3.1,,23.47,1.703,
Peter Lake,1994-07-27,3.5,,,,19.6
Peter Lake,1994-07-27,4.0,,,,16.5
Peter Lake,1994-07-27,4.5,,,,13.6
Peter Lake,1994-07-27,4.9,,22.764,1.742,
Peter Lake,1994-07-27,5.0,,,,11.7
Peter Lake,1994-07-27,5.5,,,,9.6
Peter Lake,1994-07-27,6.0,,,,8.1
Peter Lake,1994-07-27,6.5,,,,7.3
Peter Lake,1994-07-27,7.0,,,,6.8
Peter Lake,1994-07-27,8.0,,,,5.5
Peter Lake,1994-07-27,9.0,,,,5.0
Peter Lake,1994-07-27,10.0,,,,4.9
Peter Lake,1994-07-27,11.0,,,,4.8
Peter Lake,1994-07-27,12.0,1677.711,80.488,17.117,4.7
Peter Lake,1994-08-03,0.0,814.424,24.463,0.65,22.3
Peter Lake,1994-08-03,0.25,,,,
Peter Lake,1994-08-03,0.5,,,,22.6
Peter Lake,1994-08-03,0.7,,27.793,0.193,
Peter Lake,1994-08-03,0.75,,,,
Peter Lake,1994-08-03,1.0,,,,22.6
Peter Lake,1994-08-03,1.4,,28.416,0.571,
Peter Lake,1994-08-03,1.5,,,,22.6
Peter Lake,1994-08-03,2.0,,,,22.6
Peter Lake,1994-08-03,2.4,612.665,28.13,0.834,
Peter Lake,1994-08-03,2.5,,,,22.4
Peter Lake,1994-08-03,3.0,,25.348,0.921,21.4
Peter Lake,1994-08-03,3.5,,,,20.0
Peter Lake,1994-08-03,4.0,,,,17.6
Peter Lake,1994-08-03,4.5,,,,14.5
Peter Lake,1994-08-03,5.0,,,,11.8
Peter Lake,1994-08-03,5.1,,23.534,0.55,
Peter Lake,1994-08-03,5.5,,,,10.0
Peter Lake,1994-08-03,6.0,,,,8.6
Peter Lake,1994-08-03,7.0,,,,7.4
Peter Lake,1994-08-03,8.0,,,,5.7
Peter Lake,1994-08-03,9.0,,,,5.1
Peter Lake,1994-08-03,10.0,,,,5.0
Peter Lake,1994-08-03,11.0,,,,4.9
Peter Lake,1994-08-03,12.0,2112.138,120.402,30.83,4.8
Peter Lake,1994-08-10,0.0,833.706,36.581,0.828,19.9
Peter Lake,1994-08-10,0.25,,,,
Peter Lake,1994-08-10,0.5,,,,19.9
Peter Lake,1994-08-10,0.6,,25.169,2.264,
Peter Lake,1994-08-10,0.75,,,,
Peter Lake,1994-08-10,1.0,,,,19.9
Peter Lake,1994-08-10,1.5,,25.097,0.869,19.8
Peter Lake,1994-08-10,2.0,,,,19.8
Peter Lake,1994-08-10,2.5,,,,19.8
Peter Lake,1994-08-10,2.6,1101.843,23.233,1.122,
Peter Lake,1994-08-10,3.0,,,,19.8
Peter Lake,1994-08-10,3.5,,,,19.7
Peter Lake,1994-08-10,4.0,,,,17.7
Peter Lake,1994-08-10,4.5,,,,14.0
Peter Lake,1994-08-10,5.0,,,,11.9
Peter Lake,1994-08-10,5.2,,29.4,1.38,
Peter Lake,1994-08-10,5.5,,,,10.1
Peter Lake,1994-08-10,6.0,,,,8.7
Peter Lake,1994-08-10,6.5,,,,7.5
Peter Lake,1994-08-10,7.0,,,,6.8
Peter Lake,1994-08-10,8.0,,,,5.6
Peter Lake,1994-08-10,9.0,,,,5.3
Peter Lake,1994-08-10,10.0,,,,5.0
Peter Lake,1994-08-10,11.0,,,,4.8
Peter Lake,1994-08-10,12.0,1982.774,106.983,16.303,4.7
Peter Lake,1994-08-17,0.0,807.511,16.842,2.063,20.2
Peter Lake,1994-08-17,0.25,,,,
Peter Lake,1994-08-17,0.5,,,,20.2
Peter Lake,1994-08-17,0.75,,,,
Peter Lake,1994-08-17,0.9,,20.251,1.868,
Peter Lake,1994-08-17,1.0,,,,20.2
Peter Lake,1994-08-17,1.5,,,,20.2
Peter Lake,1994-08-17,2.0,,19.461,1.731,19.9
Peter Lake,1994-08-17,2.5,,,,19.6
Peter Lake,1994-08-17,3.0,,,,19.5
Peter Lake,1994-08-17,3.5,,,,19.1
Peter Lake,1994-08-17,3.9,2207.813,26.471,2.919,
Peter Lake,1994-08-17,4.0,,,,17.8
Peter Lake,1994-08-17,4.4,,41.24,,
Peter Lake,1994-08-17,4.5,,,,15.5
Peter Lake,1994-08-17,5.0,,,,12.0
Peter Lake,1994-08-17,5.5,,,,10.2
Peter Lake,1994-08-17,6.0,,,,8.7
Peter Lake,1994-08-17,6.2,,32.234,2.378,
Peter Lake,1994-08-17,6.5,,,,7.9
Peter Lake,1994-08-17,7.0,,,,7.1
Peter Lake,1994-08-17,8.0,,,,5.8
Peter Lake,1994-08-17,9.0,,,,5.2
Peter Lake,1994-08-17,10.0,,,,5.0
Peter Lake,1994-08-17,11.0,,,,4.8
Peter Lake,1994-08-17,12.0,1999.095,130.118,26.047,4.7
Peter Lake,1994-08-24,0.0,653.576,22.552,2.403,20.3
Peter Lake,1994-08-24,0.25,,,,
Peter Lake,1994-08-24,0.5,,,,20.3
Peter Lake,1994-08-24,0.75,,,,
Peter Lake,1994-08-24,0.95,,16.167,1.254,
Peter Lake,1994-08-24,1.0,,,,20.3
Peter Lake,1994-08-24,1.5,,,,20.3
Peter Lake,1994-08-24,2.0,,,,20.3
Peter Lake,1994-08-24,2.1,,21.674,,
Peter Lake,1994-08-24,2.5,,,,20.3
Peter Lake,1994-08-24,3.0,,,,20.3
Peter Lake,1994-08-24,3.5,,,,20.2
Peter Lake,1994-08-24,3.6,906.888,38.866,2.359,
Peter Lake,1994-08-24,4.0,,,,19.6
Peter Lake,1994-08-24,4.5,,,,16.6
Peter Lake,1994-08-24,4.6,,18.216,2.628,
Peter Lake,1994-08-24,5.0,,,,13.0
Peter Lake,1994-08-24,5.5,,,,10.8
Peter Lake,1994-08-24,6.0,,,,8.9
Peter Lake,1994-08-24,6.4,,32.076,3.288,
Peter Lake,1994-08-24,6.5,,,,7.8
Peter Lake,1994-08-24,7.0,,,,6.9
Peter Lake,1994-08-24,8.0,,,,5.8
Peter Lake,1994-08-24,9.0,,,,5.2
Peter Lake,1994-08-24,10.0,,,,4.9
Peter Lake,1994-08-24,11.0,,,,4.8
Peter Lake,1994-08-24,12.0,1830.455,107.686,20.141,4.8
Peter Lake,1994-08-31,0.0,747.822,14.551,1.779,18.5
Peter Lake,1994-08-31,0.25,,,,
Peter Lake,1994-08-31,0.5,,,,18.5
Peter Lake,1994-08-31,0.75,,,,
Peter Lake,1994-08-31,0.8,693.484,13.177,3.126,
Peter Lake,1994-08-31,1.0,,,,18.5
Peter Lake,1994-08-31,1.5,,,,18.6
Peter Lake,1994-08-31,1.8,698.743,11.195,1.089,
Peter Lake,1994-08-31,2.0,,,,18.6
Peter Lake,1994-08-31,2.5,,,,18.6
Peter Lake,1994-08-31,3.0,,,,18.6
Peter Lake,1994-08-31,3.5,811.686,17.427,1.789,18.6
Peter Lake,1994-08-31,4.0,,,,18.5
Peter Lake,1994-08-31,4.5,724.417,21.12,2.795,16.9
Peter Lake,1994-08-31,5.0,,,,13.8
Peter Lake,1994-08-31,5.5,,,,11.4
Peter Lake,1994-08-31,6.0,,,,9.6
Peter Lake,1994-08-31,6.4,708.389,58.019,2.747,
Peter Lake,1994-08-31,6.5,,,,8.1
Peter Lake,1994-08-31,7.0,,,,7.4
Peter Lake,1994-08-31,8.0,,,,5.8
Peter Lake,1994-08-31,9.0,,,,5.3
Peter Lake,1994-08-31,10.0,,,,5.0
Peter Lake,1994-08-31,11.0,,,,4.9
Peter Lake,1994-08-31,12.0,1977.114,116.681,27.935,4.8
Peter Lake,1994-09-06,0.0,680.558,16.281,1.133,17.0
Peter Lake,1994-09-06,0.25,,,,
Peter Lake,1994-09-06,0.5,,,,17.1
Peter Lake,1994-09-06,0.75,,,,
Peter Lake,1994-09-06,0.8,,11.773,0.194,
Peter Lake,1994-09-06,1.0,,,,17.1
Peter Lake,1994-09-06,1.5,,,,17.1
Peter Lake,1994-09-06,1.9,,15.104,1.924,
Peter Lake,1994-09-06,2.0,,,,17.0
Peter Lake,1994-09-06,2.5,,,,17.0
Peter Lake,1994-09-06,3.0,,,,17.0
Peter Lake,1994-09-06,3.4,834.523,15.995,2.175,
Peter Lake,1994-09-06,3.5,,,,17.0
Peter Lake,1994-09-06,4.0,,,,17.0
Peter Lake,1994-09-06,4.5,,13.053,0.0,17.0
Peter Lake,1994-09-06,5.0,,,,14.2
Peter Lake,1994-09-06,5.5,,,,12.1
Peter Lake,1994-09-06,6.0,,,,9.6
Peter Lake,1994-09-06,6.5,,,,8.4
Peter Lake,1994-09-06,6.7,,61.705,2.657,
Peter Lake,1994-09-06,7.0,,,,7.1
Peter Lake,1994-09-06,8.0,,,,6.1
Peter Lake,1994-09-06,9.0,,,,5.3
Peter Lake,1994-09-06,10.0,,,,5.0
Peter Lake,1994-09-06,11.0,,,,4.9
Peter Lake,1994-09-06,12.0,2126.636,123.29,16.866,
Peter Lake,1995-05-24,0.0,436.333,18.922,4.086,13.0
Peter Lake,1995-05-24,0.25,,,,
Peter Lake,1995-05-24,0.5,,,,13.0
Peter Lake,1995-05-24,0.75,470.269,21.129,4.963,
Peter Lake,1995-05-24,1.0,,,,13.0
Peter Lake,1995-05-24,1.5,,,,13.0
Peter Lake,1995-05-24,1.6,435.942,17.505,3.31,
Peter Lake,1995-05-24,2.0,,,,13.0
Peter Lake,1995-05-24,2.5,,,,12.0
Peter Lake,1995-05-24,3.0,469.168,20.275,5.532,9.5
Peter Lake,1995-05-24,3.5,,,,7.6
Peter Lake,1995-05-24,4.0,715.214,27.986,4.178,6.6
Peter Lake,1995-05-24,4.5,,,,5.7
Peter Lake,1995-05-24,4.7,1016.412,36.564,3.881,
Peter Lake,1995-05-24,5.0,,,,5.3
Peter Lake,1995-05-24,5.5,,,,5.1
Peter Lake,1995-05-24,6.0,,,,4.5
Peter Lake,1995-05-24,6.5,,,,4.4
Peter Lake,1995-05-24,7.0,,,,4.3
Peter Lake,1995-05-24,8.0,,,,4.3
Peter Lake,1995-05-24,9.0,,,,4.3
Peter Lake,1995-05-24,10.0,,,,4.2
Peter Lake,1995-05-24,11.0,,,,4.2
Peter Lake,1995-05-24,12.0,1711.918,90.701,10.917,4.2
Peter Lake,1995-05-31,0.0,444.782,15.279,0.916,17.3
Peter Lake,1995-05-31,0.25,,,,
Peter Lake,1995-05-31,0.5,,,,17.3
Peter Lake,1995-05-31,0.75,,,,
Peter Lake,1995-05-31,0.85,,19.781,0.517,
Peter Lake,1995-05-31,1.0,,,,16.3
Peter Lake,1995-05-31,1.5,,,,14.8
Peter Lake,1995-05-31,1.8,,18.949,0.673,
Peter Lake,1995-05-31,2.0,,,,14.0
Peter Lake,1995-05-31,2.5,,,,13.2
Peter Lake,1995-05-31,3.0,,,,11.0
Peter Lake,1995-05-31,3.1,475.121,14.521,0.984,
Peter Lake,1995-05-31,3.5,,,,8.8
Peter Lake,1995-05-31,4.0,,45.347,0.086,7.4
Peter Lake,1995-05-31,4.5,,,,6.3
Peter Lake,1995-05-31,5.0,,,,5.8
Peter Lake,1995-05-31,5.5,,,,5.3
Peter Lake,1995-05-31,5.7,,49.452,2.924,
Peter Lake,1995-05-31,6.0,,,,4.9
Peter Lake,1995-05-31,6.5,,,,4.6
Peter Lake,1995-05-31,7.0,,,,4.4
Peter Lake,1995-05-31,8.0,,,,4.3
Peter Lake,1995-05-31,9.0,,,,4.3
Peter Lake,1995-05-31,10.0,,,,4.3
Peter Lake,1995-05-31,11.0,,,,4.3
Peter Lake,1995-05-31,12.0,993.444,34.298,3.45,4.3
Peter Lake,1995-06-07,0.0,388.163,10.974,3.685,20.1
Peter Lake,1995-06-07,0.25,,,,
Peter Lake,1995-06-07,0.5,,,,20.2
Peter Lake,1995-06-07,0.75,,,,
Peter Lake,1995-06-07,0.85,,16.207,3.527,
Peter Lake,1995-06-07,1.0,,,,20.2
Peter Lake,1995-06-07,1.5,,,,19.6
Peter Lake,1995-06-07,1.8,,5.419,3.923,
Peter Lake,1995-06-07,2.0,,,,17.2
Peter Lake,1995-06-07,2.5,,,,15.1
Peter Lake,1995-06-07,3.0,,,,13.0
Peter Lake,1995-06-07,3.4,478.311,8.891,2.086,
Peter Lake,1995-06-07,3.5,,,,9.7
Peter Lake,1995-06-07,4.0,,,,8.4
Peter Lake,1995-06-07,4.5,,12.982,3.165,7.3
Peter Lake,1995-06-07,5.0,,,,6.4
Peter Lake,1995-06-07,5.5,,,,5.8
Peter Lake,1995-06-07,6.0,,45.558,5.301,5.3
Peter Lake,1995-06-07,6.5,,,,5.0
Peter Lake,1995-06-07,7.0,,,,4.5
Peter Lake,1995-06-07,8.0,,,,4.5
Peter Lake,1995-06-07,9.0,,,,4.4
Peter Lake,1995-06-07,10.0,,,,4.3
Peter Lake,1995-06-07,11.0,,,,4.3
Peter Lake,1995-06-07,12.0,1063.794,24.612,3.746,4.3
Peter Lake,1995-06-14,0.0,478.125,13.505,1.317,19.3
Peter Lake,1995-06-14,0.25,,,,
Peter Lake,1995-06-14,0.5,,,,19.2
Peter Lake,1995-06-14,0.75,,,,
Peter Lake,1995-06-14,0.95,,11.384,1.395,
Peter Lake,1995-06-14,1.0,,,,19.1
Peter Lake,1995-06-14,1.1,,16.476,2.638,
Peter Lake,1995-06-14,1.5,,,,18.7
Peter Lake,1995-06-14,2.0,,10.612,1.511,18.0
Peter Lake,1995-06-14,2.5,,,,16.8
Peter Lake,1995-06-14,3.0,,,,14.4
Peter Lake,1995-06-14,3.3,654.434,15.677,1.482,
Peter Lake,1995-06-14,3.5,,,,11.6
Peter Lake,1995-06-14,4.0,,,,9.4
Peter Lake,1995-06-14,4.5,,,,7.8
Peter Lake,1995-06-14,5.0,,,,6.8
Peter Lake,1995-06-14,5.5,,,,6.1
Peter Lake,1995-06-14,5.75,,29.03,3.993,
Peter Lake,1995-06-14,6.0,,,,5.6
Peter Lake,1995-06-14,6.5,,,,5.0
Peter Lake,1995-06-14,7.0,,,,4.6
Peter Lake,1995-06-14,8.0,,,,4.4
Peter Lake,1995-06-14,9.0,,,,4.4
Peter Lake,1995-06-14,10.0,,,,4.4
Peter Lake,1995-06-14,11.0,,,,4.4
Peter Lake,1995-06-14,12.0,1095.278,34.112,3.258,4.3
Peter Lake,1995-06-21,0.0,486.462,12.958,1.226,27.2
Peter Lake,1995-06-21,0.25,,,,
Peter Lake,1995-06-21,0.5,,,,27.1
Peter Lake,1995-06-21,0.65,,11.491,1.327,
Peter Lake,1995-06-21,0.75,,,,
Peter Lake,1995-06-21,1.0,,,,26.9
Peter Lake,1995-06-21,1.5,,,,24.1
Peter Lake,1995-06-21,1.9,,12.428,1.288,
Peter Lake,1995-06-21,2.0,,,,21.7
Peter Lake,1995-06-21,2.5,,,,18.8
Peter Lake,1995-06-21,3.0,,,,15.9
Peter Lake,1995-06-21,3.3,686.21,15.66,3.088,
Peter Lake,1995-06-21,3.5,,,,13.7
Peter Lake,1995-06-21,4.0,,,,10.7
Peter Lake,1995-06-21,4.2,,20.009,1.56,
Peter Lake,1995-06-21,4.5,,,,8.4
Peter Lake,1995-06-21,5.0,,,,7.3
Peter Lake,1995-06-21,5.5,,,,6.7
Peter Lake,1995-06-21,6.0,,,,6.1
Peter Lake,1995-06-21,6.2,,52.938,3.885,
Peter Lake,1995-06-21,6.5,,,,5.2
Peter Lake,1995-06-21,7.0,,,,4.8
Peter Lake,1995-06-21,8.0,,,,4.5
Peter Lake,1995-06-21,9.0,,,,4.4
Peter Lake,1995-06-21,10.0,,,,4.5
Peter Lake,1995-06-21,11.0,,,,4.4
Peter Lake,1995-06-21,12.0,1093.316,38.178,1.291,4.4
Peter Lake,1995-06-28,0.0,535.325,14.59,0.0,24.8
Peter Lake,1995-06-28,0.25,,,,
Peter Lake,1995-06-28,0.5,,,,24.8
Peter Lake,1995-06-28,0.75,,12.683,0.0,
Peter Lake,1995-06-28,1.0,,,,24.8
Peter Lake,1995-06-28,1.5,,,,24.9
Peter Lake,1995-06-28,1.8,,13.521,1.877,
Peter Lake,1995-06-28,2.0,,,,24.7
Peter Lake,1995-06-28,2.5,,,,21.1
Peter Lake,1995-06-28,3.0,,,,18.1
Peter Lake,1995-06-28,3.3,679.034,16.692,0.33,
Peter Lake,1995-06-28,3.5,,,,14.8
Peter Lake,1995-06-28,4.0,,,,12.3
Peter Lake,1995-06-28,4.3,,27.48,0.294,
Peter Lake,1995-06-28,4.5,,,,10.1
Peter Lake,1995-06-28,5.0,,,,8.4
Peter Lake,1995-06-28,5.5,,,,7.2
Peter Lake,1995-06-28,6.0,,,,6.1
Peter Lake,1995-06-28,6.3,,45.094,1.415,
Peter Lake,1995-06-28,6.5,,,,5.7
Peter Lake,1995-06-28,7.0,,,,5.2
Peter Lake,1995-06-28,8.0,,,,4.6
Peter Lake,1995-06-28,9.0,,,,4.5
Peter Lake,1995-06-28,10.0,,,,4.5
Peter Lake,1995-06-28,11.0,,,,4.5
Peter Lake,1995-06-28,12.0,1011.221,36.651,1.314,4.4
Peter Lake,1995-07-05,0.0,576.806,19.982,0.666,21.6
Peter Lake,1995-07-05,0.25,,,,
Peter Lake,1995-07-05,0.5,,,,21.6
Peter Lake,1995-07-05,0.75,,,,
Peter Lake,1995-07-05,0.85,,18.089,0.707,
Peter Lake,1995-07-05,1.0,,,,21.6
Peter Lake,1995-07-05,1.5,,,,21.5
Peter Lake,1995-07-05,1.7,,21.73,1.02,
Peter Lake,1995-07-05,2.0,,,,21.3
Peter Lake,1995-07-05,2.5,,,,21.1
Peter Lake,1995-07-05,3.0,,,,19.5
Peter Lake,1995-07-05,3.1,587.803,17.496,0.718,
Peter Lake,1995-07-05,3.5,,,,15.8
Peter Lake,1995-07-05,4.0,,,,12.9
Peter Lake,1995-07-05,4.1,,20.185,0.847,
Peter Lake,1995-07-05,4.5,,,,10.5
Peter Lake,1995-07-05,5.0,,,,8.8
Peter Lake,1995-07-05,5.5,,,,7.3
Peter Lake,1995-07-05,6.0,,,,6.2
Peter Lake,1995-07-05,6.1,,46.288,2.3,
Peter Lake,1995-07-05,6.5,,,,5.5
Peter Lake,1995-07-05,7.0,,,,5.0
Peter Lake,1995-07-05,8.0,,,,4.6
Peter Lake,1995-07-05,9.0,,,,4.6
Peter Lake,1995-07-05,10.0,,,,4.6
Peter Lake,1995-07-05,11.0,,,,4.6
Peter Lake,1995-07-05,12.0,1089.271,41.852,5.915,4.5
Peter Lake,1995-07-12,0.0,582.801,19.157,0.83,23.2
Peter Lake,1995-07-12,0.25,,,,
Peter Lake,1995-07-12,0.5,,,,23.2
Peter Lake,1995-07-12,0.75,,,,
Peter Lake,1995-07-12,0.95,,18.234,1.673,
Peter Lake,1995-07-12,1.0,,,,22.9
Peter Lake,1995-07-12,1.5,,,,22.3
Peter Lake,1995-07-12,1.9,,14.216,1.388,
Peter Lake,1995-07-12,2.0,,,,21.6
Peter Lake,1995-07-12,2.5,,,,21.0
Peter Lake,1995-07-12,3.0,,,,19.8
Peter Lake,1995-07-12,3.1,,13.365,1.143,
Peter Lake,1995-07-12,3.5,,,,16.8
Peter Lake,1995-07-12,3.95,602.377,8.62,1.348,
Peter Lake,1995-07-12,4.0,,,,13.7
Peter Lake,1995-07-12,4.5,,,,11.6
Peter Lake,1995-07-12,5.0,,,,9.1
Peter Lake,1995-07-12,5.5,,,,7.4
Peter Lake,1995-07-12,5.9,,17.065,2.15,
Peter Lake,1995-07-12,6.0,,,,6.1
Peter Lake,1995-07-12,6.5,,,,5.4
Peter Lake,1995-07-12,7.0,,,,4.9
Peter Lake,1995-07-12,8.0,,,,4.8
Peter Lake,1995-07-12,9.0,,,,4.7
Peter Lake,1995-07-12,10.0,,,,4.7
Peter Lake,1995-07-12,11.0,,,,4.5
Peter Lake,1995-07-12,12.0,1168.721,41.626,10.575,4.5
Peter Lake,1995-07-19,0.0,590.792,19.617,0.938,22.3
Peter Lake,1995-07-19,0.25,,,,
Peter Lake,1995-07-19,0.5,,,,22.5
Peter Lake,1995-07-19,0.75,,16.216,0.687,
Peter Lake,1995-07-19,1.0,,,,22.5
Peter Lake,1995-07-19,1.5,,16.372,0.602,22.5
Peter Lake,1995-07-19,2.0,,,,22.3
Peter Lake,1995-07-19,2.5,,,,22.3
Peter Lake,1995-07-19,2.7,,14.107,2.103,
Peter Lake,1995-07-19,3.0,,,,19.8
Peter Lake,1995-07-19,3.5,630.806,18.348,0.617,17.3
Peter Lake,1995-07-19,4.0,,,,14.0
Peter Lake,1995-07-19,4.5,,,,11.7
Peter Lake,1995-07-19,5.0,,37.311,2.087,9.4
Peter Lake,1995-07-19,5.5,,,,7.8
Peter Lake,1995-07-19,6.0,,,,6.7
Peter Lake,1995-07-19,6.5,,,,5.8
Peter Lake,1995-07-19,7.0,,,,5.1
Peter Lake,1995-07-19,8.0,,,,4.7
Peter Lake,1995-07-19,9.0,,,,4.7
Peter Lake,1995-07-19,10.0,,,,4.7
Peter Lake,1995-07-19,11.0,,,,4.6
Peter Lake,1995-07-19,12.0,1222.206,55.97,13.776,4.5
Peter Lake,1995-07-26,0.0,688.018,21.664,2.018,24.1
Peter Lake,1995-07-26,0.25,,,,
Peter Lake,1995-07-26,0.5,,,,24.1
Peter Lake,1995-07-26,0.7,,24.995,2.312,
Peter Lake,1995-07-26,0.75,,,,
Peter Lake,1995-07-26,1.0,,,,24.1
Peter Lake,1995-07-26,1.5,,,,24.1
Peter Lake,1995-07-26,1.55,,22.405,1.127,
Peter Lake,1995-07-26,2.0,,,,23.8
Peter Lake,1995-07-26,2.5,,,,23.0
Peter Lake,1995-07-26,2.7,,25.696,1.214,
Peter Lake,1995-07-26,3.0,,,,20.7
Peter Lake,1995-07-26,3.4,880.756,26.759,1.005,
Peter Lake,1995-07-26,3.5,,,,17.5
Peter Lake,1995-07-26,4.0,,,,14.8
Peter Lake,1995-07-26,4.5,,,,12.7
Peter Lake,1995-07-26,5.0,,26.346,2.55,10.1
Peter Lake,1995-07-26,5.5,,,,8.3
Peter Lake,1995-07-26,6.0,,,,6.7
Peter Lake,1995-07-26,6.5,,,,5.8
Peter Lake,1995-07-26,7.0,,,,5.3
Peter Lake,1995-07-26,8.0,,,,4.9
Peter Lake,1995-07-26,9.0,,,,4.7
Peter Lake,1995-07-26,10.0,,,,4.7
Peter Lake,1995-07-26,11.0,,,,4.6
Peter Lake,1995-07-26,12.0,1411.96,61.632,16.664,4.5
Peter Lake,1995-08-02,0.0,688.511,23.225,2.427,24.5
Peter Lake,1995-08-02,0.25,,,,
Peter Lake,1995-08-02,0.5,,,,24.5
Peter Lake,1995-08-02,0.6,,22.343,2.252,
Peter Lake,1995-08-02,0.75,,,,
Peter Lake,1995-08-02,1.0,,,,24.4
Peter Lake,1995-08-02,1.3,,25.304,2.827,
Peter Lake,1995-08-02,1.5,,,,24.4
Peter Lake,1995-08-02,2.0,,,,24.3
Peter Lake,1995-08-02,2.3,,21.442,2.555,
Peter Lake,1995-08-02,2.5,,,,24.1
Peter Lake,1995-08-02,2.9,850.526,37.541,3.067,
Peter Lake,1995-08-02,3.0,,,,22.0
Peter Lake,1995-08-02,3.5,,,,18.4
Peter Lake,1995-08-02,4.0,,,,15.1
Peter Lake,1995-08-02,4.5,,29.919,2.87,12.9
Peter Lake,1995-08-02,5.0,,,,10.2
Peter Lake,1995-08-02,5.5,,,,8.8
Peter Lake,1995-08-02,6.0,,,,7.3
Peter Lake,1995-08-02,6.5,,,,6.2
Peter Lake,1995-08-02,7.0,,,,5.4
Peter Lake,1995-08-02,8.0,,,,4.9
Peter Lake,1995-08-02,9.0,,,,4.7
Peter Lake,1995-08-02,10.0,,,,4.7
Peter Lake,1995-08-02,11.0,,,,4.6
Peter Lake,1995-08-02,12.0,1188.886,50.889,10.345,4.6
Peter Lake,1995-08-09,0.0,686.848,24.684,2.046,24.3
Peter Lake,1995-08-09,0.25,,,,
Peter Lake,1995-08-09,0.5,,,,24.3
Peter Lake,1995-08-09,0.75,,23.322,1.848,
Peter Lake,1995-08-09,1.0,,,,24.3
Peter Lake,1995-08-09,1.4,,24.811,2.474,
Peter Lake,1995-08-09,1.5,,,,24.3
Peter Lake,1995-08-09,2.0,,,,24.4
Peter Lake,1995-08-09,2.5,,23.656,2.853,24.3
Peter Lake,1995-08-09,3.0,,,,22.7
Peter Lake,1995-08-09,3.25,1035.752,28.764,2.517,
Peter Lake,1995-08-09,3.5,,,,18.8
Peter Lake,1995-08-09,4.0,,,,15.4
Peter Lake,1995-08-09,4.5,,,,13.0
Peter Lake,1995-08-09,4.7,,27.436,1.519,
Peter Lake,1995-08-09,5.0,,,,10.5
Peter Lake,1995-08-09,5.5,,,,8.9
Peter Lake,1995-08-09,6.0,,,,7.2
Peter Lake,1995-08-09,6.5,,,,6.3
Peter Lake,1995-08-09,7.0,,,,5.9
Peter Lake,1995-08-09,8.0,,,,5.0
Peter Lake,1995-08-09,9.0,,,,4.8
Peter Lake,1995-08-09,10.0,,,,4.7
Peter Lake,1995-08-09,11.0,,,,4.7
Peter Lake,1995-08-09,12.0,1259.254,53.118,7.648,4.6
Peter Lake,1995-08-16,0.0,754.679,22.252,2.6,24.6
Peter Lake,1995-08-16,0.25,,,,
Peter Lake,1995-08-16,0.5,,,,24.7
Peter Lake,1995-08-16,0.7,,22.123,1.101,
Peter Lake,1995-08-16,0.75,,,,
Peter Lake,1995-08-16,1.0,,,,24.7
Peter Lake,1995-08-16,1.4,,21.483,1.853,
Peter Lake,1995-08-16,1.5,,,,24.6
Peter Lake,1995-08-16,2.0,,,,24.6
Peter Lake,1995-08-16,2.4,,22.779,1.733,
Peter Lake,1995-08-16,2.5,,,,24.4
Peter Lake,1995-08-16,3.0,,,,22.8
Peter Lake,1995-08-16,3.4,907.789,31.928,1.895,
Peter Lake,1995-08-16,3.5,,,,19.8
Peter Lake,1995-08-16,4.0,,,,16.2
Peter Lake,1995-08-16,4.5,,,,13.1
Peter Lake,1995-08-16,4.7,,25.543,2.123,
Peter Lake,1995-08-16,5.0,,,,11.0
Peter Lake,1995-08-16,5.5,,,,9.1
Peter Lake,1995-08-16,6.0,,,,7.6
Peter Lake,1995-08-16,6.5,,,,6.1
Peter Lake,1995-08-16,7.0,,,,5.6
Peter Lake,1995-08-16,8.0,,,,5.0
Peter Lake,1995-08-16,9.0,,,,4.8
Peter Lake,1995-08-16,10.0,,,,4.7
Peter Lake,1995-08-16,11.0,,,,4.6
Peter Lake,1995-08-16,12.0,1331.07,56.063,11.405,4.6
Peter Lake,1995-08-23,0.0,692.486,21.661,2.381,23.6
Peter Lake,1995-08-23,0.25,,,,
Peter Lake,1995-08-23,0.5,,,,23.7
Peter Lake,1995-08-23,0.75,,,,
Peter Lake,1995-08-23,0.9,,22.055,2.996,
Peter Lake,1995-08-23,1.0,,,,23.7
Peter Lake,1995-08-23,1.5,,,,23.7
Peter Lake,1995-08-23,1.7,,24.954,2.733,
Peter Lake,1995-08-23,2.0,,,,23.7
Peter Lake,1995-08-23,2.5,,,,23.7
Peter Lake,1995-08-23,2.8,,25.59,3.228,
Peter Lake,1995-08-23,3.0,,,,23.2
Peter Lake,1995-08-23,3.3,813.368,28.568,2.93,
Peter Lake,1995-08-23,3.5,,,,20.0
Peter Lake,1995-08-23,4.0,,,,16.7
Peter Lake,1995-08-23,4.5,,,,13.8
Peter Lake,1995-08-23,4.9,,28.424,2.873,
Peter Lake,1995-08-23,5.0,,,,11.4
Peter Lake,1995-08-23,5.5,,,,9.2
Peter Lake,1995-08-23,6.0,,,,7.8
Peter Lake,1995-08-23,6.5,,,,6.7
Peter Lake,1995-08-23,7.0,,,,6.0
Peter Lake,1995-08-23,8.0,,,,5.2
Peter Lake,1995-08-23,9.0,,,,4.9
Peter Lake,1995-08-23,10.0,,,,4.8
Peter Lake,1995-08-23,11.0,,,,4.7
Peter Lake,1995-08-23,12.0,1306.099,45.424,10.575,4.6
Peter Lake,1995-08-30,0.0,,28.433,,21.5
Peter Lake,1995-08-30,0.25,,,,
Peter Lake,1995-08-30,0.5,,,,21.5
Peter Lake,1995-08-30,0.65,,28.202,,
Peter Lake,1995-08-30,0.75,,,,
Peter Lake,1995-08-30,1.0,,,,21.4
Peter Lake,1995-08-30,1.3,,29.444,,
Peter Lake,1995-08-30,1.5,,,,21.3
Peter Lake,1995-08-30,2.0,,,,21.1
Peter Lake,1995-08-30,2.2,,29.685,,
Peter Lake,1995-08-30,2.5,,,,21.0
Peter Lake,1995-08-30,2.8,,30.133,,
Peter Lake,1995-08-30,3.0,,,,20.8
Peter Lake,1995-08-30,3.4,,34.925,,
Peter Lake,1995-08-30,3.5,,,,20.0
Peter Lake,1995-08-30,4.0,,,,17.1
Peter Lake,1995-08-30,4.5,,,,14.8
Peter Lake,1995-08-30,5.0,,,,11.6
Peter Lake,1995-08-30,5.5,,,,9.3
Peter Lake,1995-08-30,6.0,,,,7.6
Peter Lake,1995-08-30,6.5,,,,6.7
Peter Lake,1995-08-30,7.0,,,,5.9
Peter Lake,1995-08-30,8.0,,,,5.2
Peter Lake,1995-08-30,9.0,,,,4.8
Peter Lake,1995-08-30,10.0,,,,4.7
Peter Lake,1995-08-30,11.0,,,,4.7
Peter Lake,1995-08-30,12.0,,58.909,,4.6
Peter Lake,1995-09-05,0.0,,26.632,,22.5
Peter Lake,1995-09-05,0.25,,,,
Peter Lake,1995-09-05,0.5,,,,22.6
Peter Lake,1995-09-05,0.75,,27.25,,
Peter Lake,1995-09-05,1.0,,,,22.5
Peter Lake,1995-09-05,1.5,,28.389,,22.3
Peter Lake,1995-09-05,2.0,,,,22.2
Peter Lake,1995-09-05,2.45,,27.761,,
Peter Lake,1995-09-05,2.5,,,,21.8
Peter Lake,1995-09-05,3.0,,32.266,,21.1
Peter Lake,1995-09-05,3.5,,,,19.8
Peter Lake,1995-09-05,4.0,,,,17.3
Peter Lake,1995-09-05,4.5,,41.589,,14.2
Peter Lake,1995-09-05,5.0,,,,11.7
Peter Lake,1995-09-05,5.5,,,,9.7
Peter Lake,1995-09-05,6.0,,,,7.9
Peter Lake,1995-09-05,6.5,,,,6.7
Peter Lake,1995-09-05,7.0,,,,5.8
Peter Lake,1995-09-05,8.0,,,,5.3
Peter Lake,1995-09-05,9.0,,,,4.9
Peter Lake,1995-09-05,10.0,,,,4.7
Peter Lake,1995-09-05,11.0,,,,4.6
Peter Lake,1995-09-05,12.0,,83.936,,4.6
Peter Lake,1996-05-28,0.0,312.133,15.573,10.493,15.6
Peter Lake,1996-05-28,0.25,,,,
Peter Lake,1996-05-28,0.5,,,,15.5
Peter Lake,1996-05-28,0.75,,,,
Peter Lake,1996-05-28,0.9,312.133,15.762,10.493,
Peter Lake,1996-05-28,1.0,,,,15.4
Peter Lake,1996-05-28,1.5,,,,15.1
Peter Lake,1996-05-28,1.8,312.133,13.967,10.493,
Peter Lake,1996-05-28,2.0,,,,12.4
Peter Lake,1996-05-28,2.5,,,,9.4
Peter Lake,1996-05-28,3.0,,14.068,,8.0
Peter Lake,1996-05-28,3.5,,,,6.7
Peter Lake,1996-05-28,4.0,,16.108,,5.9
Peter Lake,1996-05-28,4.5,,,,5.2
Peter Lake,1996-05-28,5.0,,,,5.0
Peter Lake,1996-05-28,5.5,,,,4.6
Peter Lake,1996-05-28,6.0,,23.94,,4.5
Peter Lake,1996-05-28,6.5,,,,4.4
Peter Lake,1996-05-28,7.0,,,,4.4
Peter Lake,1996-05-28,8.0,,,,4.4
Peter Lake,1996-05-28,9.0,,,,4.4
Peter Lake,1996-05-28,10.0,,,,4.4
Peter Lake,1996-05-28,11.0,,,,4.4
Peter Lake,1996-05-28,12.0,1166.14,67.696,29.518,4.4
Peter Lake,1996-06-04,0.0,868.105,38.61,27.47,16.7
Peter Lake,1996-06-04,0.25,,,,
Peter Lake,1996-06-04,0.5,,,,16.7
Peter Lake,1996-06-04,0.6,868.105,38.062,27.47,
Peter Lake,1996-06-04,0.75,,,,
Peter Lake,1996-06-04,1.0,,,,16.7
Peter Lake,1996-06-04,1.3,868.105,39.159,27.47,
Peter Lake,1996-06-04,1.5,,,,16.7
Peter Lake,1996-06-04,2.0,,,,14.6
Peter Lake,1996-06-04,2.4,,30.814,,
Peter Lake,1996-06-04,2.5,,,,11.5
Peter Lake,1996-06-04,3.0,,,,9.2
Peter Lake,1996-06-04,3.5,,25.538,,7.6
Peter Lake,1996-06-04,4.0,,,,6.6
Peter Lake,1996-06-04,4.5,,,,5.8
Peter Lake,1996-06-04,5.0,,,,5.4
Peter Lake,1996-06-04,5.5,,,,4.9
Peter Lake,1996-06-04,5.9,,36.283,,
Peter Lake,1996-06-04,6.0,,,,4.7
Peter Lake,1996-06-04,6.5,,,,4.6
Peter Lake,1996-06-04,7.0,,,,4.5
Peter Lake,1996-06-04,8.0,,,,4.4
Peter Lake,1996-06-04,9.0,,,,4.4
Peter Lake,1996-06-04,10.0,,,,4.4
Peter Lake,1996-06-04,11.0,,,,4.4
Peter Lake,1996-06-04,12.0,1625.551,88.419,44.138,4.4
Peter Lake,1996-06-11,0.0,,52.123,,20.7
Peter Lake,1996-06-11,0.25,,,,
Peter Lake,1996-06-11,0.5,,56.63,,20.6
Peter Lake,1996-06-11,0.75,,,,
Peter Lake,1996-06-11,1.0,,53.958,,19.8
Peter Lake,1996-06-11,1.5,,,,18.2
Peter Lake,1996-06-11,2.0,,50.483,,15.7
Peter Lake,1996-06-11,2.5,,,,13.0
Peter Lake,1996-06-11,3.0,,28.753,,10.1
Peter Lake,1996-06-11,3.5,,,,8.4
Peter Lake,1996-06-11,4.0,,,,7.8
Peter Lake,1996-06-11,4.5,,,,6.5
Peter Lake,1996-06-11,5.0,,,,5.4
Peter Lake,1996-06-11,5.5,,,,5.1
Peter Lake,1996-06-11,5.6,,30.358,,
Peter Lake,1996-06-11,6.0,,,,4.8
Peter Lake,1996-06-11,6.5,,,,4.6
Peter Lake,1996-06-11,7.0,,,,4.6
Peter Lake,1996-06-11,8.0,,,,4.5
Peter Lake,1996-06-11,9.0,,,,4.4
Peter Lake,1996-06-11,10.0,,,,4.4
Peter Lake,1996-06-11,11.0,,,,4.4
Peter Lake,1996-06-11,12.0,,75.58,,4.4
Peter Lake,1996-06-18,0.0,,53.388,5.648,20.8
Peter Lake,1996-06-18,0.25,,,,
Peter Lake,1996-06-18,0.45,,54.14,5.098,
Peter Lake,1996-06-18,0.5,,,,20.8
Peter Lake,1996-06-18,0.75,,,,
Peter Lake,1996-06-18,1.0,,51.236,5.455,20.8
Peter Lake,1996-06-18,1.5,,,,20.7
Peter Lake,1996-06-18,1.8,,54.722,,
Peter Lake,1996-06-18,2.0,,,,17.5
Peter Lake,1996-06-18,2.5,,,,14.0
Peter Lake,1996-06-18,2.6,,34.791,,
Peter Lake,1996-06-18,3.0,,,,11.1
Peter Lake,1996-06-18,3.5,,,,8.9
Peter Lake,1996-06-18,4.0,,,,7.4
Peter Lake,1996-06-18,4.5,,,,6.4
Peter Lake,1996-06-18,5.0,,,,5.7
Peter Lake,1996-06-18,5.5,,28.878,,5.3
Peter Lake,1996-06-18,6.0,,,,5.0
Peter Lake,1996-06-18,6.5,,,,4.8
Peter Lake,1996-06-18,7.0,,,,4.6
Peter Lake,1996-06-18,8.0,,,,4.5
Peter Lake,1996-06-18,9.0,,,,4.4
Peter Lake,1996-06-18,10.0,,,,4.4
Peter Lake,1996-06-18,11.0,,,,4.4
Peter Lake,1996-06-18,12.0,,80.162,20.7,4.4
Peter Lake,1996-06-25,0.0,1962.902,49.435,11.77,18.4
Peter Lake,1996-06-25,0.25,,,,
Peter Lake,1996-06-25,0.5,,,,18.2
Peter Lake,1996-06-25,0.6,1962.902,50.233,11.482,
Peter Lake,1996-06-25,0.75,,,,
Peter Lake,1996-06-25,1.0,,,,18.1
Peter Lake,1996-06-25,1.2,1962.902,53.347,11.387,
Peter Lake,1996-06-25,1.5,,,,18.0
Peter Lake,1996-06-25,1.9,,50.941,,
Peter Lake,1996-06-25,2.0,,,,17.6
Peter Lake,1996-06-25,2.5,,,,14.9
Peter Lake,1996-06-25,2.6,,50.412,,
Peter Lake,1996-06-25,3.0,,,,11.5
Peter Lake,1996-06-25,3.5,,,,9.4
Peter Lake,1996-06-25,4.0,,,,8.0
Peter Lake,1996-06-25,4.5,,,,6.7
Peter Lake,1996-06-25,4.9,,29.853,,
Peter Lake,1996-06-25,5.0,,,,6.0
Peter Lake,1996-06-25,5.5,,,,5.4
Peter Lake,1996-06-25,6.0,,,,5.0
Peter Lake,1996-06-25,6.5,,,,4.8
Peter Lake,1996-06-25,7.0,,,,4.7
Peter Lake,1996-06-25,8.0,,,,4.5
Peter Lake,1996-06-25,9.0,,,,4.5
Peter Lake,1996-06-25,10.0,,,,4.4
Peter Lake,1996-06-25,11.0,,,,4.4
Peter Lake,1996-06-25,12.0,1595.943,65.154,15.313,4.4
Peter Lake,1996-07-02,0.0,,50.549,,22.9
Peter Lake,1996-07-02,0.25,,,,
Peter Lake,1996-07-02,0.45,,50.784,,
Peter Lake,1996-07-02,0.5,,,,22.8
Peter Lake,1996-07-02,0.75,,,,
Peter Lake,1996-07-02,0.95,,41.974,,
Peter Lake,1996-07-02,1.0,,,,22.7
Peter Lake,1996-07-02,1.5,,,,22.3
Peter Lake,1996-07-02,1.7,,49.222,,
Peter Lake,1996-07-02,2.0,,,,20.0
Peter Lake,1996-07-02,2.4,,47.221,,
Peter Lake,1996-07-02,2.5,,,,16.5
Peter Lake,1996-07-02,3.0,,,,12.1
Peter Lake,1996-07-02,3.5,,,,9.6
Peter Lake,1996-07-02,4.0,,,,8.2
Peter Lake,1996-07-02,4.5,,30.804,,7.0
Peter Lake,1996-07-02,5.0,,,,6.3
Peter Lake,1996-07-02,5.5,,,,5.7
Peter Lake,1996-07-02,6.0,,,,5.7
Peter Lake,1996-07-02,6.5,,,,4.9
Peter Lake,1996-07-02,7.0,,,,4.8
Peter Lake,1996-07-02,8.0,,,,4.5
Peter Lake,1996-07-02,9.0,,,,4.5
Peter Lake,1996-07-02,10.0,,,,4.5
Peter Lake,1996-07-02,11.0,,,,4.4
Peter Lake,1996-07-02,12.0,,62.011,,4.4
Peter Lake,1996-07-09,0.0,,66.893,,21.3
Peter Lake,1996-07-09,0.25,,,,
Peter Lake,1996-07-09,0.35,,64.694,,
Peter Lake,1996-07-09,0.5,,,,21.3
Peter Lake,1996-07-09,0.6,,62.535,,
Peter Lake,1996-07-09,0.75,,,,
Peter Lake,1996-07-09,1.0,,64.442,,21.3
Peter Lake,1996-07-09,1.4,,65.482,,
Peter Lake,1996-07-09,1.5,,,,21.3
Peter Lake,1996-07-09,1.8,,61.765,,
Peter Lake,1996-07-09,2.0,,,,20.5
Peter Lake,1996-07-09,2.5,,,,16.5
Peter Lake,1996-07-09,3.0,,,,13.2
Peter Lake,1996-07-09,3.5,,,,10.5
Peter Lake,1996-07-09,4.0,,,,8.7
Peter Lake,1996-07-09,4.5,,,,7.4
Peter Lake,1996-07-09,5.0,,,,6.6
Peter Lake,1996-07-09,5.5,,,,5.9
Peter Lake,1996-07-09,6.0,,,,5.5
Peter Lake,1996-07-09,6.5,,,,5.1
Peter Lake,1996-07-09,7.0,,,,4.9
Peter Lake,1996-07-09,8.0,,,,4.6
Peter Lake,1996-07-09,9.0,,,,4.5
Peter Lake,1996-07-09,10.0,,,,4.5
Peter Lake,1996-07-09,11.0,,,,4.5
Peter Lake,1996-07-09,12.0,,77.814,,4.5
Peter Lake,1996-07-16,0.0,,66.447,,20.2
Peter Lake,1996-07-16,0.25,,,,
Peter Lake,1996-07-16,0.3,,63.678,,
Peter Lake,1996-07-16,0.5,,65.478,,19.5
Peter Lake,1996-07-16,0.75,,,,
Peter Lake,1996-07-16,0.8,,64.462,,
Peter Lake,1996-07-16,1.0,,66.819,,18.9
Peter Lake,1996-07-16,1.5,,,,18.6
Peter Lake,1996-07-16,1.7,,65.163,,
Peter Lake,1996-07-16,2.0,,,,18.4
Peter Lake,1996-07-16,2.5,,,,17.0
Peter Lake,1996-07-16,3.0,,,,14.2
Peter Lake,1996-07-16,3.5,,,,10.8
Peter Lake,1996-07-16,4.0,,,,9.2
Peter Lake,1996-07-16,4.5,,,,7.8
Peter Lake,1996-07-16,5.0,,,,6.8
Peter Lake,1996-07-16,5.5,,,,6.1
Peter Lake,1996-07-16,6.0,,,,5.6
Peter Lake,1996-07-16,6.5,,,,5.1
Peter Lake,1996-07-16,7.0,,,,4.8
Peter Lake,1996-07-16,8.0,,,,4.6
Peter Lake,1996-07-16,9.0,,,,4.5
Peter Lake,1996-07-16,10.0,,,,4.5
Peter Lake,1996-07-16,11.0,,,,4.5
Peter Lake,1996-07-16,12.0,,119.426,,4.5
Peter Lake,1996-07-23,0.0,2048.151,64.383,5.624,21.9
Peter Lake,1996-07-23,0.25,,,,
Peter Lake,1996-07-23,0.3,2048.151,61.026,5.624,
Peter Lake,1996-07-23,0.5,2048.151,62.986,5.624,21.9
Peter Lake,1996-07-23,0.75,,,,
Peter Lake,1996-07-23,0.85,,62.639,,
Peter Lake,1996-07-23,1.0,,,,21.7
Peter Lake,1996-07-23,1.1,,62.782,,
Peter Lake,1996-07-23,1.5,,,,20.4
Peter Lake,1996-07-23,1.7,,63.188,,
Peter Lake,1996-07-23,2.0,,,,18.4
Peter Lake,1996-07-23,2.5,,,,16.6
Peter Lake,1996-07-23,3.0,,,,13.2
Peter Lake,1996-07-23,3.5,,,,11.1
Peter Lake,1996-07-23,4.0,,,,9.8
Peter Lake,1996-07-23,4.5,,,,7.9
Peter Lake,1996-07-23,5.0,,,,6.9
Peter Lake,1996-07-23,5.5,,,,6.1
Peter Lake,1996-07-23,6.0,,,,5.6
Peter Lake,1996-07-23,6.5,,,,5.4
Peter Lake,1996-07-23,7.0,,,,4.9
Peter Lake,1996-07-23,8.0,,,,4.6
Peter Lake,1996-07-23,9.0,,,,4.5
Peter Lake,1996-07-23,10.0,,,,4.5
Peter Lake,1996-07-23,11.0,,,,4.5
Peter Lake,1996-07-23,12.0,1728.039,87.707,23.721,4.5
Peter Lake,1996-07-30,0.0,,55.868,,18.3
Peter Lake,1996-07-30,0.25,,51.107,,
Peter Lake,1996-07-30,0.45,,54.192,,
Peter Lake,1996-07-30,0.5,,,,18.3
Peter Lake,1996-07-30,0.75,,52.702,,
Peter Lake,1996-07-30,1.0,,55.469,,18.3
Peter Lake,1996-07-30,1.5,,,,18.3
Peter Lake,1996-07-30,1.6,,51.941,,
Peter Lake,1996-07-30,2.0,,,,18.3
Peter Lake,1996-07-30,2.5,,,,16.5
Peter Lake,1996-07-30,3.0,,,,14.0
Peter Lake,1996-07-30,3.5,,,,11.4
Peter Lake,1996-07-30,4.0,,,,9.5
Peter Lake,1996-07-30,4.5,,,,8.1
Peter Lake,1996-07-30,5.0,,,,7.0
Peter Lake,1996-07-30,5.5,,,,6.2
Peter Lake,1996-07-30,6.0,,,,5.6
Peter Lake,1996-07-30,6.5,,,,5.4
Peter Lake,1996-07-30,7.0,,,,5.1
Peter Lake,1996-07-30,8.0,,,,4.9
Peter Lake,1996-07-30,9.0,,,,4.6
Peter Lake,1996-07-30,10.0,,,,4.5
Peter Lake,1996-07-30,11.0,,,,4.5
Peter Lake,1996-07-30,12.0,,105.94,,4.5
Peter Lake,1996-08-06,0.0,,49.757,,22.2
Peter Lake,1996-08-06,0.25,,,,
Peter Lake,1996-08-06,0.35,,52.067,,
Peter Lake,1996-08-06,0.5,,,,22.2
Peter Lake,1996-08-06,0.65,,43.27,,
Peter Lake,1996-08-06,0.75,,,,
Peter Lake,1996-08-06,1.0,,,,21.9
Peter Lake,1996-08-06,1.1,,47.967,,
Peter Lake,1996-08-06,1.4,,56.887,,
Peter Lake,1996-08-06,1.5,,,,18.8
Peter Lake,1996-08-06,1.9,,53.884,,
Peter Lake,1996-08-06,2.0,,,,17.4
Peter Lake,1996-08-06,2.5,,,,16.4
Peter Lake,1996-08-06,3.0,,,,13.9
Peter Lake,1996-08-06,3.5,,,,11.8
Peter Lake,1996-08-06,4.0,,,,9.8
Peter Lake,1996-08-06,4.5,,,,8.3
Peter Lake,1996-08-06,5.0,,,,7.1
Peter Lake,1996-08-06,5.5,,,,6.4
Peter Lake,1996-08-06,6.0,,,,5.8
Peter Lake,1996-08-06,6.5,,,,5.3
Peter Lake,1996-08-06,7.0,,,,5.0
Peter Lake,1996-08-06,8.0,,,,4.7
Peter Lake,1996-08-06,9.0,,,,4.5
Peter Lake,1996-08-06,10.0,,,,4.5
Peter Lake,1996-08-06,11.0,,,,4.5
Peter Lake,1996-08-06,12.0,,65.83,,4.5
Peter Lake,1996-08-13,0.0,,27.554,,22.7
Peter Lake,1996-08-13,0.25,,,,
Peter Lake,1996-08-13,0.45,,35.836,,
Peter Lake,1996-08-13,0.5,,,,22.7
Peter Lake,1996-08-13,0.75,,,,
Peter Lake,1996-08-13,0.9,,27.565,,
Peter Lake,1996-08-13,1.0,,,,22.5
Peter Lake,1996-08-13,1.45,,37.96,,
Peter Lake,1996-08-13,1.5,,,,21.3
Peter Lake,1996-08-13,1.8,,34.035,,
Peter Lake,1996-08-13,2.0,,,,19.2
Peter Lake,1996-08-13,2.5,,,,16.4
Peter Lake,1996-08-13,2.7,,20.961,,
Peter Lake,1996-08-13,3.0,,,,13.9
Peter Lake,1996-08-13,3.5,,,,12.1
Peter Lake,1996-08-13,4.0,,,,10.1
Peter Lake,1996-08-13,4.5,,,,8.5
Peter Lake,1996-08-13,5.0,,,,7.4
Peter Lake,1996-08-13,5.5,,,,6.4
Peter Lake,1996-08-13,6.0,,,,5.9
Peter Lake,1996-08-13,6.5,,,,5.4
Peter Lake,1996-08-13,7.0,,,,5.0
Peter Lake,1996-08-13,8.0,,,,4.7
Peter Lake,1996-08-13,9.0,,,,4.5
Peter Lake,1996-08-13,10.0,,,,4.5
Peter Lake,1996-08-13,11.0,,,,4.5
Peter Lake,1996-08-13,12.0,,55.518,,4.5
Peter Lake,1996-08-20,0.0,1924.631,36.845,10.934,21.6
Peter Lake,1996-08-20,0.25,,,,
Peter Lake,1996-08-20,0.5,,,,21.6
Peter Lake,1996-08-20,0.65,1924.631,28.925,11.615,
Peter Lake,1996-08-20,0.75,,,,
Peter Lake,1996-08-20,1.0,,,,21.6
Peter Lake,1996-08-20,1.4,1924.631,37.878,11.684,
Peter Lake,1996-08-20,1.5,,,,21.6
Peter Lake,1996-08-20,2.0,,,,20.6
Peter Lake,1996-08-20,2.4,,38.804,,
Peter Lake,1996-08-20,2.5,,,,18.0
Peter Lake,1996-08-20,3.0,,,,14.6
Peter Lake,1996-08-20,3.1,,33.405,,
Peter Lake,1996-08-20,3.5,,,,11.9
Peter Lake,1996-08-20,4.0,,,,10.2
Peter Lake,1996-08-20,4.5,,,,8.8
Peter Lake,1996-08-20,5.0,,,,7.6
Peter Lake,1996-08-20,5.5,,,,6.7
Peter Lake,1996-08-20,6.0,,,,6.0
Peter Lake,1996-08-20,6.1,,29.209,,
Peter Lake,1996-08-20,6.5,,,,5.5
Peter Lake,1996-08-20,7.0,,,,5.1
Peter Lake,1996-08-20,8.0,,,,4.8
Peter Lake,1996-08-20,9.0,,,,4.6
Peter Lake,1996-08-20,10.0,,,,4.6
Peter Lake,1996-08-20,11.0,,,,4.5
Peter Lake,1996-08-20,12.0,1786.024,105.855,33.736,4.5
Peter Lake,1996-08-27,0.0,,48.694,,20.2
Peter Lake,1996-08-27,0.25,,,,
Peter Lake,1996-08-27,0.3,,45.036,,
Peter Lake,1996-08-27,0.5,,,,20.1
Peter Lake,1996-08-27,0.6,,47.219,,
Peter Lake,1996-08-27,0.75,,,,
Peter Lake,1996-08-27,1.0,,,,20.0
Peter Lake,1996-08-27,1.1,,47.168,,
Peter Lake,1996-08-27,1.5,,45.435,,20.0
Peter Lake,1996-08-27,2.0,,,,19.9
Peter Lake,1996-08-27,2.4,,45.277,,
Peter Lake,1996-08-27,2.5,,,,18.4
Peter Lake,1996-08-27,3.0,,,,15.1
Peter Lake,1996-08-27,3.5,,,,12.4
Peter Lake,1996-08-27,4.0,,,,10.3
Peter Lake,1996-08-27,4.5,,,,8.8
Peter Lake,1996-08-27,5.0,,,,7.5
Peter Lake,1996-08-27,5.5,,,,6.8
Peter Lake,1996-08-27,6.0,,,,6.2
Peter Lake,1996-08-27,6.5,,,,5.5
Peter Lake,1996-08-27,7.0,,,,5.3
Peter Lake,1996-08-27,8.0,,,,4.9
Peter Lake,1996-08-27,9.0,,,,4.7
Peter Lake,1996-08-27,10.0,,,,4.6
Peter Lake,1996-08-27,11.0,,,,4.5
Peter Lake,1996-08-27,12.0,,100.064,,4.5
Peter Lake,1996-09-02,0.0,,41.145,,22.0
Peter Lake,1996-09-02,0.25,,,,
Peter Lake,1996-09-02,0.35,,41.781,,
Peter Lake,1996-09-02,0.5,,,,21.9
Peter Lake,1996-09-02,0.65,,38.461,,
Peter Lake,1996-09-02,0.75,,,,
Peter Lake,1996-09-02,1.0,,,,21.9
Peter Lake,1996-09-02,1.2,,41.182,,
Peter Lake,1996-09-02,1.5,,45.308,,21.4
Peter Lake,1996-09-02,2.0,,,,19.9
Peter Lake,1996-09-02,2.3,,47.041,,
Peter Lake,1996-09-02,2.5,,,,18.2
Peter Lake,1996-09-02,3.0,,,,15.7
Peter Lake,1996-09-02,3.5,,,,13.1
Peter Lake,1996-09-02,4.0,,,,10.8
Peter Lake,1996-09-02,4.5,,,,9.1
Peter Lake,1996-09-02,5.0,,,,7.7
Peter Lake,1996-09-02,5.5,,,,6.7
Peter Lake,1996-09-02,6.0,,,,6.2
Peter Lake,1996-09-02,6.5,,,,5.7
Peter Lake,1996-09-02,7.0,,,,5.2
Peter Lake,1996-09-02,8.0,,,,4.9
Peter Lake,1996-09-02,9.0,,,,4.6
Peter Lake,1996-09-02,10.0,,,,4.6
Peter Lake,1996-09-02,11.0,,,,4.6
Peter Lake,1996-09-02,12.0,,93.635,,4.6
Peter Lake,1997-05-27,0.0,508.968,13.334,3.099,13.0
Peter Lake,1997-05-27,0.25,,,,
Peter Lake,1997-05-27,0.5,,,,12.8
Peter Lake,1997-05-27,0.75,,,,
Peter Lake,1997-05-27,0.86,524.929,17.18,3.502,
Peter Lake,1997-05-27,1.0,,,,12.7
Peter Lake,1997-05-27,1.5,,,,12.5
Peter Lake,1997-05-27,1.65,524.129,14.179,1.482,
Peter Lake,1997-05-27,2.0,,,,11.6
Peter Lake,1997-05-27,2.5,,,,9.6
Peter Lake,1997-05-27,2.8,675.34,14.728,,
Peter Lake,1997-05-27,3.0,,,,8.4
Peter Lake,1997-05-27,3.5,,,,7.6
Peter Lake,1997-05-27,3.6,,18.744,,
Peter Lake,1997-05-27,4.0,,,,6.6
Peter Lake,1997-05-27,4.5,,,,5.6
Peter Lake,1997-05-27,5.0,,,,4.8
Peter Lake,1997-05-27,5.5,,29.62,,4.6
Peter Lake,1997-05-27,6.0,,,,4.4
Peter Lake,1997-05-27,6.5,,,,4.4
Peter Lake,1997-05-27,7.0,,,,4.2
Peter Lake,1997-05-27,8.0,,,,4.2
Peter Lake,1997-05-27,9.0,,,,4.1
Peter Lake,1997-05-27,10.0,,,,4.1
Peter Lake,1997-05-27,11.0,,,,4.1
Peter Lake,1997-05-27,12.0,1747.792,72.88,35.092,4.1
Peter Lake,1997-06-03,0.0,,18.852,,19.1
Peter Lake,1997-06-03,0.25,,,,
Peter Lake,1997-06-03,0.5,,,,19.1
Peter Lake,1997-06-03,0.75,,,,
Peter Lake,1997-06-03,0.8,,19.984,,
Peter Lake,1997-06-03,1.0,,,,18.9
Peter Lake,1997-06-03,1.5,,,,16.4
Peter Lake,1997-06-03,1.7,,18.316,,
Peter Lake,1997-06-03,2.0,,,,14.0
Peter Lake,1997-06-03,2.5,,,,12.1
Peter Lake,1997-06-03,3.0,,,,10.1
Peter Lake,1997-06-03,3.16,,13.439,,
Peter Lake,1997-06-03,3.5,,,,8.5
Peter Lake,1997-06-03,4.0,,,,7.2
Peter Lake,1997-06-03,4.18,,19.229,,
Peter Lake,1997-06-03,4.5,,,,6.4
Peter Lake,1997-06-03,5.0,,,,5.6
Peter Lake,1997-06-03,5.5,,,,5.1
Peter Lake,1997-06-03,6.0,,,,4.8
Peter Lake,1997-06-03,6.3,,22.245,,
Peter Lake,1997-06-03,6.5,,,,4.6
Peter Lake,1997-06-03,7.0,,,,4.4
Peter Lake,1997-06-03,8.0,,,,4.3
Peter Lake,1997-06-03,9.0,,,,4.2
Peter Lake,1997-06-03,10.0,,,,4.1
Peter Lake,1997-06-03,11.0,,,,4.1
Peter Lake,1997-06-03,12.0,,96.842,,4.1
Peter Lake,1997-06-10,0.0,,20.36,,21.3
Peter Lake,1997-06-10,0.25,,,,
Peter Lake,1997-06-10,0.5,,,,21.0
Peter Lake,1997-06-10,0.75,,,,
Peter Lake,1997-06-10,1.0,,,,20.6
Peter Lake,1997-06-10,1.06,,18.093,,
Peter Lake,1997-06-10,1.5,,,,19.4
Peter Lake,1997-06-10,1.55,,25.924,,
Peter Lake,1997-06-10,2.0,,,,16.7
Peter Lake,1997-06-10,2.5,,,,13.6
Peter Lake,1997-06-10,2.77,,19.595,,
Peter Lake,1997-06-10,3.0,,,,11.8
Peter Lake,1997-06-10,3.5,,,,9.5
Peter Lake,1997-06-10,3.7,,19.869,,
Peter Lake,1997-06-10,4.0,,,,8.2
Peter Lake,1997-06-10,4.5,,,,6.8
Peter Lake,1997-06-10,5.0,,,,5.9
Peter Lake,1997-06-10,5.5,,,,5.3
Peter Lake,1997-06-10,5.75,,26.461,,
Peter Lake,1997-06-10,6.0,,,,4.9
Peter Lake,1997-06-10,6.5,,,,4.6
Peter Lake,1997-06-10,7.0,,,,4.5
Peter Lake,1997-06-10,8.0,,,,4.2
Peter Lake,1997-06-10,9.0,,,,4.2
Peter Lake,1997-06-10,10.0,,,,4.1
Peter Lake,1997-06-10,11.0,,,,4.1
Peter Lake,1997-06-10,12.0,,90.276,,4.1
Peter Lake,1997-06-17,0.0,,19.537,,19.0
Peter Lake,1997-06-17,0.25,,,,
Peter Lake,1997-06-17,0.5,,,,18.9
Peter Lake,1997-06-17,0.72,,24.128,,
Peter Lake,1997-06-17,0.75,,,,
Peter Lake,1997-06-17,1.0,,,,18.8
Peter Lake,1997-06-17,1.5,,,,18.7
Peter Lake,1997-06-17,1.58,,30.919,,
Peter Lake,1997-06-17,2.0,,,,18.6
Peter Lake,1997-06-17,2.5,,,,15.6
Peter Lake,1997-06-17,2.66,,20.454,,
Peter Lake,1997-06-17,3.0,,,,13.0
Peter Lake,1997-06-17,3.5,,20.39,,10.5
Peter Lake,1997-06-17,4.0,,,,8.8
Peter Lake,1997-06-17,4.5,,,,7.4
Peter Lake,1997-06-17,5.0,,,,6.3
Peter Lake,1997-06-17,5.3,,19.002,,
Peter Lake,1997-06-17,5.5,,,,5.5
Peter Lake,1997-06-17,6.0,,,,5.0
Peter Lake,1997-06-17,6.5,,,,4.7
Peter Lake,1997-06-17,7.0,,,,4.5
Peter Lake,1997-06-17,8.0,,,,4.3
Peter Lake,1997-06-17,9.0,,,,4.2
Peter Lake,1997-06-17,10.0,,,,4.2
Peter Lake,1997-06-17,11.0,,,,4.2
Peter Lake,1997-06-17,12.0,,99.568,,4.1
Peter Lake,1997-06-24,0.0,917.878,21.881,5.93,23.9
Peter Lake,1997-06-24,0.25,,,,
Peter Lake,1997-06-24,0.5,,,,23.7
Peter Lake,1997-06-24,0.75,917.878,18.144,5.717,
Peter Lake,1997-06-24,1.0,,,,23.4
Peter Lake,1997-06-24,1.5,917.878,21.553,4.168,21.3
Peter Lake,1997-06-24,2.0,,,,19.8
Peter Lake,1997-06-24,2.5,,24.023,,17.3
Peter Lake,1997-06-24,3.0,,,,14.6
Peter Lake,1997-06-24,3.5,,33.071,,11.4
Peter Lake,1997-06-24,4.0,,,,9.5
Peter Lake,1997-06-24,4.5,,,,7.9
Peter Lake,1997-06-24,5.0,,,,6.7
Peter Lake,1997-06-24,5.2,,56.741,,
Peter Lake,1997-06-24,5.5,,,,5.8
Peter Lake,1997-06-24,6.0,,,,5.3
Peter Lake,1997-06-24,6.5,,,,4.9
Peter Lake,1997-06-24,7.0,,,,4.7
Peter Lake,1997-06-24,8.0,,,,4.4
Peter Lake,1997-06-24,9.0,,,,4.3
Peter Lake,1997-06-24,10.0,,,,4.2
Peter Lake,1997-06-24,11.0,,,,4.2
Peter Lake,1997-06-24,12.0,1799.117,119.612,23.608,4.2
Peter Lake,1997-07-01,0.0,,33.111,,24.3
Peter Lake,1997-07-01,0.25,,,,
Peter Lake,1997-07-01,0.5,,,,24.1
Peter Lake,1997-07-01,0.56,,33.667,,
Peter Lake,1997-07-01,0.75,,,,
Peter Lake,1997-07-01,1.0,,,,24.0
Peter Lake,1997-07-01,1.2,,38.481,,
Peter Lake,1997-07-01,1.5,,,,24.0
Peter Lake,1997-07-01,2.0,,28.83,,22.7
Peter Lake,1997-07-01,2.5,,,,18.7
Peter Lake,1997-07-01,2.9,,33.332,,
Peter Lake,1997-07-01,3.0,,,,15.8
Peter Lake,1997-07-01,3.5,,,,12.5
Peter Lake,1997-07-01,4.0,,,,10.3
Peter Lake,1997-07-01,4.5,,,,8.4
Peter Lake,1997-07-01,4.9,,43.725,,
Peter Lake,1997-07-01,5.0,,,,7.3
Peter Lake,1997-07-01,5.5,,,,6.6
Peter Lake,1997-07-01,6.0,,,,5.8
Peter Lake,1997-07-01,6.5,,,,5.2
Peter Lake,1997-07-01,7.0,,,,4.9
Peter Lake,1997-07-01,8.0,,,,4.4
Peter Lake,1997-07-01,9.0,,,,4.3
Peter Lake,1997-07-01,10.0,,,,4.2
Peter Lake,1997-07-01,11.0,,,,4.2
Peter Lake,1997-07-01,12.0,,157.25,,4.2
Peter Lake,1997-07-08,0.0,,21.273,,19.5
Peter Lake,1997-07-08,0.25,,,,
Peter Lake,1997-07-08,0.5,,,,19.5
Peter Lake,1997-07-08,0.56,,23.592,,
Peter Lake,1997-07-08,0.75,,,,
Peter Lake,1997-07-08,1.0,,,,19.6
Peter Lake,1997-07-08,1.25,,21.165,,
Peter Lake,1997-07-08,1.5,,,,19.6
Peter Lake,1997-07-08,2.0,,,,19.6
Peter Lake,1997-07-08,2.31,,26.492,,
Peter Lake,1997-07-08,2.5,,,,19.4
Peter Lake,1997-07-08,3.0,,,,16.5
Peter Lake,1997-07-08,3.05,,31.153,,
Peter Lake,1997-07-08,3.5,,,,13.5
Peter Lake,1997-07-08,4.0,,,,10.3
Peter Lake,1997-07-08,4.5,,,,8.5
Peter Lake,1997-07-08,5.0,,37.081,,7.3
Peter Lake,1997-07-08,5.5,,,,6.3
Peter Lake,1997-07-08,6.0,,,,5.7
Peter Lake,1997-07-08,6.5,,,,5.3
Peter Lake,1997-07-08,7.0,,,,4.9
Peter Lake,1997-07-08,8.0,,,,4.6
Peter Lake,1997-07-08,9.0,,,,4.4
Peter Lake,1997-07-08,10.0,,,,4.3
Peter Lake,1997-07-08,11.0,,,,4.3
Peter Lake,1997-07-08,12.0,,116.727,,4.2
Peter Lake,1997-07-15,0.0,,22.09,,24.1
Peter Lake,1997-07-15,0.25,,,,
Peter Lake,1997-07-15,0.5,,,,24.1
Peter Lake,1997-07-15,0.75,,,,
Peter Lake,1997-07-15,1.0,,,,24.0
Peter Lake,1997-07-15,1.04,,18.823,,
Peter Lake,1997-07-15,1.5,,,,23.7
Peter Lake,1997-07-15,1.9,,34.978,,
Peter Lake,1997-07-15,2.0,,,,21.3
Peter Lake,1997-07-15,2.5,,,,19.7
Peter Lake,1997-07-15,3.0,,26.87,,16.9
Peter Lake,1997-07-15,3.5,,,,13.6
Peter Lake,1997-07-15,3.6,,34.9,,
Peter Lake,1997-07-15,4.0,,,,11.1
Peter Lake,1997-07-15,4.5,,,,9.3
Peter Lake,1997-07-15,5.0,,,,7.7
Peter Lake,1997-07-15,5.4,,33.827,,
Peter Lake,1997-07-15,5.5,,,,6.6
Peter Lake,1997-07-15,6.0,,,,6.0
Peter Lake,1997-07-15,6.5,,,,5.4
Peter Lake,1997-07-15,7.0,,,,5.1
Peter Lake,1997-07-15,8.0,,,,4.5
Peter Lake,1997-07-15,9.0,,,,4.3
Peter Lake,1997-07-15,10.0,,,,4.3
Peter Lake,1997-07-15,11.0,,,,4.2
Peter Lake,1997-07-15,12.0,,131.785,,4.2
Peter Lake,1997-07-22,0.0,1162.929,25.869,1.976,22.7
Peter Lake,1997-07-22,0.25,,,,
Peter Lake,1997-07-22,0.5,,,,22.8
Peter Lake,1997-07-22,0.75,1162.929,25.865,0.0,
Peter Lake,1997-07-22,1.0,,,,22.8
Peter Lake,1997-07-22,1.5,,,,22.7
Peter Lake,1997-07-22,1.6,1162.929,28.158,1.183,
Peter Lake,1997-07-22,2.0,,,,22.7
Peter Lake,1997-07-22,2.5,,22.894,,22.3
Peter Lake,1997-07-22,3.0,,,,18.7
Peter Lake,1997-07-22,3.2,,31.28,,
Peter Lake,1997-07-22,3.5,,,,15.5
Peter Lake,1997-07-22,4.0,,,,12.3
Peter Lake,1997-07-22,4.5,,,,10.0
Peter Lake,1997-07-22,4.8,,43.96,,
Peter Lake,1997-07-22,5.0,,,,8.1
Peter Lake,1997-07-22,5.5,,,,6.7
Peter Lake,1997-07-22,6.0,,,,6.1
Peter Lake,1997-07-22,6.5,,,,5.5
Peter Lake,1997-07-22,7.0,,,,5.1
Peter Lake,1997-07-22,8.0,,,,4.5
Peter Lake,1997-07-22,9.0,,,,4.4
Peter Lake,1997-07-22,10.0,,,,4.3
Peter Lake,1997-07-22,11.0,,,,4.3
Peter Lake,1997-07-22,12.0,2419.809,146.782,38.036,4.2
Peter Lake,1997-07-29,0.0,,36.883,,23.1
Peter Lake,1997-07-29,0.25,,,,
Peter Lake,1997-07-29,0.5,,,,23.2
Peter Lake,1997-07-29,0.7,,32.164,,
Peter Lake,1997-07-29,0.75,,,,
Peter Lake,1997-07-29,1.0,,,,23.0
Peter Lake,1997-07-29,1.2,,36.679,,
Peter Lake,1997-07-29,1.5,,,,23.0
Peter Lake,1997-07-29,2.0,,,,22.9
Peter Lake,1997-07-29,2.1,,26.851,,
Peter Lake,1997-07-29,2.5,,,,22.4
Peter Lake,1997-07-29,2.9,,22.071,,
Peter Lake,1997-07-29,3.0,,,,19.0
Peter Lake,1997-07-29,3.5,,,,16.0
Peter Lake,1997-07-29,4.0,,,,13.0
Peter Lake,1997-07-29,4.25,,37.919,,
Peter Lake,1997-07-29,4.5,,,,10.5
Peter Lake,1997-07-29,5.0,,,,8.6
Peter Lake,1997-07-29,5.5,,,,7.0
Peter Lake,1997-07-29,6.0,,,,6.1
Peter Lake,1997-07-29,6.5,,,,5.6
Peter Lake,1997-07-29,7.0,,,,5.2
Peter Lake,1997-07-29,8.0,,,,4.5
Peter Lake,1997-07-29,9.0,,,,4.4
Peter Lake,1997-07-29,10.0,,,,4.3
Peter Lake,1997-07-29,11.0,,,,4.3
Peter Lake,1997-07-29,12.0,,140.317,,4.3
Peter Lake,1997-08-05,0.0,,31.659,,22.5
Peter Lake,1997-08-05,0.25,,,,
Peter Lake,1997-08-05,0.5,,,,22.5
Peter Lake,1997-08-05,0.52,,29.686,,
Peter Lake,1997-08-05,0.75,,,,
Peter Lake,1997-08-05,1.0,,,,22.4
Peter Lake,1997-08-05,1.1,,29.599,,
Peter Lake,1997-08-05,1.5,,,,22.4
Peter Lake,1997-08-05,1.9,,31.162,,
Peter Lake,1997-08-05,2.0,,,,22.3
Peter Lake,1997-08-05,2.5,,28.642,,22.3
Peter Lake,1997-08-05,3.0,,,,19.3
Peter Lake,1997-08-05,3.5,,,,16.1
Peter Lake,1997-08-05,4.0,,44.32,,13.4
Peter Lake,1997-08-05,4.5,,,,11.0
Peter Lake,1997-08-05,5.0,,,,8.8
Peter Lake,1997-08-05,5.5,,,,7.3
Peter Lake,1997-08-05,6.0,,,,6.2
Peter Lake,1997-08-05,6.5,,,,5.5
Peter Lake,1997-08-05,7.0,,,,5.1
Peter Lake,1997-08-05,8.0,,,,4.6
Peter Lake,1997-08-05,9.0,,,,4.4
Peter Lake,1997-08-05,10.0,,,,4.3
Peter Lake,1997-08-05,11.0,,,,4.3
Peter Lake,1997-08-05,12.0,,132.322,,4.3
Peter Lake,1997-08-12,0.0,,37.292,,21.8
Peter Lake,1997-08-12,0.25,,,,
Peter Lake,1997-08-12,0.5,,38.559,,21.8
Peter Lake,1997-08-12,0.75,,,,
Peter Lake,1997-08-12,1.0,,,,21.9
Peter Lake,1997-08-12,1.1,,44.711,,
Peter Lake,1997-08-12,1.5,,,,21.9
Peter Lake,1997-08-12,2.0,,,,21.9
Peter Lake,1997-08-12,2.2,,32.626,,
Peter Lake,1997-08-12,2.5,,,,21.8
Peter Lake,1997-08-12,3.0,,30.689,,20.5
Peter Lake,1997-08-12,3.5,,,,16.8
Peter Lake,1997-08-12,4.0,,,,13.2
Peter Lake,1997-08-12,4.5,,,,11.3
Peter Lake,1997-08-12,4.9,,32.7,,
Peter Lake,1997-08-12,5.0,,,,8.9
Peter Lake,1997-08-12,5.5,,,,7.6
Peter Lake,1997-08-12,6.0,,,,6.4
Peter Lake,1997-08-12,6.5,,,,5.6
Peter Lake,1997-08-12,7.0,,,,5.2
Peter Lake,1997-08-12,8.0,,,,4.7
Peter Lake,1997-08-12,9.0,,,,4.5
Peter Lake,1997-08-12,10.0,,,,4.4
Peter Lake,1997-08-12,11.0,,,,4.3
Peter Lake,1997-08-12,12.0,,111.618,,4.3
Peter Lake,1997-08-19,0.0,1251.84,41.426,8.218,19.3
Peter Lake,1997-08-19,0.25,,,,
Peter Lake,1997-08-19,0.46,1251.84,41.422,5.781,
Peter Lake,1997-08-19,0.5,,,,19.3
Peter Lake,1997-08-19,0.75,,,,
Peter Lake,1997-08-19,0.89,1251.84,40.3,6.042,
Peter Lake,1997-08-19,1.0,,,,19.3
Peter Lake,1997-08-19,1.5,,,,19.2
Peter Lake,1997-08-19,1.65,,41.154,,
Peter Lake,1997-08-19,2.0,,,,19.2
Peter Lake,1997-08-19,2.25,,33.782,,
Peter Lake,1997-08-19,2.5,,,,19.1
Peter Lake,1997-08-19,3.0,,,,19.1
Peter Lake,1997-08-19,3.5,,,,18.0
Peter Lake,1997-08-19,3.75,,31.509,,
Peter Lake,1997-08-19,4.0,,,,14.7
Peter Lake,1997-08-19,4.5,,,,11.7
Peter Lake,1997-08-19,5.0,,,,9.8
Peter Lake,1997-08-19,5.5,,,,7.8
Peter Lake,1997-08-19,6.0,,,,6.7
Peter Lake,1997-08-19,6.5,,,,5.9
Peter Lake,1997-08-19,7.0,,,,5.3
Peter Lake,1997-08-19,8.0,,,,4.8
Peter Lake,1997-08-19,9.0,,,,4.5
Peter Lake,1997-08-19,10.0,,,,4.4
Peter Lake,1997-08-19,11.0,,,,4.4
Peter Lake,1997-08-19,12.0,1856.502,84.566,29.01,4.4
Peter Lake,1997-08-26,0.0,,46.774,,18.8
Peter Lake,1997-08-26,0.25,,,,
Peter Lake,1997-08-26,0.5,,50.329,,18.8
Peter Lake,1997-08-26,0.75,,,,
Peter Lake,1997-08-26,0.9,,64.158,,
Peter Lake,1997-08-26,1.0,,,,18.8
Peter Lake,1997-08-26,1.5,,,,18.4
Peter Lake,1997-08-26,1.6,,49.661,,
Peter Lake,1997-08-26,2.0,,,,18.3
Peter Lake,1997-08-26,2.2,,49.594,,
Peter Lake,1997-08-26,2.5,,,,18.2
Peter Lake,1997-08-26,3.0,,,,18.0
Peter Lake,1997-08-26,3.5,,,,17.0
Peter Lake,1997-08-26,3.7,,40.476,,
Peter Lake,1997-08-26,4.0,,,,14.4
Peter Lake,1997-08-26,4.5,,,,12.1
Peter Lake,1997-08-26,5.0,,,,9.7
Peter Lake,1997-08-26,5.5,,,,8.3
Peter Lake,1997-08-26,6.0,,,,7.0
Peter Lake,1997-08-26,6.5,,,,6.2
Peter Lake,1997-08-26,7.0,,,,5.4
Peter Lake,1997-08-26,8.0,,,,4.8
Peter Lake,1997-08-26,9.0,,,,4.6
Peter Lake,1997-08-26,10.0,,,,4.4
Peter Lake,1997-08-26,11.0,,,,4.4
Peter Lake,1997-08-26,12.0,,112.418,,4.4
Peter Lake,1997-09-02,0.0,,52.615,,19.6
Peter Lake,1997-09-02,0.25,,,,
Peter Lake,1997-09-02,0.4,,31.597,,
Peter Lake,1997-09-02,0.5,,,,19.7
Peter Lake,1997-09-02,0.75,,,,
Peter Lake,1997-09-02,0.8,,46.359,,
Peter Lake,1997-09-02,1.0,,,,19.7
Peter Lake,1997-09-02,1.5,,34.942,,19.7
Peter Lake,1997-09-02,2.0,,40.155,,19.2
Peter Lake,1997-09-02,2.5,,,,18.8
Peter Lake,1997-09-02,3.0,,,,18.0
Peter Lake,1997-09-02,3.3,,61.386,,
Peter Lake,1997-09-02,3.5,,,,16.4
Peter Lake,1997-09-02,4.0,,,,14.4
Peter Lake,1997-09-02,4.5,,,,12.7
Peter Lake,1997-09-02,5.0,,,,10.4
Peter Lake,1997-09-02,5.5,,,,8.2
Peter Lake,1997-09-02,6.0,,,,7.4
Peter Lake,1997-09-02,6.5,,,,6.5
Peter Lake,1997-09-02,7.0,,,,5.9
Peter Lake,1997-09-02,8.0,,,,4.9
Peter Lake,1997-09-02,9.0,,,,4.5
Peter Lake,1997-09-02,10.0,,,,4.4
Peter Lake,1997-09-02,11.0,,,,4.4
Peter Lake,1997-09-02,12.0,,128.743,,4.3
Peter Lake,1998-05-26,0.0,593.138,8.475,6.541,19.9
Peter Lake,1998-05-26,0.25,,,,
Peter Lake,1998-05-26,0.5,,,,19.8
Peter Lake,1998-05-26,0.75,,,,
Peter Lake,1998-05-26,1.0,593.138,8.38,4.866,19.7
Peter Lake,1998-05-26,1.5,,,,19.6
Peter Lake,1998-05-26,2.0,593.138,7.584,3.833,19.5
Peter Lake,1998-05-26,2.5,,,,18.3
Peter Lake,1998-05-26,3.0,,,,15.6
Peter Lake,1998-05-26,3.3,,9.383,,
Peter Lake,1998-05-26,3.5,,,,12.2
Peter Lake,1998-05-26,4.0,,9.271,,9.7
Peter Lake,1998-05-26,4.5,,,,6.6
Peter Lake,1998-05-26,4.8,,38.249,,
Peter Lake,1998-05-26,5.0,,,,6.0
Peter Lake,1998-05-26,5.5,,,,5.9
Peter Lake,1998-05-26,6.0,,,,5.8
Peter Lake,1998-05-26,6.5,,,,5.8
Peter Lake,1998-05-26,7.0,,,,5.8
Peter Lake,1998-05-26,8.0,,,,5.8
Peter Lake,1998-05-26,9.0,,,,5.2
Peter Lake,1998-05-26,10.0,,,,4.7
Peter Lake,1998-05-26,11.0,,,,4.6
Peter Lake,1998-05-26,12.0,3048.958,87.034,17.072,4.6
Peter Lake,1998-06-02,0.0,,15.814,,17.1
Peter Lake,1998-06-02,0.25,,,,
Peter Lake,1998-06-02,0.5,,,,17.2
Peter Lake,1998-06-02,0.75,,,,
Peter Lake,1998-06-02,1.0,,10.172,,17.2
Peter Lake,1998-06-02,1.5,,,,17.2
Peter Lake,1998-06-02,1.9,,16.166,,
Peter Lake,1998-06-02,2.0,,,,17.2
Peter Lake,1998-06-02,2.5,,,,17.2
Peter Lake,1998-06-02,3.0,,,,17.1
Peter Lake,1998-06-02,3.5,,,,13.1
Peter Lake,1998-06-02,3.8,,18.01,,
Peter Lake,1998-06-02,4.0,,,,10.3
Peter Lake,1998-06-02,4.3,,20.331,,
Peter Lake,1998-06-02,4.5,,,,7.3
Peter Lake,1998-06-02,4.8,,82.725,,
Peter Lake,1998-06-02,5.5,,,,6.0
Peter Lake,1998-06-02,6.0,,,,5.9
Peter Lake,1998-06-02,6.5,,,,5.9
Peter Lake,1998-06-02,7.0,,,,5.9
Peter Lake,1998-06-02,8.0,,,,5.9
Peter Lake,1998-06-02,9.0,,,,5.9
Peter Lake,1998-06-02,10.0,,,,4.7
Peter Lake,1998-06-02,11.0,,,,4.6
Peter Lake,1998-06-02,12.0,,125.536,,4.5
Peter Lake,1998-06-09,0.0,,9.734,,15.7
Peter Lake,1998-06-09,0.25,,,,
Peter Lake,1998-06-09,0.5,,,,15.8
Peter Lake,1998-06-09,0.75,,,,
Peter Lake,1998-06-09,1.0,,9.472,,15.8
Peter Lake,1998-06-09,1.5,,,,15.8
Peter Lake,1998-06-09,2.0,,,,15.8
Peter Lake,1998-06-09,2.4,,10.044,,
Peter Lake,1998-06-09,2.5,,,,15.7
Peter Lake,1998-06-09,3.0,,,,15.6
Peter Lake,1998-06-09,3.5,,,,14.6
Peter Lake,1998-06-09,4.0,,,,11.3
Peter Lake,1998-06-09,4.1,,15.754,,
Peter Lake,1998-06-09,4.5,,,,8.6
Peter Lake,1998-06-09,4.6,,30.681,,
Peter Lake,1998-06-09,5.0,,59.429,,
Peter Lake,1998-06-09,5.5,,,,6.1
Peter Lake,1998-06-09,6.0,,,,6.0
Peter Lake,1998-06-09,6.5,,,,6.0
Peter Lake,1998-06-09,7.0,,,,6.0
Peter Lake,1998-06-09,8.0,,,,6.0
Peter Lake,1998-06-09,9.0,,,,6.0
Peter Lake,1998-06-09,10.0,,,,5.1
Peter Lake,1998-06-09,11.0,,,,4.5
Peter Lake,1998-06-09,12.0,,75.319,,4.5
Peter Lake,1998-06-16,0.0,,7.306,,20.6
Peter Lake,1998-06-16,0.25,,,,
Peter Lake,1998-06-16,0.5,,,,20.5
Peter Lake,1998-06-16,0.75,,,,
Peter Lake,1998-06-16,1.0,,13.015,,19.8
Peter Lake,1998-06-16,1.5,,,,18.3
Peter Lake,1998-06-16,2.0,,,,17.5
Peter Lake,1998-06-16,2.2,,9.484,,
Peter Lake,1998-06-16,2.5,,,,17.1
Peter Lake,1998-06-16,3.0,,,,16.6
Peter Lake,1998-06-16,3.5,,,,15.3
Peter Lake,1998-06-16,3.7,,10.662,,
Peter Lake,1998-06-16,4.0,,,,12.9
Peter Lake,1998-06-16,4.5,,,,10.0
Peter Lake,1998-06-16,4.6,,22.302,,
Peter Lake,1998-06-16,5.0,,,,7.9
Peter Lake,1998-06-16,5.4,,66.039,,
Peter Lake,1998-06-16,5.5,,,,6.6
Peter Lake,1998-06-16,6.0,,,,6.2
Peter Lake,1998-06-16,6.5,,,,6.1
Peter Lake,1998-06-16,7.0,,,,6.1
Peter Lake,1998-06-16,8.0,,,,6.0
Peter Lake,1998-06-16,9.0,,,,5.9
Peter Lake,1998-06-16,10.0,,,,5.4
Peter Lake,1998-06-16,11.0,,,,4.6
Peter Lake,1998-06-16,12.0,,115.857,,4.5
Peter Lake,1998-06-23,0.0,587.544,8.086,3.152,22.0
Peter Lake,1998-06-23,0.25,,,,
Peter Lake,1998-06-23,0.5,,,,22.0
Peter Lake,1998-06-23,0.75,,,,
Peter Lake,1998-06-23,1.0,587.544,3.707,6.4,22.0
Peter Lake,1998-06-23,1.5,,,,22.0
Peter Lake,1998-06-23,2.0,587.544,9.103,2.338,21.3
Peter Lake,1998-06-23,2.5,,,,19.4
Peter Lake,1998-06-23,3.0,,,,18.2
Peter Lake,1998-06-23,3.5,,,,16.6
Peter Lake,1998-06-23,4.0,,21.165,,14.3
Peter Lake,1998-06-23,4.5,,22.428,,11.3
Peter Lake,1998-06-23,5.0,,47.869,,9.4
Peter Lake,1998-06-23,5.5,,,,7.4
Peter Lake,1998-06-23,6.0,,,,7.0
Peter Lake,1998-06-23,6.5,,,,6.2
Peter Lake,1998-06-23,7.0,,,,6.1
Peter Lake,1998-06-23,8.0,,,,6.0
Peter Lake,1998-06-23,9.0,,,,5.9
Peter Lake,1998-06-23,10.0,,,,5.3
Peter Lake,1998-06-23,11.0,,,,4.8
Peter Lake,1998-06-23,12.0,2694.623,78.102,10.616,4.6
Peter Lake,1998-06-30,0.0,,14.877,,23.2
Peter Lake,1998-06-30,0.25,,,,
Peter Lake,1998-06-30,0.5,,,,23.3
Peter Lake,1998-06-30,0.7,,18.41,,
Peter Lake,1998-06-30,0.75,,,,
Peter Lake,1998-06-30,1.0,,,,23.3
Peter Lake,1998-06-30,1.5,,,,23.3
Peter Lake,1998-06-30,2.0,,13.29,,23.3
Peter Lake,1998-06-30,2.5,,,,22.2
Peter Lake,1998-06-30,3.0,,,,19.5
Peter Lake,1998-06-30,3.5,,,,17.4
Peter Lake,1998-06-30,4.0,,18.601,,14.6
Peter Lake,1998-06-30,4.5,,,,12.5
Peter Lake,1998-06-30,4.8,,25.57,,
Peter Lake,1998-06-30,5.0,,,,10.2
Peter Lake,1998-06-30,5.5,,,,8.3
Peter Lake,1998-06-30,5.7,,47.091,,
Peter Lake,1998-06-30,6.0,,,,7.3
Peter Lake,1998-06-30,6.5,,,,6.8
Peter Lake,1998-06-30,7.0,,,,6.2
Peter Lake,1998-06-30,8.0,,,,6.0
Peter Lake,1998-06-30,9.0,,,,5.8
Peter Lake,1998-06-30,10.0,,,,5.4
Peter Lake,1998-06-30,11.0,,,,4.9
Peter Lake,1998-06-30,12.0,,86.663,,4.6
Peter Lake,1998-07-07,0.0,,15.55,,22.0
Peter Lake,1998-07-07,0.25,,,,
Peter Lake,1998-07-07,0.5,,,,22.0
Peter Lake,1998-07-07,0.75,,,,
Peter Lake,1998-07-07,0.9,,15.37,,
Peter Lake,1998-07-07,1.0,,,,22.0
Peter Lake,1998-07-07,1.5,,,,22.0
Peter Lake,1998-07-07,2.0,,,,22.0
Peter Lake,1998-07-07,2.2,,17.911,,
Peter Lake,1998-07-07,2.5,,,,21.9
Peter Lake,1998-07-07,3.0,,,,21.5
Peter Lake,1998-07-07,3.5,,,,18.6
Peter Lake,1998-07-07,4.0,,15.005,,15.9
Peter Lake,1998-07-07,4.5,,,,13.5
Peter Lake,1998-07-07,4.8,,37.883,,
Peter Lake,1998-07-07,5.0,,,,11.1
Peter Lake,1998-07-07,5.5,,,,9.0
Peter Lake,1998-07-07,5.6,,65.013,,
Peter Lake,1998-07-07,6.0,,,,7.5
Peter Lake,1998-07-07,6.5,,,,7.1
Peter Lake,1998-07-07,7.0,,,,6.3
Peter Lake,1998-07-07,8.0,,,,6.0
Peter Lake,1998-07-07,9.0,,,,5.7
Peter Lake,1998-07-07,10.0,,,,5.4
Peter Lake,1998-07-07,11.0,,,,4.9
Peter Lake,1998-07-07,12.0,,91.505,,4.7
Peter Lake,1998-07-14,0.0,,21.708,,25.5
Peter Lake,1998-07-14,0.25,,,,
Peter Lake,1998-07-14,0.5,,,,25.7
Peter Lake,1998-07-14,0.75,,,,
Peter Lake,1998-07-14,1.0,,,,25.4
Peter Lake,1998-07-14,1.1,,17.792,,
Peter Lake,1998-07-14,1.5,,,,25.1
Peter Lake,1998-07-14,2.0,,,,24.7
Peter Lake,1998-07-14,2.3,,15.474,,
Peter Lake,1998-07-14,2.5,,,,24.3
Peter Lake,1998-07-14,3.0,,,,22.5
Peter Lake,1998-07-14,3.5,,,,20.5
Peter Lake,1998-07-14,4.0,,28.281,,20.0
Peter Lake,1998-07-14,4.5,,,,14.3
Peter Lake,1998-07-14,4.9,,25.732,,
Peter Lake,1998-07-14,5.0,,,,12.0
Peter Lake,1998-07-14,5.5,,,,10.0
Peter Lake,1998-07-14,5.8,,92.56,,
Peter Lake,1998-07-14,6.0,,,,8.5
Peter Lake,1998-07-14,6.5,,,,7.3
Peter Lake,1998-07-14,7.0,,,,6.7
Peter Lake,1998-07-14,8.0,,,,6.0
Peter Lake,1998-07-14,9.0,,,,6.0
Peter Lake,1998-07-14,10.0,,,,5.5
Peter Lake,1998-07-14,11.0,,,,5.2
Peter Lake,1998-07-14,12.0,,149.491,,4.8
Peter Lake,1998-07-21,0.0,537.964,8.593,7.327,24.9
Peter Lake,1998-07-21,0.25,,,,
Peter Lake,1998-07-21,0.5,,,,24.9
Peter Lake,1998-07-21,0.75,,,,
Peter Lake,1998-07-21,0.8,537.964,8.608,0.831,
Peter Lake,1998-07-21,1.0,,,,24.9
Peter Lake,1998-07-21,1.5,,,,24.7
Peter Lake,1998-07-21,2.0,537.964,10.485,1.568,24.7
Peter Lake,1998-07-21,2.5,,,,24.7
Peter Lake,1998-07-21,3.0,,,,24.0
Peter Lake,1998-07-21,3.5,,5.779,,21.0
Peter Lake,1998-07-21,4.0,,,,18.4
Peter Lake,1998-07-21,4.4,,17.494,,
Peter Lake,1998-07-21,4.5,,,,15.2
Peter Lake,1998-07-21,5.0,,,,12.5
Peter Lake,1998-07-21,5.5,,,,10.4
Peter Lake,1998-07-21,5.7,,97.066,,
Peter Lake,1998-07-21,6.0,,,,8.0
Peter Lake,1998-07-21,6.5,,,,7.2
Peter Lake,1998-07-21,7.0,,,,6.5
Peter Lake,1998-07-21,8.0,,,,6.1
Peter Lake,1998-07-21,9.0,,,,5.7
Peter Lake,1998-07-21,10.0,,,,5.5
Peter Lake,1998-07-21,11.0,,,,5.1
Peter Lake,1998-07-21,12.0,2489.258,78.986,12.833,4.9
Peter Lake,1998-07-28,0.0,,15.872,,22.6
Peter Lake,1998-07-28,0.25,,,,
Peter Lake,1998-07-28,0.5,,,,22.7
Peter Lake,1998-07-28,0.75,,,,
Peter Lake,1998-07-28,1.0,,12.723,,22.7
Peter Lake,1998-07-28,1.5,,,,22.7
Peter Lake,1998-07-28,2.0,,,,22.7
Peter Lake,1998-07-28,2.1,,13.211,,
Peter Lake,1998-07-28,2.5,,,,22.7
Peter Lake,1998-07-28,3.0,,,,22.6
Peter Lake,1998-07-28,3.5,,,,21.9
Peter Lake,1998-07-28,3.7,,17.505,,
Peter Lake,1998-07-28,4.0,,,,19.1
Peter Lake,1998-07-28,4.5,,,,15.5
Peter Lake,1998-07-28,4.7,,25.59,,
Peter Lake,1998-07-28,5.0,,,,12.9
Peter Lake,1998-07-28,5.5,,,,10.4
Peter Lake,1998-07-28,5.9,,51.443,,
Peter Lake,1998-07-28,6.0,,,,8.8
Peter Lake,1998-07-28,6.5,,,,7.5
Peter Lake,1998-07-28,7.0,,,,6.8
Peter Lake,1998-07-28,8.0,,,,6.0
Peter Lake,1998-07-28,9.0,,,,5.7
Peter Lake,1998-07-28,10.0,,,,5.4
Peter Lake,1998-07-28,11.0,,,,5.0
Peter Lake,1998-07-28,12.0,,141.903,,4.8
Peter Lake,1998-08-04,0.0,,14.176,,23.0
Peter Lake,1998-08-04,0.25,,,,
Peter Lake,1998-08-04,0.5,,,,23.0
Peter Lake,1998-08-04,0.75,,,,
Peter Lake,1998-08-04,0.9,,15.306,,
Peter Lake,1998-08-04,1.0,,,,22.9
Peter Lake,1998-08-04,1.3,,16.967,,
Peter Lake,1998-08-04,1.5,,,,22.9
Peter Lake,1998-08-04,2.0,,,,22.9
Peter Lake,1998-08-04,2.5,,,,22.9
Peter Lake,1998-08-04,3.0,,,,22.8
Peter Lake,1998-08-04,3.3,,17.36,,
Peter Lake,1998-08-04,3.5,,,,22.2
Peter Lake,1998-08-04,4.0,,,,19.7
Peter Lake,1998-08-04,4.2,,21.981,,
Peter Lake,1998-08-04,4.5,,,,16.3
Peter Lake,1998-08-04,5.0,,,,13.7
Peter Lake,1998-08-04,5.2,,27.11,,
Peter Lake,1998-08-04,5.5,,,,10.9
Peter Lake,1998-08-04,6.0,,,,9.3
Peter Lake,1998-08-04,6.5,,,,7.8
Peter Lake,1998-08-04,7.0,,,,7.0
Peter Lake,1998-08-04,8.0,,,,6.1
Peter Lake,1998-08-04,9.0,,,,5.7
Peter Lake,1998-08-04,10.0,,,,5.3
Peter Lake,1998-08-04,11.0,,,,5.0
Peter Lake,1998-08-04,12.0,,99.607,,4.8
Peter Lake,1998-08-11,0.0,,14.073,,23.4
Peter Lake,1998-08-11,0.25,,,,
Peter Lake,1998-08-11,0.5,,,,23.5
Peter Lake,1998-08-11,0.75,,,,
Peter Lake,1998-08-11,0.9,,14.541,,
Peter Lake,1998-08-11,1.0,,,,23.5
Peter Lake,1998-08-11,1.5,,,,23.5
Peter Lake,1998-08-11,1.8,,12.788,,
Peter Lake,1998-08-11,2.0,,,,23.5
Peter Lake,1998-08-11,2.5,,,,23.4
Peter Lake,1998-08-11,3.0,,,,23.2
Peter Lake,1998-08-11,3.2,,14.125,,
Peter Lake,1998-08-11,3.5,,,,22.5
Peter Lake,1998-08-11,4.0,,,,20.0
Peter Lake,1998-08-11,4.2,,17.099,,
Peter Lake,1998-08-11,4.5,,,,17.1
Peter Lake,1998-08-11,5.0,,,,13.7
Peter Lake,1998-08-11,5.5,,58.467,,11.5
Peter Lake,1998-08-11,6.0,,,,9.7
Peter Lake,1998-08-11,6.5,,,,8.0
Peter Lake,1998-08-11,7.0,,,,7.2
Peter Lake,1998-08-11,8.0,,,,6.2
Peter Lake,1998-08-11,9.0,,,,5.7
Peter Lake,1998-08-11,10.0,,,,5.4
Peter Lake,1998-08-11,11.0,,,,5.1
Peter Lake,1998-08-11,12.0,,41.111,,4.9
Peter Lake,1998-08-18,0.0,,14.728,,22.0
Peter Lake,1998-08-18,0.25,,,,
Peter Lake,1998-08-18,0.5,,,,22.0
Peter Lake,1998-08-18,0.75,,,,
Peter Lake,1998-08-18,0.8,,13.479,,
Peter Lake,1998-08-18,1.0,,,,22.0
Peter Lake,1998-08-18,1.5,,,,22.0
Peter Lake,1998-08-18,1.8,,14.772,,
Peter Lake,1998-08-18,2.0,,,,22.0
Peter Lake,1998-08-18,2.5,,,,22.0
Peter Lake,1998-08-18,3.0,,12.313,,21.9
Peter Lake,1998-08-18,3.5,,,,21.9
Peter Lake,1998-08-18,4.0,,13.235,,21.7
Peter Lake,1998-08-18,4.5,,,,17.8
Peter Lake,1998-08-18,5.0,,,,14.6
Peter Lake,1998-08-18,5.4,,37.307,,
Peter Lake,1998-08-18,5.5,,,,12.3
Peter Lake,1998-08-18,6.0,,,,10.0
Peter Lake,1998-08-18,6.5,,,,8.1
Peter Lake,1998-08-18,7.0,,,,7.8
Peter Lake,1998-08-18,8.0,,,,6.1
Peter Lake,1998-08-18,9.0,,,,5.6
Peter Lake,1998-08-18,10.0,,,,5.4
Peter Lake,1998-08-18,11.0,,,,5.0
Peter Lake,1998-08-18,12.0,,136.733,,4.8
Peter Lake,1998-08-25,0.0,488.017,13.222,1.659,22.5
Peter Lake,1998-08-25,0.25,,,,
Peter Lake,1998-08-25,0.5,,,,22.5
Peter Lake,1998-08-25,0.7,488.017,14.371,2.858,
Peter Lake,1998-08-25,0.75,,,,
Peter Lake,1998-08-25,1.0,,,,22.5
Peter Lake,1998-08-25,1.5,488.017,17.789,0.918,22.5
Peter Lake,1998-08-25,2.0,,,,22.5
Peter Lake,1998-08-25,2.5,,,,22.5
Peter Lake,1998-08-25,3.0,,,,22.4
Peter Lake,1998-08-25,3.2,,14.918,,
Peter Lake,1998-08-25,3.5,,,,22.4
Peter Lake,1998-08-25,4.0,,,,20.9
Peter Lake,1998-08-25,4.3,,17.889,,
Peter Lake,1998-08-25,4.5,,,,18.6
Peter Lake,1998-08-25,5.0,,,,15.3
Peter Lake,1998-08-25,5.5,,,,12.4
Peter Lake,1998-08-25,5.9,,32.545,,
Peter Lake,1998-08-25,6.0,,,,10.4
Peter Lake,1998-08-25,6.5,,,,8.7
Peter Lake,1998-08-25,7.0,,,,7.4
Peter Lake,1998-08-25,8.0,,,,6.3
Peter Lake,1998-08-25,9.0,,,,5.6
Peter Lake,1998-08-25,10.0,,,,5.3
Peter Lake,1998-08-25,11.0,,,,5.1
Peter Lake,1998-08-25,12.0,3497.699,142.411,18.404,4.9
Peter Lake,1998-08-30,0.0,,20.759,,22.4
Peter Lake,1998-08-30,0.25,,,,
Peter Lake,1998-08-30,0.5,,,,22.5
Peter Lake,1998-08-30,0.75,,,,
Peter Lake,1998-08-30,0.9,,25.216,,
Peter Lake,1998-08-30,1.0,,,,22.5
Peter Lake,1998-08-30,1.5,,,,22.5
Peter Lake,1998-08-30,1.8,,30.592,,
Peter Lake,1998-08-30,2.0,,,,22.5
Peter Lake,1998-08-30,2.5,,,,22.4
Peter Lake,1998-08-30,3.0,,,,22.4
Peter Lake,1998-08-30,3.3,,17.058,,
Peter Lake,1998-08-30,3.5,,,,22.3
Peter Lake,1998-08-30,4.0,,,,21.7
Peter Lake,1998-08-30,4.3,,18.031,,
Peter Lake,1998-08-30,4.5,,,,18.4
Peter Lake,1998-08-30,5.0,,,,15.2
Peter Lake,1998-08-30,5.5,,,,12.4
Peter Lake,1998-08-30,6.0,,56.733,,10.3
Peter Lake,1998-08-30,6.5,,,,8.2
Peter Lake,1998-08-30,7.0,,,,7.3
Peter Lake,1998-08-30,8.0,,,,6.3
Peter Lake,1998-08-30,9.0,,,,5.7
Peter Lake,1998-08-30,10.0,,,,5.4
Peter Lake,1998-08-30,11.0,,,,5.1
Peter Lake,1998-08-30,12.0,,129.794,,4.9
Peter Lake,1999-05-24,0.0,560.862,11.14,0.943,14.5
Peter Lake,1999-05-24,0.25,,,,
Peter Lake,1999-05-24,0.5,,,,14.6
Peter Lake,1999-05-24,0.6,560.862,4.083,1.464,
Peter Lake,1999-05-24,0.75,,,,
Peter Lake,1999-05-24,1.0,,,,14.6
Peter Lake,1999-05-24,1.4,560.862,17.913,0.423,
Peter Lake,1999-05-24,1.5,,,,14.6
Peter Lake,1999-05-24,2.0,,,,14.6
Peter Lake,1999-05-24,2.5,,,,14.4
Peter Lake,1999-05-24,2.8,,20.795,,
Peter Lake,1999-05-24,3.0,,,,11.9
Peter Lake,1999-05-24,3.5,,24.245,,9.7
Peter Lake,1999-05-24,4.0,,,,8.0
Peter Lake,1999-05-24,4.5,,,,6.8
Peter Lake,1999-05-24,5.0,,,,5.7
Peter Lake,1999-05-24,5.5,,37.43,,5.2
Peter Lake,1999-05-24,6.0,,,,5.1
Peter Lake,1999-05-24,6.5,,,,5.0
Peter Lake,1999-05-24,7.0,,,,4.9
Peter Lake,1999-05-24,8.0,,,,4.8
Peter Lake,1999-05-24,9.0,,,,4.6
Peter Lake,1999-05-24,10.0,,,,4.5
Peter Lake,1999-05-24,11.0,,,,4.5
Peter Lake,1999-05-24,12.0,1587.037,26.583,2.369,4.3
Peter Lake,1999-05-31,0.0,,,,20.3
Peter Lake,1999-05-31,0.25,,,,
Peter Lake,1999-05-31,0.5,,,,20.3
Peter Lake,1999-05-31,0.75,,,,
Peter Lake,1999-05-31,1.0,,,,19.4
Peter Lake,1999-05-31,1.5,,,,16.8
Peter Lake,1999-05-31,2.0,,,,15.1
Peter Lake,1999-05-31,2.5,,,,14.2
Peter Lake,1999-05-31,3.0,,,,12.9
Peter Lake,1999-05-31,3.5,,,,11.0
Peter Lake,1999-05-31,4.0,,,,8.9
Peter Lake,1999-05-31,4.5,,,,7.2
Peter Lake,1999-05-31,5.0,,,,6.1
Peter Lake,1999-05-31,5.5,,,,5.5
Peter Lake,1999-05-31,6.0,,,,5.2
Peter Lake,1999-05-31,6.5,,,,5.0
Peter Lake,1999-05-31,7.0,,,,4.9
Peter Lake,1999-05-31,8.0,,,,4.8
Peter Lake,1999-05-31,9.0,,,,4.7
Peter Lake,1999-05-31,10.0,,,,4.5
Peter Lake,1999-05-31,11.0,,,,4.4
Peter Lake,1999-05-31,12.0,,,,4.4
Peter Lake,1999-06-07,0.0,,,,19.8
Peter Lake,1999-06-07,0.25,,,,
Peter Lake,1999-06-07,0.5,,,,19.8
Peter Lake,1999-06-07,0.75,,,,
Peter Lake,1999-06-07,1.0,,,,19.6
Peter Lake,1999-06-07,1.5,,,,17.9
Peter Lake,1999-06-07,2.0,,,,16.6
Peter Lake,1999-06-07,2.5,,,,14.8
Peter Lake,1999-06-07,3.0,,,,12.9
Peter Lake,1999-06-07,3.5,,,,11.6
Peter Lake,1999-06-07,4.0,,,,9.5
Peter Lake,1999-06-07,4.5,,,,7.6
Peter Lake,1999-06-07,5.0,,,,6.4
Peter Lake,1999-06-07,5.5,,,,5.7
Peter Lake,1999-06-07,6.0,,,,5.4
Peter Lake,1999-06-07,6.5,,,,5.1
Peter Lake,1999-06-07,7.0,,,,5.0
Peter Lake,1999-06-07,8.0,,,,4.8
Peter Lake,1999-06-07,9.0,,,,4.7
Peter Lake,1999-06-07,10.0,,,,4.5
Peter Lake,1999-06-07,11.0,,,,4.5
Peter Lake,1999-06-07,12.0,,,,4.4
Peter Lake,1999-06-14,0.0,,,,21.1
Peter Lake,1999-06-14,0.25,,,,
Peter Lake,1999-06-14,0.5,,,,21.2
Peter Lake,1999-06-14,0.75,,,,
Peter Lake,1999-06-14,1.0,,,,21.2
Peter Lake,1999-06-14,1.5,,,,21.2
Peter Lake,1999-06-14,2.0,,,,19.7
Peter Lake,1999-06-14,2.5,,,,16.9
Peter Lake,1999-06-14,3.0,,,,14.1
Peter Lake,1999-06-14,3.5,,,,11.8
Peter Lake,1999-06-14,4.0,,,,10.0
Peter Lake,1999-06-14,4.5,,,,8.2
Peter Lake,1999-06-14,5.0,,,,6.8
Peter Lake,1999-06-14,5.5,,,,5.9
Peter Lake,1999-06-14,6.0,,,,5.5
Peter Lake,1999-06-14,6.5,,,,5.2
Peter Lake,1999-06-14,7.0,,,,5.0
Peter Lake,1999-06-14,8.0,,,,4.7
Peter Lake,1999-06-14,9.0,,,,4.6
Peter Lake,1999-06-14,10.0,,,,4.5
Peter Lake,1999-06-14,11.0,,,,4.5
Peter Lake,1999-06-14,12.0,,,,4.4
Peter Lake,1999-06-21,0.0,538.694,16.863,0.954,20.2
Peter Lake,1999-06-21,0.25,,,,
Peter Lake,1999-06-21,0.5,,,,20.2
Peter Lake,1999-06-21,0.75,,,,
Peter Lake,1999-06-21,0.9,538.694,21.462,0.0,
Peter Lake,1999-06-21,1.0,,,,20.1
Peter Lake,1999-06-21,1.5,,,,20.0
Peter Lake,1999-06-21,1.8,538.694,15.803,2.294,
Peter Lake,1999-06-21,2.0,,,,19.6
Peter Lake,1999-06-21,2.5,,,,18.2
Peter Lake,1999-06-21,3.0,,21.062,,15.0
Peter Lake,1999-06-21,3.5,,,,12.8
Peter Lake,1999-06-21,3.9,,16.109,,
Peter Lake,1999-06-21,4.0,,,,10.1
Peter Lake,1999-06-21,4.5,,,,8.3
Peter Lake,1999-06-21,5.0,,,,7.2
Peter Lake,1999-06-21,5.3,,38.61,,
Peter Lake,1999-06-21,5.5,,,,6.1
Peter Lake,1999-06-21,6.0,,,,5.6
Peter Lake,1999-06-21,6.5,,,,5.3
Peter Lake,1999-06-21,7.0,,,,5.0
Peter Lake,1999-06-21,8.0,,,,4.8
Peter Lake,1999-06-21,9.0,,,,4.6
Peter Lake,1999-06-21,10.0,,,,4.6
Peter Lake,1999-06-21,11.0,,,,4.5
Peter Lake,1999-06-21,12.0,2098.122,61.886,12.798,4.5
Peter Lake,1999-06-28,0.0,,,,22.8
Peter Lake,1999-06-28,0.25,,,,
Peter Lake,1999-06-28,0.5,,,,23.0
Peter Lake,1999-06-28,0.75,,,,
Peter Lake,1999-06-28,1.0,,,,22.9
Peter Lake,1999-06-28,1.5,,,,22.9
Peter Lake,1999-06-28,2.0,,,,21.7
Peter Lake,1999-06-28,2.5,,,,19.5
Peter Lake,1999-06-28,3.0,,,,16.3
Peter Lake,1999-06-28,3.5,,,,13.7
Peter Lake,1999-06-28,4.0,,,,10.8
Peter Lake,1999-06-28,4.5,,,,9.1
Peter Lake,1999-06-28,5.0,,,,7.5
Peter Lake,1999-06-28,5.5,,,,6.6
Peter Lake,1999-06-28,6.0,,,,5.7
Peter Lake,1999-06-28,6.5,,,,5.4
Peter Lake,1999-06-28,7.0,,,,5.1
Peter Lake,1999-06-28,8.0,,,,4.8
Peter Lake,1999-06-28,9.0,,,,4.6
Peter Lake,1999-06-28,10.0,,,,4.6
Peter Lake,1999-06-28,11.0,,,,4.5
Peter Lake,1999-06-28,12.0,,,,4.5
Peter Lake,1999-07-05,0.0,,,,24.4
Peter Lake,1999-07-05,0.25,,,,
Peter Lake,1999-07-05,0.5,,,,24.5
Peter Lake,1999-07-05,0.75,,,,
Peter Lake,1999-07-05,1.0,,,,23.3
Peter Lake,1999-07-05,1.5,,,,22.5
Peter Lake,1999-07-05,2.0,,,,21.8
Peter Lake,1999-07-05,2.5,,,,20.2
Peter Lake,1999-07-05,3.0,,,,18.0
Peter Lake,1999-07-05,3.5,,,,15.0
Peter Lake,1999-07-05,4.0,,,,12.0
Peter Lake,1999-07-05,4.5,,,,10.3
Peter Lake,1999-07-05,5.0,,,,9.1
Peter Lake,1999-07-05,5.5,,,,6.9
Peter Lake,1999-07-05,6.0,,,,6.1
Peter Lake,1999-07-05,6.5,,,,5.7
Peter Lake,1999-07-05,7.0,,,,5.3
Peter Lake,1999-07-05,8.0,,,,4.9
Peter Lake,1999-07-05,9.0,,,,4.7
Peter Lake,1999-07-05,10.0,,,,4.6
Peter Lake,1999-07-05,11.0,,,,4.5
Peter Lake,1999-07-05,12.0,,,,4.5
Peter Lake,1999-07-12,0.0,,,,22.4
Peter Lake,1999-07-12,0.25,,,,
Peter Lake,1999-07-12,0.5,,,,21.7
Peter Lake,1999-07-12,0.75,,,,
Peter Lake,1999-07-12,1.0,,,,21.6
Peter Lake,1999-07-12,1.5,,,,21.1
Peter Lake,1999-07-12,2.0,,,,20.3
Peter Lake,1999-07-12,2.5,,,,20.0
Peter Lake,1999-07-12,3.0,,,,19.1
Peter Lake,1999-07-12,3.5,,,,15.7
Peter Lake,1999-07-12,4.0,,,,12.9
Peter Lake,1999-07-12,4.5,,,,10.6
Peter Lake,1999-07-12,5.0,,,,9.0
Peter Lake,1999-07-12,5.5,,,,7.5
Peter Lake,1999-07-12,6.0,,,,6.4
Peter Lake,1999-07-12,6.5,,,,5.7
Peter Lake,1999-07-12,7.0,,,,5.3
Peter Lake,1999-07-12,8.0,,,,4.9
Peter Lake,1999-07-12,9.0,,,,4.7
Peter Lake,1999-07-12,10.0,,,,4.6
Peter Lake,1999-07-12,11.0,,,,4.6
Peter Lake,1999-07-12,12.0,,,,4.5
Peter Lake,1999-07-19,0.0,594.585,8.732,1.255,24.1
Peter Lake,1999-07-19,0.25,,,,
Peter Lake,1999-07-19,0.5,,,,24.0
Peter Lake,1999-07-19,0.75,,,,
Peter Lake,1999-07-19,0.8,594.585,13.329,0.945,
Peter Lake,1999-07-19,1.0,,,,23.8
Peter Lake,1999-07-19,1.5,594.585,13.394,0.781,23.8
Peter Lake,1999-07-19,2.0,,,,22.5
Peter Lake,1999-07-19,2.5,,,,20.9
Peter Lake,1999-07-19,2.6,,11.317,,
Peter Lake,1999-07-19,3.0,,,,18.9
Peter Lake,1999-07-19,3.5,,,,15.6
Peter Lake,1999-07-19,3.6,,26.624,,
Peter Lake,1999-07-19,4.0,,,,13.6
Peter Lake,1999-07-19,4.5,,,,10.8
Peter Lake,1999-07-19,5.0,,,,9.2
Peter Lake,1999-07-19,5.5,,38.931,,7.7
Peter Lake,1999-07-19,6.0,,,,6.7
Peter Lake,1999-07-19,6.5,,,,6.0
Peter Lake,1999-07-19,7.0,,,,5.5
Peter Lake,1999-07-19,8.0,,,,5.0
Peter Lake,1999-07-19,9.0,,,,4.7
Peter Lake,1999-07-19,10.0,,,,4.6
Peter Lake,1999-07-19,11.0,,,,4.6
Peter Lake,1999-07-19,12.0,2745.53,101.741,20.998,4.5
Peter Lake,1999-07-26,0.0,,,,26.6
Peter Lake,1999-07-26,0.25,,,,
Peter Lake,1999-07-26,0.5,,,,26.5
Peter Lake,1999-07-26,0.75,,,,
Peter Lake,1999-07-26,1.0,,,,26.4
Peter Lake,1999-07-26,1.5,,,,26.3
Peter Lake,1999-07-26,2.0,,,,25.5
Peter Lake,1999-07-26,2.5,,,,22.2
Peter Lake,1999-07-26,3.0,,,,19.8
Peter Lake,1999-07-26,3.5,,,,16.9
Peter Lake,1999-07-26,4.0,,,,14.0
Peter Lake,1999-07-26,4.5,,,,11.4
Peter Lake,1999-07-26,5.0,,,,9.3
Peter Lake,1999-07-26,5.5,,,,8.0
Peter Lake,1999-07-26,6.0,,,,6.9
Peter Lake,1999-07-26,6.5,,,,6.1
Peter Lake,1999-07-26,7.0,,,,5.6
Peter Lake,1999-07-26,8.0,,,,4.9
Peter Lake,1999-07-26,9.0,,,,4.7
Peter Lake,1999-07-26,10.0,,,,4.7
Peter Lake,1999-07-26,11.0,,,,4.6
Peter Lake,1999-07-26,12.0,,,,4.5
Peter Lake,1999-08-02,0.0,,,,24.6
Peter Lake,1999-08-02,0.25,,,,
Peter Lake,1999-08-02,0.5,,,,24.7
Peter Lake,1999-08-02,0.75,,,,
Peter Lake,1999-08-02,1.0,,,,24.7
Peter Lake,1999-08-02,1.5,,,,24.7
Peter Lake,1999-08-02,2.0,,,,24.6
Peter Lake,1999-08-02,2.5,,,,24.4
Peter Lake,1999-08-02,3.0,,,,20.5
Peter Lake,1999-08-02,3.5,,,,17.8
Peter Lake,1999-08-02,4.0,,,,14.6
Peter Lake,1999-08-02,4.5,,,,12.4
Peter Lake,1999-08-02,5.0,,,,10.0
Peter Lake,1999-08-02,5.5,,,,8.5
Peter Lake,1999-08-02,6.0,,,,7.4
Peter Lake,1999-08-02,6.5,,,,6.4
Peter Lake,1999-08-02,7.0,,,,5.7
Peter Lake,1999-08-02,8.0,,,,5.1
Peter Lake,1999-08-02,9.0,,,,4.8
Peter Lake,1999-08-02,10.0,,,,4.7
Peter Lake,1999-08-02,11.0,,,,4.6
Peter Lake,1999-08-02,12.0,,,,4.6
Peter Lake,1999-08-09,0.0,,,,22.1
Peter Lake,1999-08-09,0.25,,,,
Peter Lake,1999-08-09,0.5,,,,22.1
Peter Lake,1999-08-09,0.75,,,,
Peter Lake,1999-08-09,1.0,,,,22.1
Peter Lake,1999-08-09,1.5,,,,22.1
Peter Lake,1999-08-09,2.0,,,,22.1
Peter Lake,1999-08-09,2.5,,,,22.0
Peter Lake,1999-08-09,3.0,,,,21.8
Peter Lake,1999-08-09,3.5,,,,18.3
Peter Lake,1999-08-09,4.0,,,,15.0
Peter Lake,1999-08-09,4.5,,,,12.4
Peter Lake,1999-08-09,5.0,,,,10.3
Peter Lake,1999-08-09,5.5,,,,8.6
Peter Lake,1999-08-09,6.0,,,,7.3
Peter Lake,1999-08-09,6.5,,,,6.5
Peter Lake,1999-08-09,7.0,,,,6.1
Peter Lake,1999-08-09,8.0,,,,5.2
Peter Lake,1999-08-09,9.0,,,,4.8
Peter Lake,1999-08-09,10.0,,,,4.7
Peter Lake,1999-08-09,11.0,,,,4.6
Peter Lake,1999-08-09,12.0,,,,4.6
Peter Lake,1999-08-16,0.0,588.069,11.917,1.703,20.7
Peter Lake,1999-08-16,0.25,,,,
Peter Lake,1999-08-16,0.5,,,,20.7
Peter Lake,1999-08-16,0.6,588.069,11.656,2.326,
Peter Lake,1999-08-16,0.75,,,,
Peter Lake,1999-08-16,1.0,,,,20.7
Peter Lake,1999-08-16,1.4,588.069,12.037,2.086,
Peter Lake,1999-08-16,1.5,,,,20.7
Peter Lake,1999-08-16,2.0,,,,20.7
Peter Lake,1999-08-16,2.5,,,,20.7
Peter Lake,1999-08-16,2.6,,12.357,,
Peter Lake,1999-08-16,3.0,,,,20.6
Peter Lake,1999-08-16,3.5,,12.444,,19.4
Peter Lake,1999-08-16,4.0,,,,16.2
Peter Lake,1999-08-16,4.5,,,,13.2
Peter Lake,1999-08-16,5.0,,,,11.0
Peter Lake,1999-08-16,5.5,,20.941,,9.0
Peter Lake,1999-08-16,6.0,,,,7.6
Peter Lake,1999-08-16,6.5,,,,6.8
Peter Lake,1999-08-16,7.0,,,,6.0
Peter Lake,1999-08-16,8.0,,,,5.3
Peter Lake,1999-08-16,9.0,,,,4.9
Peter Lake,1999-08-16,10.0,,,,4.8
Peter Lake,1999-08-16,11.0,,,,4.7
Peter Lake,1999-08-16,12.0,2863.51,100.263,28.911,4.6
Peter Lake,1999-08-23,0.0,,,,21.3
Peter Lake,1999-08-23,0.25,,,,
Peter Lake,1999-08-23,0.5,,,,21.3
Peter Lake,1999-08-23,0.75,,,,
Peter Lake,1999-08-23,1.0,,,,21.3
Peter Lake,1999-08-23,1.5,,,,21.3
Peter Lake,1999-08-23,2.0,,,,21.2
Peter Lake,1999-08-23,2.5,,,,20.9
Peter Lake,1999-08-23,3.0,,,,20.4
Peter Lake,1999-08-23,3.5,,,,19.4
Peter Lake,1999-08-23,4.0,,,,16.9
Peter Lake,1999-08-23,4.5,,,,13.5
Peter Lake,1999-08-23,5.0,,,,11.0
Peter Lake,1999-08-23,5.5,,,,9.3
Peter Lake,1999-08-23,6.0,,,,8.2
Peter Lake,1999-08-23,6.5,,,,6.9
Peter Lake,1999-08-23,7.0,,,,6.2
Peter Lake,1999-08-23,8.0,,,,5.4
Peter Lake,1999-08-23,9.0,,,,5.0
Peter Lake,1999-08-23,10.0,,,,4.9
Peter Lake,1999-08-23,11.0,,,,4.7
Peter Lake,1999-08-23,12.0,,,,4.6
Peter Lake,1999-08-29,0.0,,,,22.3
Peter Lake,1999-08-29,0.25,,,,
Peter Lake,1999-08-29,0.5,,,,22.3
Peter Lake,1999-08-29,0.75,,,,
Peter Lake,1999-08-29,1.0,,,,22.3
Peter Lake,1999-08-29,1.5,,,,22.2
Peter Lake,1999-08-29,2.0,,,,22.2
Peter Lake,1999-08-29,2.5,,,,22.0
Peter Lake,1999-08-29,3.0,,,,21.5
Peter Lake,1999-08-29,3.5,,,,19.5
Peter Lake,1999-08-29,4.0,,,,16.4
Peter Lake,1999-08-29,4.5,,,,13.8
Peter Lake,1999-08-29,5.0,,,,11.7
Peter Lake,1999-08-29,5.5,,,,9.5
Peter Lake,1999-08-29,6.0,,,,8.3
Peter Lake,1999-08-29,6.5,,,,7.3
Peter Lake,1999-08-29,7.0,,,,6.3
Peter Lake,1999-08-29,8.0,,,,5.5
Peter Lake,1999-08-29,9.0,,,,5.1
Peter Lake,1999-08-29,10.0,,,,4.9
Peter Lake,1999-08-29,11.0,,,,4.8
Peter Lake,1999-08-29,12.0,,,,4.7
Peter Lake,2000-05-24,0.0,,,,16.8
Peter Lake,2000-05-24,0.25,,,,
Peter Lake,2000-05-24,0.5,,,,16.8
Peter Lake,2000-05-24,0.75,,,,
Peter Lake,2000-05-24,1.0,,,,16.7
Peter Lake,2000-05-24,1.5,,,,16.7
Peter Lake,2000-05-24,2.0,,,,15.5
Peter Lake,2000-05-24,2.5,,,,12.9
Peter Lake,2000-05-24,3.0,,,,10.5
Peter Lake,2000-05-24,3.5,,,,8.6
Peter Lake,2000-05-24,4.0,,,,7.0
Peter Lake,2000-05-24,4.5,,,,6.1
Peter Lake,2000-05-24,5.0,,,,5.6
Peter Lake,2000-05-24,5.5,,,,5.2
Peter Lake,2000-05-24,6.0,,,,4.8
Peter Lake,2000-05-24,6.5,,,,4.5
Peter Lake,2000-05-24,7.0,,,,4.5
Peter Lake,2000-05-24,8.0,,,,4.4
Peter Lake,2000-05-24,9.0,,,,4.3
Peter Lake,2000-05-24,10.0,,,,4.4
Peter Lake,2000-05-24,11.0,,,,1.6
Peter Lake,2000-05-24,12.0,,,,1.1
Peter Lake,2000-06-26,0.0,,,,20.2
Peter Lake,2000-06-26,0.25,,,,
Peter Lake,2000-06-26,0.5,,,,20.2
Peter Lake,2000-06-26,0.75,,,,
Peter Lake,2000-06-26,1.0,,,,20.2
Peter Lake,2000-06-26,1.5,,,,20.0
Peter Lake,2000-06-26,2.0,,,,19.6
Peter Lake,2000-06-26,2.5,,,,19.1
Peter Lake,2000-06-26,3.0,,,,16.2
Peter Lake,2000-06-26,3.5,,,,13.6
Peter Lake,2000-06-26,4.0,,,,10.9
Peter Lake,2000-06-26,4.5,,,,9.0
Peter Lake,2000-06-26,5.0,,,,7.5
Peter Lake,2000-06-26,5.5,,,,6.3
Peter Lake,2000-06-26,6.0,,,,5.7
Peter Lake,2000-06-26,6.5,,,,5.3
Peter Lake,2000-06-26,7.0,,,,5.0
Peter Lake,2000-06-26,8.0,,,,4.6
Peter Lake,2000-06-26,9.0,,,,4.5
Peter Lake,2000-06-26,10.0,,,,4.5
Peter Lake,2000-06-26,11.0,,,,4.5
Peter Lake,2000-06-26,12.0,,,,4.5
Peter Lake,2000-06-26,13.0,,,,4.5
Peter Lake,2000-06-26,14.0,,,,4.5
Peter Lake,2000-07-24,0.0,,,,20.7
Peter Lake,2000-07-24,0.25,,,,
Peter Lake,2000-07-24,0.5,,,,20.6
Peter Lake,2000-07-24,0.75,,,,
Peter Lake,2000-07-24,1.0,,,,20.3
Peter Lake,2000-07-24,1.5,,,,20.3
Peter Lake,2000-07-24,2.0,,,,20.3
Peter Lake,2000-07-24,2.5,,,,20.2
Peter Lake,2000-07-24,3.0,,,,19.7
Peter Lake,2000-07-24,3.5,,,,16.5
Peter Lake,2000-07-24,4.0,,,,13.4
Peter Lake,2000-07-24,4.5,,,,10.8
Peter Lake,2000-07-24,5.0,,,,8.7
Peter Lake,2000-07-24,5.5,,,,7.4
Peter Lake,2000-07-24,6.0,,,,6.8
Peter Lake,2000-07-24,6.5,,,,5.7
Peter Lake,2000-07-24,7.0,,,,5.3
Peter Lake,2000-07-24,8.0,,,,5.0
Peter Lake,2000-07-24,9.0,,,,4.7
Peter Lake,2000-07-24,10.0,,,,4.6
Peter Lake,2000-07-24,11.0,,,,4.6
Peter Lake,2000-07-24,12.0,,,,4.5
Peter Lake,2000-08-21,0.0,,,,20.2
Peter Lake,2000-08-21,0.25,,,,
Peter Lake,2000-08-21,0.5,,,,20.2
Peter Lake,2000-08-21,0.75,,,,
Peter Lake,2000-08-21,1.0,,,,20.3
Peter Lake,2000-08-21,1.5,,,,20.3
Peter Lake,2000-08-21,2.0,,,,20.3
Peter Lake,2000-08-21,2.5,,,,20.3
Peter Lake,2000-08-21,3.0,,,,19.9
Peter Lake,2000-08-21,3.5,,,,17.1
Peter Lake,2000-08-21,4.0,,,,14.5
Peter Lake,2000-08-21,4.5,,,,12.0
Peter Lake,2000-08-21,5.0,,,,10.5
Peter Lake,2000-08-21,5.5,,,,8.3
Peter Lake,2000-08-21,6.0,,,,7.3
Peter Lake,2000-08-21,6.5,,,,6.5
Peter Lake,2000-08-21,7.0,,,,5.8
Peter Lake,2000-08-21,8.0,,,,5.2
Peter Lake,2000-08-21,9.0,,,,5.0
Peter Lake,2000-08-21,10.0,,,,4.8
Peter Lake,2000-08-21,11.0,,,,4.7
Peter Lake,2000-08-21,12.0,,,,4.7
Peter Lake,2001-05-29,0.0,,,,15.8
Peter Lake,2001-05-29,0.25,,,,
Peter Lake,2001-05-29,0.5,,,,15.7
Peter Lake,2001-05-29,0.75,,,,
Peter Lake,2001-05-29,1.0,,,,15.6
Peter Lake,2001-05-29,1.5,,,,15.1
Peter Lake,2001-05-29,2.0,,,,14.8
Peter Lake,2001-05-29,2.5,,,,14.3
Peter Lake,2001-05-29,3.0,,,,11.6
Peter Lake,2001-05-29,3.5,,,,8.8
Peter Lake,2001-05-29,4.0,,,,7.5
Peter Lake,2001-05-29,4.5,,,,6.7
Peter Lake,2001-05-29,5.0,,,,6.0
Peter Lake,2001-05-29,5.5,,,,5.4
Peter Lake,2001-05-29,6.0,,,,5.1
Peter Lake,2001-05-29,6.5,,,,4.9
Peter Lake,2001-05-29,7.0,,,,4.8
Peter Lake,2001-05-29,8.0,,,,4.5
Peter Lake,2001-05-29,9.0,,,,4.4
Peter Lake,2001-05-29,10.0,,,,4.4
Peter Lake,2001-05-29,11.0,,,,4.4
Peter Lake,2001-05-29,12.0,,,,4.4
Peter Lake,2001-05-29,,471.2058599,11.48824111,,
Peter Lake,2001-06-05,0.0,,,,14.4
Peter Lake,2001-06-05,0.25,,,,
Peter Lake,2001-06-05,0.5,,,,14.4
Peter Lake,2001-06-05,0.75,,,,
Peter Lake,2001-06-05,1.0,,,,14.2
Peter Lake,2001-06-05,1.5,,,,14.2
Peter Lake,2001-06-05,2.0,,,,14.1
Peter Lake,2001-06-05,2.5,,,,13.9
Peter Lake,2001-06-05,3.0,,,,13.2
Peter Lake,2001-06-05,3.5,,,,10.2
Peter Lake,2001-06-05,4.0,,,,8.4
Peter Lake,2001-06-05,4.5,,,,7.1
Peter Lake,2001-06-05,5.0,,,,6.2
Peter Lake,2001-06-05,5.5,,,,5.7
Peter Lake,2001-06-05,6.0,,,,5.2
Peter Lake,2001-06-05,6.5,,,,5.0
Peter Lake,2001-06-05,7.0,,,,4.9
Peter Lake,2001-06-05,8.0,,,,4.6
Peter Lake,2001-06-05,9.0,,,,4.5
Peter Lake,2001-06-05,10.0,,,,4.5
Peter Lake,2001-06-05,11.0,,,,4.5
Peter Lake,2001-06-05,12.0,,,,4.5
Peter Lake,2001-06-05,,419.7810129,9.432992317,,
Peter Lake,2001-06-12,0.0,,,,20.5
Peter Lake,2001-06-12,0.25,,,,
Peter Lake,2001-06-12,0.5,,,,20.4
Peter Lake,2001-06-12,0.75,,,,
Peter Lake,2001-06-12,1.0,,,,20.3
Peter Lake,2001-06-12,1.5,,,,18.4
Peter Lake,2001-06-12,2.0,,,,17.0
Peter Lake,2001-06-12,2.5,,,,15.6
Peter Lake,2001-06-12,3.0,,,,13.8
Peter Lake,2001-06-12,3.5,,,,11.4
Peter Lake,2001-06-12,4.0,,,,9.5
Peter Lake,2001-06-12,4.5,,,,7.9
Peter Lake,2001-06-12,5.0,,,,6.9
Peter Lake,2001-06-12,5.5,,,,5.8
Peter Lake,2001-06-12,6.0,,,,5.4
Peter Lake,2001-06-12,6.5,,,,5.0
Peter Lake,2001-06-12,7.0,,,,4.9
Peter Lake,2001-06-12,8.0,,,,4.7
Peter Lake,2001-06-12,9.0,,,,4.5
Peter Lake,2001-06-12,10.0,,,,4.5
Peter Lake,2001-06-12,11.0,,,,4.5
Peter Lake,2001-06-12,12.0,,,,4.5
Peter Lake,2001-06-12,,450.8823453,9.775533783,,
Peter Lake,2001-06-19,0.0,,,,19.5
Peter Lake,2001-06-19,0.25,,,,
Peter Lake,2001-06-19,0.5,,,,19.5
Peter Lake,2001-06-19,0.75,,,,
Peter Lake,2001-06-19,1.0,,,,19.5
Peter Lake,2001-06-19,1.5,,,,19.5
Peter Lake,2001-06-19,2.0,,,,19.1
Peter Lake,2001-06-19,2.5,,,,16.7
Peter Lake,2001-06-19,3.0,,,,14.6
Peter Lake,2001-06-19,3.5,,,,12.4
Peter Lake,2001-06-19,4.0,,,,10.1
Peter Lake,2001-06-19,4.5,,,,8.5
Peter Lake,2001-06-19,5.0,,,,6.8
Peter Lake,2001-06-19,5.5,,,,6.0
Peter Lake,2001-06-19,6.0,,,,5.5
Peter Lake,2001-06-19,6.5,,,,5.2
Peter Lake,2001-06-19,7.0,,,,5.1
Peter Lake,2001-06-19,8.0,,,,4.7
Peter Lake,2001-06-19,9.0,,,,4.6
Peter Lake,2001-06-19,10.0,,,,4.5
Peter Lake,2001-06-19,11.0,,,,4.5
Peter Lake,2001-06-19,12.0,,,,4.5
Peter Lake,2001-06-19,,413.1794374,7.89155572,,
Peter Lake,2001-06-26,0.0,,,,23.1
Peter Lake,2001-06-26,0.25,,,,
Peter Lake,2001-06-26,0.5,,,,23.1
Peter Lake,2001-06-26,0.75,,,,
Peter Lake,2001-06-26,1.0,,,,22.6
Peter Lake,2001-06-26,1.5,,,,21.6
Peter Lake,2001-06-26,2.0,,,,20.8
Peter Lake,2001-06-26,2.5,,,,19.2
Peter Lake,2001-06-26,3.0,,,,16.4
Peter Lake,2001-06-26,3.5,,,,13.0
Peter Lake,2001-06-26,4.0,,,,11.2
Peter Lake,2001-06-26,4.5,,,,9.1
Peter Lake,2001-06-26,5.0,,,,8.0
Peter Lake,2001-06-26,5.5,,,,6.7
Peter Lake,2001-06-26,6.0,,,,5.9
Peter Lake,2001-06-26,6.5,,,,5.5
Peter Lake,2001-06-26,7.0,,,,5.1
Peter Lake,2001-06-26,8.0,,,,4.9
Peter Lake,2001-06-26,9.0,,,,4.6
Peter Lake,2001-06-26,10.0,,,,4.5
Peter Lake,2001-06-26,11.0,,,,4.5
Peter Lake,2001-06-26,12.0,,,,4.5
Peter Lake,2001-06-26,,386.2413775,7.89155572,,
Peter Lake,2001-07-03,0.0,,,,21.0
Peter Lake,2001-07-03,0.25,,,,
Peter Lake,2001-07-03,0.5,,,,21.0
Peter Lake,2001-07-03,0.75,,,,
Peter Lake,2001-07-03,1.0,,,,21.0
Peter Lake,2001-07-03,1.5,,,,21.0
Peter Lake,2001-07-03,2.0,,,,21.0
Peter Lake,2001-07-03,2.5,,,,20.8
Peter Lake,2001-07-03,3.0,,,,17.7
Peter Lake,2001-07-03,3.5,,,,14.4
Peter Lake,2001-07-03,4.0,,,,11.6
Peter Lake,2001-07-03,4.5,,,,9.9
Peter Lake,2001-07-03,5.0,,,,8.2
Peter Lake,2001-07-03,5.5,,,,7.2
Peter Lake,2001-07-03,6.0,,,,6.2
Peter Lake,2001-07-03,6.5,,,,5.7
Peter Lake,2001-07-03,7.0,,,,5.3
Peter Lake,2001-07-03,8.0,,,,5.0
Peter Lake,2001-07-03,9.0,,,,4.7
Peter Lake,2001-07-03,10.0,,,,4.5
Peter Lake,2001-07-03,11.0,,,,4.5
Peter Lake,2001-07-03,12.0,,,,4.5
Peter Lake,2001-07-03,,435.6299821,8.234097186,,
Peter Lake,2001-07-10,0.0,,,,22.8
Peter Lake,2001-07-10,0.25,,,,
Peter Lake,2001-07-10,0.5,,,,22.8
Peter Lake,2001-07-10,0.75,,,,
Peter Lake,2001-07-10,1.0,,,,22.8
Peter Lake,2001-07-10,1.5,,,,22.4
Peter Lake,2001-07-10,2.0,,,,22.1
Peter Lake,2001-07-10,2.5,,,,21.3
Peter Lake,2001-07-10,3.0,,,,19.3
Peter Lake,2001-07-10,3.5,,,,17.0
Peter Lake,2001-07-10,4.0,,,,12.9
Peter Lake,2001-07-10,4.5,,,,10.5
Peter Lake,2001-07-10,5.0,,,,8.8
Peter Lake,2001-07-10,5.5,,,,7.5
Peter Lake,2001-07-10,6.0,,,,6.6
Peter Lake,2001-07-10,6.5,,,,6.2
Peter Lake,2001-07-10,7.0,,,,5.5
Peter Lake,2001-07-10,8.0,,,,5.2
Peter Lake,2001-07-10,9.0,,,,4.7
Peter Lake,2001-07-10,10.0,,,,4.6
Peter Lake,2001-07-10,11.0,,,,4.5
Peter Lake,2001-07-10,12.0,,,,4.5
Peter Lake,2001-07-10,,413.4388313,6.863931322,,
Peter Lake,2001-07-17,0.0,,,,24.0
Peter Lake,2001-07-17,0.25,,,,
Peter Lake,2001-07-17,0.5,,,,24.0
Peter Lake,2001-07-17,0.75,,,,
Peter Lake,2001-07-17,1.0,,,,24.1
Peter Lake,2001-07-17,1.5,,,,24.1
Peter Lake,2001-07-17,2.0,,,,23.9
Peter Lake,2001-07-17,2.5,,,,22.6
Peter Lake,2001-07-17,3.0,,,,20.0
Peter Lake,2001-07-17,3.5,,,,16.9
Peter Lake,2001-07-17,4.0,,,,13.7
Peter Lake,2001-07-17,4.5,,,,11.4
Peter Lake,2001-07-17,5.0,,,,9.4
Peter Lake,2001-07-17,5.5,,,,8.0
Peter Lake,2001-07-17,6.0,,,,6.9
Peter Lake,2001-07-17,6.5,,,,6.1
Peter Lake,2001-07-17,7.0,,,,5.7
Peter Lake,2001-07-17,8.0,,,,5.4
Peter Lake,2001-07-17,9.0,,,,4.8
Peter Lake,2001-07-17,10.0,,,,4.6
Peter Lake,2001-07-17,11.0,,,,4.6
Peter Lake,2001-07-17,12.0,,,,4.5
Peter Lake,2001-07-17,,372.2470749,6.521389856,,
Peter Lake,2001-07-24,0.0,,,,26.2
Peter Lake,2001-07-24,0.25,,,,
Peter Lake,2001-07-24,0.5,,,,26.2
Peter Lake,2001-07-24,0.75,,,,
Peter Lake,2001-07-24,1.0,,,,26.2
Peter Lake,2001-07-24,1.5,,,,26.2
Peter Lake,2001-07-24,2.0,,,,26.0
Peter Lake,2001-07-24,2.5,,,,24.2
Peter Lake,2001-07-24,3.0,,,,21.4
Peter Lake,2001-07-24,3.5,,,,18.0
Peter Lake,2001-07-24,4.0,,,,14.7
Peter Lake,2001-07-24,4.5,,,,12.1
Peter Lake,2001-07-24,5.0,,,,10.0
Peter Lake,2001-07-24,5.5,,,,8.5
Peter Lake,2001-07-24,6.0,,,,7.3
Peter Lake,2001-07-24,6.5,,,,6.4
Peter Lake,2001-07-24,7.0,,,,5.8
Peter Lake,2001-07-24,8.0,,,,5.3
Peter Lake,2001-07-24,9.0,,,,4.9
Peter Lake,2001-07-24,10.0,,,,4.7
Peter Lake,2001-07-24,11.0,,,,4.6
Peter Lake,2001-07-24,12.0,,,,4.6
Peter Lake,2001-07-24,,399.7817408,6.863931322,,
Peter Lake,2001-07-31,0.0,,,,22.2
Peter Lake,2001-07-31,0.25,,,,
Peter Lake,2001-07-31,0.5,,,,22.1
Peter Lake,2001-07-31,0.75,,,,
Peter Lake,2001-07-31,1.0,,,,22.1
Peter Lake,2001-07-31,1.5,,,,22.1
Peter Lake,2001-07-31,2.0,,,,22.0
Peter Lake,2001-07-31,2.5,,,,22.0
Peter Lake,2001-07-31,3.0,,,,22.0
Peter Lake,2001-07-31,3.5,,,,19.0
Peter Lake,2001-07-31,4.0,,,,15.3
Peter Lake,2001-07-31,4.5,,,,12.7
Peter Lake,2001-07-31,5.0,,,,10.5
Peter Lake,2001-07-31,5.5,,,,8.7
Peter Lake,2001-07-31,6.0,,,,7.5
Peter Lake,2001-07-31,6.5,,,,6.5
Peter Lake,2001-07-31,7.0,,,,6.0
Peter Lake,2001-07-31,8.0,,,,5.5
Peter Lake,2001-07-31,9.0,,,,5.0
Peter Lake,2001-07-31,10.0,,,,4.7
Peter Lake,2001-07-31,11.0,,,,4.6
Peter Lake,2001-07-31,12.0,,,,4.6
Peter Lake,2001-07-31,,468.4951933,7.035202055,,
Peter Lake,2001-08-07,0.0,,,,27.1
Peter Lake,2001-08-07,0.25,,,,
Peter Lake,2001-08-07,0.5,,,,26.8
Peter Lake,2001-08-07,0.75,,,,
Peter Lake,2001-08-07,1.0,,,,26.7
Peter Lake,2001-08-07,1.5,,,,26.4
Peter Lake,2001-08-07,2.0,,,,24.8
Peter Lake,2001-08-07,2.5,,,,23.8
Peter Lake,2001-08-07,3.0,,,,22.6
Peter Lake,2001-08-07,3.5,,,,20.2
Peter Lake,2001-08-07,4.0,,,,17.0
Peter Lake,2001-08-07,4.5,,,,14.0
Peter Lake,2001-08-07,5.0,,,,11.3
Peter Lake,2001-08-07,5.5,,,,9.2
Peter Lake,2001-08-07,6.0,,,,8.0
Peter Lake,2001-08-07,6.5,,,,7.1
Peter Lake,2001-08-07,7.0,,,,6.5
Peter Lake,2001-08-07,8.0,,,,5.5
Peter Lake,2001-08-07,9.0,,,,5.0
Peter Lake,2001-08-07,10.0,,,,4.8
Peter Lake,2001-08-07,11.0,,,,4.6
Peter Lake,2001-08-07,12.0,,,,4.6
Peter Lake,2001-08-07,,399.1073166,7.89155572,,
Peter Lake,2001-08-14,0.0,,,,22.2
Peter Lake,2001-08-14,0.25,,,,
Peter Lake,2001-08-14,0.5,,,,22.2
Peter Lake,2001-08-14,0.75,,,,
Peter Lake,2001-08-14,1.0,,,,22.1
Peter Lake,2001-08-14,1.5,,,,22.1
Peter Lake,2001-08-14,2.0,,,,22.1
Peter Lake,2001-08-14,2.5,,,,22.0
Peter Lake,2001-08-14,3.0,,,,22.0
Peter Lake,2001-08-14,3.5,,,,20.8
Peter Lake,2001-08-14,4.0,,,,17.0
Peter Lake,2001-08-14,4.5,,,,14.4
Peter Lake,2001-08-14,5.0,,,,11.8
Peter Lake,2001-08-14,5.5,,,,9.8
Peter Lake,2001-08-14,6.0,,,,8.3
Peter Lake,2001-08-14,6.5,,,,7.3
Peter Lake,2001-08-14,7.0,,,,6.4
Peter Lake,2001-08-14,8.0,,,,5.5
Peter Lake,2001-08-14,9.0,,,,5.1
Peter Lake,2001-08-14,10.0,,,,4.8
Peter Lake,2001-08-14,11.0,,,,4.6
Peter Lake,2001-08-14,12.0,,,,4.6
Peter Lake,2001-08-14,,438.6778608,7.89155572,,
Peter Lake,2001-08-21,0.0,,,,21.6
Peter Lake,2001-08-21,0.25,,,,
Peter Lake,2001-08-21,0.5,,,,21.6
Peter Lake,2001-08-21,0.75,,,,
Peter Lake,2001-08-21,1.0,,,,21.5
Peter Lake,2001-08-21,1.5,,,,21.5
Peter Lake,2001-08-21,2.0,,,,21.5
Peter Lake,2001-08-21,2.5,,,,21.4
Peter Lake,2001-08-21,3.0,,,,21.3
Peter Lake,2001-08-21,3.5,,,,20.5
Peter Lake,2001-08-21,4.0,,,,17.8
Peter Lake,2001-08-21,4.5,,,,14.6
Peter Lake,2001-08-21,5.0,,,,12.1
Peter Lake,2001-08-21,5.5,,,,10.0
Peter Lake,2001-08-21,6.0,,,,8.4
Peter Lake,2001-08-21,6.5,,,,7.2
Peter Lake,2001-08-21,7.0,,,,6.8
Peter Lake,2001-08-21,8.0,,,,5.7
Peter Lake,2001-08-21,9.0,,,,5.0
Peter Lake,2001-08-21,10.0,,,,4.9
Peter Lake,2001-08-21,11.0,,,,4.6
Peter Lake,2001-08-21,12.0,,,,4.7
Peter Lake,2001-08-21,,483.5659807,8.062826453,,
Peter Lake,2001-08-28,0.0,,,,22.2
Peter Lake,2001-08-28,0.25,,,,
Peter Lake,2001-08-28,0.5,,,,22.1
Peter Lake,2001-08-28,0.75,,,,
Peter Lake,2001-08-28,1.0,,,,22.0
Peter Lake,2001-08-28,1.5,,,,22.0
Peter Lake,2001-08-28,2.0,,,,22.0
Peter Lake,2001-08-28,2.5,,,,22.0
Peter Lake,2001-08-28,3.0,,,,22.0
Peter Lake,2001-08-28,3.5,,,,20.1
Peter Lake,2001-08-28,4.0,,,,18.5
Peter Lake,2001-08-28,4.5,,,,15.2
Peter Lake,2001-08-28,5.0,,,,12.9
Peter Lake,2001-08-28,5.5,,,,10.2
Peter Lake,2001-08-28,6.0,,,,9.0
Peter Lake,2001-08-28,6.5,,,,7.7
Peter Lake,2001-08-28,7.0,,,,6.7
Peter Lake,2001-08-28,8.0,,,,5.7
Peter Lake,2001-08-28,9.0,,,,5.2
Peter Lake,2001-08-28,10.0,,,,4.9
Peter Lake,2001-08-28,11.0,,,,4.7
Peter Lake,2001-08-28,12.0,,,,4.6
Peter Lake,2001-08-28,,390.0285289,7.549014254,,
Peter Lake,2001-09-04,0.0,,,,22.2
Peter Lake,2001-09-04,0.5,,,,21.5
Peter Lake,2001-09-04,1.0,,,,20.9
Peter Lake,2001-09-04,1.5,,,,20.7
Peter Lake,2001-09-04,2.0,,,,20.6
Peter Lake,2001-09-04,2.5,,,,20.5
Peter Lake,2001-09-04,3.0,,,,20.4
Peter Lake,2001-09-04,3.5,,,,20.3
Peter Lake,2001-09-04,4.0,,,,19.5
Peter Lake,2001-09-04,4.5,,,,16.2
Peter Lake,2001-09-04,5.0,,,,13.2
Peter Lake,2001-09-04,5.5,,,,11.2
Peter Lake,2001-09-04,6.0,,,,9.1
Peter Lake,2001-09-04,6.5,,,,7.8
Peter Lake,2001-09-04,7.0,,,,7.0
Peter Lake,2001-09-04,8.0,,,,5.8
Peter Lake,2001-09-04,9.0,,,,5.2
Peter Lake,2001-09-04,10.0,,,,4.9
Peter Lake,2001-09-04,11.0,,,,4.7
Peter Lake,2001-09-04,12.0,,,,4.7
Peter Lake,2002-05-28,0.0,,,,16.3
Peter Lake,2002-05-28,0.25,,,,
Peter Lake,2002-05-28,0.5,,,,15.8
Peter Lake,2002-05-28,0.75,,,,
Peter Lake,2002-05-28,1.0,,,,15.3
Peter Lake,2002-05-28,1.5,,,,14.5
Peter Lake,2002-05-28,2.0,,,,13.8
Peter Lake,2002-05-28,2.5,,,,12.8
Peter Lake,2002-05-28,3.0,,,,10.8
Peter Lake,2002-05-28,3.5,,,,8.9
Peter Lake,2002-05-28,4.0,,,,7.7
Peter Lake,2002-05-28,4.5,,,,6.6
Peter Lake,2002-05-28,5.0,,,,6.0
Peter Lake,2002-05-28,5.5,,,,5.6
Peter Lake,2002-05-28,6.0,,,,4.9
Peter Lake,2002-05-28,6.5,,,,4.8
Peter Lake,2002-05-28,7.0,,,,4.8
Peter Lake,2002-05-28,8.0,,,,4.8
Peter Lake,2002-05-28,9.0,,,,4.6
Peter Lake,2002-05-28,10.0,,,,4.5
Peter Lake,2002-05-28,11.0,,,,4.4
Peter Lake,2002-05-28,12.0,,,,4.4
Peter Lake,2002-05-28,,460.4179091,16.0417282,,
Peter Lake,2002-06-03,0.0,,,,17.5
Peter Lake,2002-06-03,0.25,,,,
Peter Lake,2002-06-03,0.5,,,,17.5
Peter Lake,2002-06-03,0.75,,,,
Peter Lake,2002-06-03,1.0,,,,17.5
Peter Lake,2002-06-03,1.5,,,,17.5
Peter Lake,2002-06-03,2.0,,,,16.0
Peter Lake,2002-06-03,2.5,,,,13.8
Peter Lake,2002-06-03,3.0,,,,11.6
Peter Lake,2002-06-03,3.5,,,,9.6
Peter Lake,2002-06-03,4.0,,,,7.9
Peter Lake,2002-06-03,4.5,,,,7.1
Peter Lake,2002-06-03,5.0,,,,6.2
Peter Lake,2002-06-03,5.5,,,,5.5
Peter Lake,2002-06-03,6.0,,,,4.9
Peter Lake,2002-06-03,6.5,,,,4.9
Peter Lake,2002-06-03,7.0,,,,4.9
Peter Lake,2002-06-03,8.0,,,,4.9
Peter Lake,2002-06-03,9.0,,,,4.7
Peter Lake,2002-06-03,10.0,,,,4.4
Peter Lake,2002-06-03,11.0,,,,4.4
Peter Lake,2002-06-03,12.0,,,,4.4
Peter Lake,2002-06-03,,398.6903121,17.04741835,,
Peter Lake,2002-06-10,0.0,,,,19.5
Peter Lake,2002-06-10,0.25,,,,
Peter Lake,2002-06-10,0.5,,,,19.3
Peter Lake,2002-06-10,0.75,,,,
Peter Lake,2002-06-10,1.0,,,,19.0
Peter Lake,2002-06-10,1.5,,,,17.9
Peter Lake,2002-06-10,2.0,,,,16.1
Peter Lake,2002-06-10,2.5,,,,14.6
Peter Lake,2002-06-10,3.0,,,,11.6
Peter Lake,2002-06-10,3.5,,,,10.1
Peter Lake,2002-06-10,4.0,,,,8.6
Peter Lake,2002-06-10,4.5,,,,7.6
Peter Lake,2002-06-10,5.0,,,,6.6
Peter Lake,2002-06-10,5.5,,,,5.7
Peter Lake,2002-06-10,6.0,,,,5.1
Peter Lake,2002-06-10,6.5,,,,5.1
Peter Lake,2002-06-10,7.0,,,,5.0
Peter Lake,2002-06-10,8.0,,,,4.9
Peter Lake,2002-06-10,9.0,,,,4.7
Peter Lake,2002-06-10,10.0,,,,4.5
Peter Lake,2002-06-10,11.0,,,,4.4
Peter Lake,2002-06-10,12.0,,,,4.4
Peter Lake,2002-06-10,,590.378608,24.37299786,,
Peter Lake,2002-06-17,0.0,,,,18.4
Peter Lake,2002-06-17,0.25,,,,
Peter Lake,2002-06-17,0.5,,,,18.3
Peter Lake,2002-06-17,0.75,,,,
Peter Lake,2002-06-17,1.0,,,,18.2
Peter Lake,2002-06-17,1.5,,,,17.9
Peter Lake,2002-06-17,2.0,,,,17.6
Peter Lake,2002-06-17,2.5,,,,16.0
Peter Lake,2002-06-17,3.0,,,,13.5
Peter Lake,2002-06-17,3.5,,,,11.4
Peter Lake,2002-06-17,4.0,,,,9.2
Peter Lake,2002-06-17,4.5,,,,7.7
Peter Lake,2002-06-17,5.0,,,,6.9
Peter Lake,2002-06-17,5.5,,,,6.2
Peter Lake,2002-06-17,6.0,,,,5.4
Peter Lake,2002-06-17,6.5,,,,5.3
Peter Lake,2002-06-17,7.0,,,,5.2
Peter Lake,2002-06-17,8.0,,,,5.0
Peter Lake,2002-06-17,9.0,,,,4.8
Peter Lake,2002-06-17,10.0,,,,4.6
Peter Lake,2002-06-17,11.0,,,,4.5
Peter Lake,2002-06-17,12.0,,,,4.4
Peter Lake,2002-06-17,,651.0186578,33.61261408,,
Peter Lake,2002-06-24,0.0,,,,21.9
Peter Lake,2002-06-24,0.25,,,,
Peter Lake,2002-06-24,0.5,,,,21.8
Peter Lake,2002-06-24,0.75,,,,
Peter Lake,2002-06-24,1.0,,,,21.8
Peter Lake,2002-06-24,1.5,,,,20.9
Peter Lake,2002-06-24,2.0,,,,19.7
Peter Lake,2002-06-24,2.5,,,,17.6
Peter Lake,2002-06-24,3.0,,,,14.8
Peter Lake,2002-06-24,3.5,,,,12.1
Peter Lake,2002-06-24,4.0,,,,10.0
Peter Lake,2002-06-24,4.5,,,,8.3
Peter Lake,2002-06-24,5.0,,,,7.1
Peter Lake,2002-06-24,5.5,,,,6.2
Peter Lake,2002-06-24,6.0,,,,5.7
Peter Lake,2002-06-24,6.5,,,,5.5
Peter Lake,2002-06-24,7.0,,,,5.2
Peter Lake,2002-06-24,8.0,,,,5.0
Peter Lake,2002-06-24,9.0,,,,4.8
Peter Lake,2002-06-24,10.0,,,,4.6
Peter Lake,2002-06-24,11.0,,,,4.5
Peter Lake,2002-06-24,12.0,,,,4.4
Peter Lake,2002-06-24,,674.0075462,35.14590714,,
Peter Lake,2002-07-01,0.0,,,,27.0
Peter Lake,2002-07-01,0.25,,,,
Peter Lake,2002-07-01,0.5,,,,26.9
Peter Lake,2002-07-01,0.75,,,,
Peter Lake,2002-07-01,1.0,,,,26.8
Peter Lake,2002-07-01,1.5,,,,23.8
Peter Lake,2002-07-01,2.0,,,,20.3
Peter Lake,2002-07-01,2.5,,,,17.8
Peter Lake,2002-07-01,3.0,,,,14.3
Peter Lake,2002-07-01,3.5,,,,11.9
Peter Lake,2002-07-01,4.0,,,,9.9
Peter Lake,2002-07-01,4.5,,,,8.5
Peter Lake,2002-07-01,5.0,,,,7.2
Peter Lake,2002-07-01,5.5,,,,6.3
Peter Lake,2002-07-01,6.0,,,,5.9
Peter Lake,2002-07-01,6.5,,,,5.6
Peter Lake,2002-07-01,7.0,,,,5.3
Peter Lake,2002-07-01,8.0,,,,5.0
Peter Lake,2002-07-01,9.0,,,,4.9
Peter Lake,2002-07-01,10.0,,,,4.7
Peter Lake,2002-07-01,11.0,,,,4.6
Peter Lake,2002-07-01,12.0,,,,4.5
Peter Lake,2002-07-01,,709.6450156,32.94728093,,
Peter Lake,2002-07-08,0.0,,,,26.3
Peter Lake,2002-07-08,0.25,,,,
Peter Lake,2002-07-08,0.5,,,,26.3
Peter Lake,2002-07-08,0.75,,,,
Peter Lake,2002-07-08,1.0,,,,26.4
Peter Lake,2002-07-08,1.5,,,,25.5
Peter Lake,2002-07-08,2.0,,,,23.2
Peter Lake,2002-07-08,2.5,,,,18.5
Peter Lake,2002-07-08,3.0,,,,15.7
Peter Lake,2002-07-08,3.5,,,,12.8
Peter Lake,2002-07-08,4.0,,,,10.6
Peter Lake,2002-07-08,4.5,,,,8.7
Peter Lake,2002-07-08,5.0,,,,7.5
Peter Lake,2002-07-08,5.5,,,,6.6
Peter Lake,2002-07-08,6.0,,,,5.9
Peter Lake,2002-07-08,6.5,,,,5.6
Peter Lake,2002-07-08,7.0,,,,5.3
Peter Lake,2002-07-08,8.0,,,,4.9
Peter Lake,2002-07-08,9.0,,,,4.8
Peter Lake,2002-07-08,10.0,,,,4.6
Peter Lake,2002-07-08,11.0,,,,4.5
Peter Lake,2002-07-08,12.0,,,,4.4
Peter Lake,2002-07-08,,734.9383556,42.45428717,,
Peter Lake,2002-07-15,0.0,,,,25.8
Peter Lake,2002-07-15,0.25,,,,
Peter Lake,2002-07-15,0.5,,,,25.8
Peter Lake,2002-07-15,0.75,,,,
Peter Lake,2002-07-15,1.0,,,,25.7
Peter Lake,2002-07-15,1.5,,,,25.2
Peter Lake,2002-07-15,2.0,,,,23.7
Peter Lake,2002-07-15,2.5,,,,20.2
Peter Lake,2002-07-15,3.0,,,,16.1
Peter Lake,2002-07-15,3.5,,,,13.1
Peter Lake,2002-07-15,4.0,,,,10.9
Peter Lake,2002-07-15,4.5,,,,8.8
Peter Lake,2002-07-15,5.0,,,,7.4
Peter Lake,2002-07-15,5.5,,,,6.6
Peter Lake,2002-07-15,6.0,,,,6.0
Peter Lake,2002-07-15,6.5,,,,5.6
Peter Lake,2002-07-15,7.0,,,,5.4
Peter Lake,2002-07-15,8.0,,,,5.0
Peter Lake,2002-07-15,9.0,,,,4.8
Peter Lake,2002-07-15,10.0,,,,4.6
Peter Lake,2002-07-15,11.0,,,,4.5
Peter Lake,2002-07-15,12.0,,,,4.5
Peter Lake,2002-07-15,,607.1088957,19.47439329,,
Peter Lake,2002-07-22,0.0,,,,25.5
Peter Lake,2002-07-22,0.25,,,,
Peter Lake,2002-07-22,0.5,,,,25.5
Peter Lake,2002-07-22,0.75,,,,
Peter Lake,2002-07-22,1.0,,,,25.5
Peter Lake,2002-07-22,1.5,,,,25.4
Peter Lake,2002-07-22,2.0,,,,24.2
Peter Lake,2002-07-22,2.5,,,,19.5
Peter Lake,2002-07-22,3.0,,,,16.4
Peter Lake,2002-07-22,3.5,,,,13.8
Peter Lake,2002-07-22,4.0,,,,11.1
Peter Lake,2002-07-22,4.5,,,,9.4
Peter Lake,2002-07-22,5.0,,,,7.7
Peter Lake,2002-07-22,5.5,,,,6.8
Peter Lake,2002-07-22,6.0,,,,6.0
Peter Lake,2002-07-22,6.5,,,,5.6
Peter Lake,2002-07-22,7.0,,,,5.4
Peter Lake,2002-07-22,8.0,,,,5.1
Peter Lake,2002-07-22,9.0,,,,4.9
Peter Lake,2002-07-22,10.0,,,,4.7
Peter Lake,2002-07-22,11.0,,,,4.6
Peter Lake,2002-07-22,12.0,,,,4.5
Peter Lake,2002-07-22,,651.5083194,23.81164205,,
Peter Lake,2002-07-29,0.0,,,,25.1
Peter Lake,2002-07-29,0.25,,,,
Peter Lake,2002-07-29,0.5,,,,25.2
Peter Lake,2002-07-29,0.75,,,,
Peter Lake,2002-07-29,1.0,,,,25.1
Peter Lake,2002-07-29,1.5,,,,24.1
Peter Lake,2002-07-29,2.0,,,,23.3
Peter Lake,2002-07-29,2.5,,,,21.2
Peter Lake,2002-07-29,3.0,,,,17.5
Peter Lake,2002-07-29,3.5,,,,14.3
Peter Lake,2002-07-29,4.0,,,,11.4
Peter Lake,2002-07-29,4.5,,,,9.7
Peter Lake,2002-07-29,5.0,,,,8.3
Peter Lake,2002-07-29,5.5,,,,7.0
Peter Lake,2002-07-29,6.0,,,,6.4
Peter Lake,2002-07-29,6.5,,,,6.0
Peter Lake,2002-07-29,7.0,,,,5.5
Peter Lake,2002-07-29,8.0,,,,5.0
Peter Lake,2002-07-29,9.0,,,,4.8
Peter Lake,2002-07-29,10.0,,,,4.7
Peter Lake,2002-07-29,11.0,,,,4.6
Peter Lake,2002-07-29,12.0,,,,4.5
Peter Lake,2002-07-29,,793.7523383,27.0692612,,
Peter Lake,2002-08-05,0.0,,,,22.8
Peter Lake,2002-08-05,0.25,,,,
Peter Lake,2002-08-05,0.5,,,,22.8
Peter Lake,2002-08-05,0.75,,,,
Peter Lake,2002-08-05,1.0,,,,22.8
Peter Lake,2002-08-05,1.5,,,,22.8
Peter Lake,2002-08-05,2.0,,,,22.6
Peter Lake,2002-08-05,2.5,,,,21.7
Peter Lake,2002-08-05,3.0,,,,18.2
Peter Lake,2002-08-05,3.5,,,,14.8
Peter Lake,2002-08-05,4.0,,,,11.9
Peter Lake,2002-08-05,4.5,,,,10.1
Peter Lake,2002-08-05,5.0,,,,8.5
Peter Lake,2002-08-05,5.5,,,,7.2
Peter Lake,2002-08-05,6.0,,,,6.4
Peter Lake,2002-08-05,6.5,,,,5.8
Peter Lake,2002-08-05,7.0,,,,5.4
Peter Lake,2002-08-05,8.0,,,,5.0
Peter Lake,2002-08-05,9.0,,,,4.8
Peter Lake,2002-08-05,10.0,,,,4.7
Peter Lake,2002-08-05,11.0,,,,4.6
Peter Lake,2002-08-05,12.0,,,,4.5
Peter Lake,2002-08-05,,721.8497671,25.19808914,,
Peter Lake,2002-08-12,0.0,,,,23.4
Peter Lake,2002-08-12,0.25,,,,
Peter Lake,2002-08-12,0.5,,,,23.4
Peter Lake,2002-08-12,0.75,,,,
Peter Lake,2002-08-12,1.0,,,,23.4
Peter Lake,2002-08-12,1.5,,,,23.2
Peter Lake,2002-08-12,2.5,,,,22.9
Peter Lake,2002-08-12,3.0,,,,21.1
Peter Lake,2002-08-12,3.5,,,,18.3
Peter Lake,2002-08-12,4.0,,,,15.0
Peter Lake,2002-08-12,4.5,,,,12.0
Peter Lake,2002-08-12,5.0,,,,10.2
Peter Lake,2002-08-12,5.5,,,,8.4
Peter Lake,2002-08-12,6.0,,,,7.4
Peter Lake,2002-08-12,6.5,,,,6.5
Peter Lake,2002-08-12,7.0,,,,5.9
Peter Lake,2002-08-12,8.0,,,,5.5
Peter Lake,2002-08-12,9.0,,,,5.2
Peter Lake,2002-08-12,10.0,,,,4.9
Peter Lake,2002-08-12,11.0,,,,4.7
Peter Lake,2002-08-12,12.0,,,,4.6
Peter Lake,2002-08-12,,750.6194138,26.06496193,,
Peter Lake,2002-08-19,0.0,,,,20.4
Peter Lake,2002-08-19,0.25,,,,
Peter Lake,2002-08-19,0.5,,,,20.5
Peter Lake,2002-08-19,0.75,,,,
Peter Lake,2002-08-19,1.0,,,,20.5
Peter Lake,2002-08-19,1.5,,,,20.5
Peter Lake,2002-08-19,2.0,,,,20.4
Peter Lake,2002-08-19,2.5,,,,20.4
Peter Lake,2002-08-19,3.0,,,,19.5
Peter Lake,2002-08-19,3.5,,,,15.4
Peter Lake,2002-08-19,4.0,,,,13.1
Peter Lake,2002-08-19,4.5,,,,10.3
Peter Lake,2002-08-19,5.0,,,,8.9
Peter Lake,2002-08-19,5.5,,,,7.9
Peter Lake,2002-08-19,6.0,,,,6.9
Peter Lake,2002-08-19,6.5,,,,6.0
Peter Lake,2002-08-19,7.0,,,,5.6
Peter Lake,2002-08-19,8.0,,,,5.3
Peter Lake,2002-08-19,9.0,,,,5.0
Peter Lake,2002-08-19,10.0,,,,4.8
Peter Lake,2002-08-19,11.0,,,,4.6
Peter Lake,2002-08-19,12.0,,,,4.6
Peter Lake,2002-08-19,,678.3517135,33.76679836,,
Peter Lake,2002-08-26,0.0,,,,21.6
Peter Lake,2002-08-26,0.25,,,,
Peter Lake,2002-08-26,0.5,,,,21.5
Peter Lake,2002-08-26,0.75,,,,
Peter Lake,2002-08-26,1.0,,,,21.5
Peter Lake,2002-08-26,1.5,,,,21.1
Peter Lake,2002-08-26,2.0,,,,20.7
Peter Lake,2002-08-26,2.5,,,,20.3
Peter Lake,2002-08-26,3.0,,,,19.0
Peter Lake,2002-08-26,3.5,,,,16.0
Peter Lake,2002-08-26,4.0,,,,13.3
Peter Lake,2002-08-26,4.5,,,,11.0
Peter Lake,2002-08-26,5.0,,,,9.2
Peter Lake,2002-08-26,5.5,,,,7.8
Peter Lake,2002-08-26,6.0,,,,6.9
Peter Lake,2002-08-26,6.5,,,,6.3
Peter Lake,2002-08-26,7.0,,,,5.8
Peter Lake,2002-08-26,8.0,,,,5.2
Peter Lake,2002-08-26,9.0,,,,4.9
Peter Lake,2002-08-26,10.0,,,,4.7
Peter Lake,2002-08-26,11.0,,,,4.6
Peter Lake,2002-08-26,12.0,,,,4.6
Peter Lake,2002-08-26,,641.6547368,21.78729241,,
Peter Lake,2002-09-03,0.0,,,,21.5
Peter Lake,2002-09-03,0.25,,,,
Peter Lake,2002-09-03,0.5,,,,21.5
Peter Lake,2002-09-03,0.75,,,,
Peter Lake,2002-09-03,1.0,,,,21.4
Peter Lake,2002-09-03,1.5,,,,21.4
Peter Lake,2002-09-03,2.0,,,,21.3
Peter Lake,2002-09-03,2.5,,,,21.2
Peter Lake,2002-09-03,3.0,,,,19.6
Peter Lake,2002-09-03,3.5,,,,15.9
Peter Lake,2002-09-03,4.0,,,,13.7
Peter Lake,2002-09-03,4.5,,,,11.5
Peter Lake,2002-09-03,5.0,,,,9.4
Peter Lake,2002-09-03,5.5,,,,7.9
Peter Lake,2002-09-03,6.0,,,,7.0
Peter Lake,2002-09-03,6.5,,,,6.3
Peter Lake,2002-09-03,7.0,,,,5.8
Peter Lake,2002-09-03,8.0,,,,5.2
Peter Lake,2002-09-03,9.0,,,,5.0
Peter Lake,2002-09-03,10.0,,,,4.8
Peter Lake,2002-09-03,11.0,,,,4.7
Peter Lake,2002-09-03,12.0,,,,4.6
Peter Lake,2002-09-03,,549.6213663,14.45818167,,
Peter Lake,2002-09-09,0.0,,,,23.7
Peter Lake,2002-09-09,0.5,,,,23.1
Peter Lake,2002-09-09,1.0,,,,22.8
Peter Lake,2002-09-09,1.5,,,,21.3
Peter Lake,2002-09-09,2.0,,,,20.8
Peter Lake,2002-09-09,2.5,,,,20.6
Peter Lake,2002-09-09,3.0,,,,19.7
Peter Lake,2002-09-09,3.5,,,,17.0
Peter Lake,2002-09-09,4.0,,,,13.8
Peter Lake,2002-09-09,4.5,,,,11.3
Peter Lake,2002-09-09,5.0,,,,9.3
Peter Lake,2002-09-09,5.5,,,,8.1
Peter Lake,2002-09-09,6.0,,,,7.2
Peter Lake,2002-09-09,6.5,,,,6.3
Peter Lake,2002-09-09,7.0,,,,5.9
Peter Lake,2002-09-09,8.0,,,,5.3
Peter Lake,2002-09-09,9.0,,,,5.0
Peter Lake,2002-09-09,10.0,,,,4.8
Peter Lake,2002-09-09,11.0,,,,4.7
Peter Lake,2002-09-09,12.0,,,,4.7
Peter Lake,2002-10-12,0.0,,,,11.5
Peter Lake,2002-10-12,0.5,,,,11.5
Peter Lake,2002-10-12,1.0,,,,11.5
Peter Lake,2002-10-12,1.5,,,,11.5
Peter Lake,2002-10-12,2.0,,,,11.5
Peter Lake,2002-10-12,2.5,,,,11.5
Peter Lake,2002-10-12,3.0,,,,11.5
Peter Lake,2002-10-12,3.5,,,,11.1
Peter Lake,2002-10-12,4.0,,,,11.0
Peter Lake,2002-10-12,4.5,,,,11.0
Peter Lake,2002-10-12,5.0,,,,10.5
Peter Lake,2002-10-12,5.5,,,,10.1
Peter Lake,2002-10-12,6.0,,,,8.5
Peter Lake,2002-10-12,6.5,,,,7.1
Peter Lake,2002-10-12,7.0,,,,6.2
Peter Lake,2002-10-12,8.0,,,,5.6
Peter Lake,2002-10-12,9.0,,,,5.1
Peter Lake,2002-10-12,10.0,,,,4.9
Peter Lake,2002-10-12,11.0,,,,4.8
Peter Lake,2002-10-12,12.0,,,,4.8
Peter Lake,2002-11-02,0.0,,,,4.6
Peter Lake,2002-11-02,0.5,,,,4.6
Peter Lake,2002-11-02,1.0,,,,4.6
Peter Lake,2002-11-02,1.5,,,,4.6
Peter Lake,2002-11-02,2.0,,,,4.6
Peter Lake,2002-11-02,2.5,,,,4.6
Peter Lake,2002-11-02,3.0,,,,4.6
Peter Lake,2002-11-02,3.5,,,,4.6
Peter Lake,2002-11-02,4.0,,,,4.6
Peter Lake,2002-11-02,4.5,,,,4.6
Peter Lake,2002-11-02,5.0,,,,4.6
Peter Lake,2002-11-02,5.5,,,,4.6
Peter Lake,2002-11-02,6.0,,,,4.6
Peter Lake,2002-11-02,6.5,,,,4.6
Peter Lake,2002-11-02,7.0,,,,4.6
Peter Lake,2002-11-02,8.0,,,,4.6
Peter Lake,2002-11-02,9.0,,,,4.6
Peter Lake,2002-11-02,10.0,,,,4.6
Peter Lake,2002-11-02,11.0,,,,4.6
Peter Lake,2002-11-02,12.0,,,,4.6
Peter Lake,2003-05-27,0.0,,,,17.0
Peter Lake,2003-05-27,0.25,,,,
Peter Lake,2003-05-27,0.5,,,,16.9
Peter Lake,2003-05-27,0.75,,,,
Peter Lake,2003-05-27,1.0,,,,16.7
Peter Lake,2003-05-27,1.5,,,,16.6
Peter Lake,2003-05-27,2.0,,,,15.8
Peter Lake,2003-05-27,2.5,,,,13.7
Peter Lake,2003-05-27,3.0,,,,11.2
Peter Lake,2003-05-27,3.5,,,,9.2
Peter Lake,2003-05-27,4.0,,,,7.8
Peter Lake,2003-05-27,4.5,,,,6.7
Peter Lake,2003-05-27,5.0,,,,6.1
Peter Lake,2003-05-27,5.5,,,,5.4
Peter Lake,2003-05-27,6.0,,,,5.1
Peter Lake,2003-05-27,6.5,,,,4.9
Peter Lake,2003-05-27,7.0,,,,4.6
Peter Lake,2003-05-27,8.0,,,,4.5
Peter Lake,2003-05-27,9.0,,,,4.4
Peter Lake,2003-05-27,10.0,,,,4.4
Peter Lake,2003-05-27,11.0,,,,4.4
Peter Lake,2003-05-27,12.0,,,,4.4
Peter Lake,2003-05-27,,391.0485333,10.59743341,,
Peter Lake,2003-06-02,0.0,,,,16.4
Peter Lake,2003-06-02,0.25,,,,
Peter Lake,2003-06-02,0.5,,,,16.4
Peter Lake,2003-06-02,0.75,,,,
Peter Lake,2003-06-02,1.0,,,,16.2
Peter Lake,2003-06-02,1.5,,,,16.2
Peter Lake,2003-06-02,2.0,,,,16.1
Peter Lake,2003-06-02,2.5,,,,14.4
Peter Lake,2003-06-02,3.0,,,,12.5
Peter Lake,2003-06-02,3.5,,,,10.4
Peter Lake,2003-06-02,4.0,,,,8.8
Peter Lake,2003-06-02,4.5,,,,7.4
Peter Lake,2003-06-02,5.0,,,,5.8
Peter Lake,2003-06-02,5.5,,,,5.4
Peter Lake,2003-06-02,6.0,,,,5.3
Peter Lake,2003-06-02,6.5,,,,5.0
Peter Lake,2003-06-02,7.0,,,,4.8
Peter Lake,2003-06-02,8.0,,,,4.6
Peter Lake,2003-06-02,9.0,,,,4.5
Peter Lake,2003-06-02,10.0,,,,4.5
Peter Lake,2003-06-02,11.0,,,,4.5
Peter Lake,2003-06-02,12.0,,,,4.5
Peter Lake,2003-06-02,,385.3425403,9.37408078,,
Peter Lake,2003-06-09,0.0,,,,17.5
Peter Lake,2003-06-09,0.25,,,,
Peter Lake,2003-06-09,0.5,,,,17.5
Peter Lake,2003-06-09,0.75,,,,
Peter Lake,2003-06-09,1.0,,,,17.3
Peter Lake,2003-06-09,1.5,,,,17.3
Peter Lake,2003-06-09,2.0,,,,17.3
Peter Lake,2003-06-09,2.5,,,,15.6
Peter Lake,2003-06-09,3.0,,,,13.1
Peter Lake,2003-06-09,3.5,,,,10.9
Peter Lake,2003-06-09,4.0,,,,9.0
Peter Lake,2003-06-09,4.5,,,,7.8
Peter Lake,2003-06-09,5.0,,,,6.7
Peter Lake,2003-06-09,5.5,,,,6.3
Peter Lake,2003-06-09,6.0,,,,5.6
Peter Lake,2003-06-09,6.5,,,,5.1
Peter Lake,2003-06-09,7.0,,,,4.9
Peter Lake,2003-06-09,8.0,,,,4.7
Peter Lake,2003-06-09,9.0,,,,4.5
Peter Lake,2003-06-09,10.0,,,,4.5
Peter Lake,2003-06-09,11.0,,,,4.5
Peter Lake,2003-06-09,12.0,,,,4.5
Peter Lake,2003-06-09,,385.1943327,6.595377554,,
Peter Lake,2003-06-16,0.0,,,,21.2
Peter Lake,2003-06-16,0.25,,,,
Peter Lake,2003-06-16,0.5,,,,21.1
Peter Lake,2003-06-16,0.75,,,,
Peter Lake,2003-06-16,1.0,,,,20.9
Peter Lake,2003-06-16,1.5,,,,20.5
Peter Lake,2003-06-16,2.0,,,,19.5
Peter Lake,2003-06-16,2.5,,,,17.6
Peter Lake,2003-06-16,3.0,,,,15.2
Peter Lake,2003-06-16,3.5,,,,12.3
Peter Lake,2003-06-16,4.0,,,,10.4
Peter Lake,2003-06-16,4.5,,,,8.4
Peter Lake,2003-06-16,5.0,,,,7.5
Peter Lake,2003-06-16,5.5,,,,6.2
Peter Lake,2003-06-16,6.0,,,,5.7
Peter Lake,2003-06-16,6.5,,,,5.2
Peter Lake,2003-06-16,7.0,,,,5.0
Peter Lake,2003-06-16,8.0,,,,4.7
Peter Lake,2003-06-16,9.0,,,,4.6
Peter Lake,2003-06-16,10.0,,,,4.5
Peter Lake,2003-06-16,11.0,,,,4.5
Peter Lake,2003-06-16,12.0,,,,4.5
Peter Lake,2003-06-16,,381.7855576,9.71192214,,
Peter Lake,2003-06-23,0.0,,,,22.8
Peter Lake,2003-06-23,0.25,,,,
Peter Lake,2003-06-23,0.5,,,,22.9
Peter Lake,2003-06-23,0.75,,,,
Peter Lake,2003-06-23,1.0,,,,22.9
Peter Lake,2003-06-23,1.5,,,,22.9
Peter Lake,2003-06-23,2.0,,,,22.0
Peter Lake,2003-06-23,2.5,,,,20.0
Peter Lake,2003-06-23,3.0,,,,16.6
Peter Lake,2003-06-23,3.5,,,,14.1
Peter Lake,2003-06-23,4.0,,,,11.7
Peter Lake,2003-06-23,4.5,,,,9.6
Peter Lake,2003-06-23,5.0,,,,8.1
Peter Lake,2003-06-23,5.5,,,,6.7
Peter Lake,2003-06-23,6.0,,,,6.1
Peter Lake,2003-06-23,6.5,,,,5.5
Peter Lake,2003-06-23,7.0,,,,5.3
Peter Lake,2003-06-23,8.0,,,,4.8
Peter Lake,2003-06-23,9.0,,,,4.6
Peter Lake,2003-06-23,10.0,,,,4.5
Peter Lake,2003-06-23,11.0,,,,4.5
Peter Lake,2003-06-23,12.0,,,,4.5
Peter Lake,2003-06-23,,359.1097932,8.553936068,,
Peter Lake,2003-06-30,0.0,,,,20.4
Peter Lake,2003-06-30,0.25,,,,
Peter Lake,2003-06-30,0.5,,,,20.2
Peter Lake,2003-06-30,0.75,,,,
Peter Lake,2003-06-30,1.0,,,,19.9
Peter Lake,2003-06-30,1.5,,,,19.9
Peter Lake,2003-06-30,2.0,,,,19.8
Peter Lake,2003-06-30,2.5,,,,19.8
Peter Lake,2003-06-30,3.0,,,,17.9
Peter Lake,2003-06-30,3.5,,,,14.4
Peter Lake,2003-06-30,4.0,,,,11.7
Peter Lake,2003-06-30,4.5,,,,9.7
Peter Lake,2003-06-30,5.0,,,,8.2
Peter Lake,2003-06-30,5.5,,,,7.5
Peter Lake,2003-06-30,6.0,,,,6.0
Peter Lake,2003-06-30,6.5,,,,5.6
Peter Lake,2003-06-30,7.0,,,,5.3
Peter Lake,2003-06-30,8.0,,,,4.8
Peter Lake,2003-06-30,9.0,,,,4.6
Peter Lake,2003-06-30,10.0,,,,4.5
Peter Lake,2003-06-30,11.0,,,,4.5
Peter Lake,2003-06-30,12.0,,,,4.5
Peter Lake,2003-06-30,,417.7259033,9.567238112,,
Peter Lake,2003-07-07,0.0,,,,24.5
Peter Lake,2003-07-07,0.25,,,,
Peter Lake,2003-07-07,0.5,,,,24.5
Peter Lake,2003-07-07,0.75,,,,
Peter Lake,2003-07-07,1.0,,,,24.5
Peter Lake,2003-07-07,1.5,,,,24.5
Peter Lake,2003-07-07,2.0,,,,23.1
Peter Lake,2003-07-07,2.5,,,,21.5
Peter Lake,2003-07-07,3.0,,,,18.4
Peter Lake,2003-07-07,3.5,,,,15.7
Peter Lake,2003-07-07,4.0,,,,12.8
Peter Lake,2003-07-07,4.5,,,,10.3
Peter Lake,2003-07-07,5.0,,,,8.8
Peter Lake,2003-07-07,5.5,,,,7.6
Peter Lake,2003-07-07,6.0,,,,6.8
Peter Lake,2003-07-07,6.5,,,,6.0
Peter Lake,2003-07-07,7.0,,,,5.5
Peter Lake,2003-07-07,8.0,,,,4.9
Peter Lake,2003-07-07,9.0,,,,4.7
Peter Lake,2003-07-07,10.0,,,,4.6
Peter Lake,2003-07-07,11.0,,,,4.5
Peter Lake,2003-07-07,12.0,,,,4.5
Peter Lake,2003-07-07,,356.886679,8.537932141,,
Peter Lake,2003-07-14,0.0,,,,22.5
Peter Lake,2003-07-14,0.25,,,,
Peter Lake,2003-07-14,0.5,,,,22.5
Peter Lake,2003-07-14,0.75,,,,
Peter Lake,2003-07-14,1.0,,,,22.5
Peter Lake,2003-07-14,1.5,,,,22.2
Peter Lake,2003-07-14,2.0,,,,21.9
Peter Lake,2003-07-14,2.5,,,,21.5
Peter Lake,2003-07-14,3.0,,,,20.6
Peter Lake,2003-07-14,3.5,,,,16.6
Peter Lake,2003-07-14,4.0,,,,13.5
Peter Lake,2003-07-14,4.5,,,,11.4
Peter Lake,2003-07-14,5.0,,,,9.6
Peter Lake,2003-07-14,5.5,,,,8.0
Peter Lake,2003-07-14,6.0,,,,6.7
Peter Lake,2003-07-14,6.5,,,,5.9
Peter Lake,2003-07-14,7.0,,,,5.6
Peter Lake,2003-07-14,8.0,,,,5.0
Peter Lake,2003-07-14,9.0,,,,4.7
Peter Lake,2003-07-14,10.0,,,,4.6
Peter Lake,2003-07-14,11.0,,,,4.6
Peter Lake,2003-07-14,12.0,,,,4.5
Peter Lake,2003-07-14,,401.5712737,13.88970136,,
Peter Lake,2003-07-21,0.0,,,,23.0
Peter Lake,2003-07-21,0.25,,,,
Peter Lake,2003-07-21,0.5,,,,23.1
Peter Lake,2003-07-21,0.75,,,,
Peter Lake,2003-07-21,1.0,,,,23.1
Peter Lake,2003-07-21,1.5,,,,23.1
Peter Lake,2003-07-21,2.0,,,,23.1
Peter Lake,2003-07-21,2.5,,,,22.7
Peter Lake,2003-07-21,3.0,,,,21.3
Peter Lake,2003-07-21,3.5,,,,17.6
Peter Lake,2003-07-21,4.0,,,,15.1
Peter Lake,2003-07-21,4.5,,,,12.0
Peter Lake,2003-07-21,5.0,,,,9.6
Peter Lake,2003-07-21,5.5,,,,8.4
Peter Lake,2003-07-21,6.0,,,,7.2
Peter Lake,2003-07-21,6.5,,,,6.4
Peter Lake,2003-07-21,7.0,,,,6.0
Peter Lake,2003-07-21,8.0,,,,5.0
Peter Lake,2003-07-21,9.0,,,,4.7
Peter Lake,2003-07-21,10.0,,,,4.6
Peter Lake,2003-07-21,11.0,,,,4.6
Peter Lake,2003-07-21,12.0,,,,4.6
Peter Lake,2003-07-21,,385.1943327,10.67808371,,
Peter Lake,2003-07-22,0.0,,,,21.8
Peter Lake,2003-07-22,0.5,,,,21.8
Peter Lake,2003-07-22,1.0,,,,21.8
Peter Lake,2003-07-22,1.5,,,,21.7
Peter Lake,2003-07-22,2.0,,,,21.7
Peter Lake,2003-07-22,2.5,,,,21.7
Peter Lake,2003-07-22,3.0,,,,21.5
Peter Lake,2003-07-22,3.5,,,,18.0
Peter Lake,2003-07-22,4.0,,,,15.2
Peter Lake,2003-07-22,4.5,,,,12.2
Peter Lake,2003-07-22,5.0,,,,10.1
Peter Lake,2003-07-22,5.5,,,,8.3
Peter Lake,2003-07-22,6.0,,,,7.1
Peter Lake,2003-07-24,0.0,,,,22.8
Peter Lake,2003-07-24,0.5,,,,22.3
Peter Lake,2003-07-24,1.0,,,,22.1
Peter Lake,2003-07-24,1.5,,,,21.9
Peter Lake,2003-07-24,2.0,,,,21.8
Peter Lake,2003-07-24,2.5,,,,21.6
Peter Lake,2003-07-24,3.0,,,,21.3
Peter Lake,2003-07-24,3.5,,,,18.5
Peter Lake,2003-07-24,4.0,,,,15.1
Peter Lake,2003-07-24,4.5,,,,12.0
Peter Lake,2003-07-24,5.0,,,,10.0
Peter Lake,2003-07-24,5.5,,,,8.6
Peter Lake,2003-07-24,6.0,,,,7.1
Peter Lake,2003-07-28,0.0,,,,23.0
Peter Lake,2003-07-28,0.25,,,,
Peter Lake,2003-07-28,0.5,,,,22.9
Peter Lake,2003-07-28,0.75,,,,
Peter Lake,2003-07-28,1.0,,,,22.8
Peter Lake,2003-07-28,1.5,,,,22.8
Peter Lake,2003-07-28,2.0,,,,22.8
Peter Lake,2003-07-28,2.5,,,,22.7
Peter Lake,2003-07-28,3.0,,,,21.9
Peter Lake,2003-07-28,3.5,,,,18.5
Peter Lake,2003-07-28,4.0,,,,15.4
Peter Lake,2003-07-28,4.5,,,,12.7
Peter Lake,2003-07-28,5.0,,,,10.0
Peter Lake,2003-07-28,5.5,,,,8.3
Peter Lake,2003-07-28,6.0,,,,7.1
Peter Lake,2003-07-28,6.5,,,,6.3
Peter Lake,2003-07-28,7.0,,,,5.9
Peter Lake,2003-07-28,8.0,,,,5.2
Peter Lake,2003-07-28,9.0,,,,4.8
Peter Lake,2003-07-28,10.0,,,,4.7
Peter Lake,2003-07-28,11.0,,,,4.6
Peter Lake,2003-07-28,12.0,,,,4.6
Peter Lake,2003-07-28,,402.2382079,6.771828797,,
Peter Lake,2003-07-29,0.0,,,,22.8
Peter Lake,2003-07-29,0.5,,,,22.7
Peter Lake,2003-07-29,1.0,,,,22.7
Peter Lake,2003-07-29,1.5,,,,22.7
Peter Lake,2003-07-29,2.0,,,,22.6
Peter Lake,2003-07-29,2.5,,,,22.6
Peter Lake,2003-07-29,3.0,,,,21.5
Peter Lake,2003-07-29,3.5,,,,18.5
Peter Lake,2003-07-29,4.0,,,,15.6
Peter Lake,2003-07-29,4.5,,,,12.5
Peter Lake,2003-07-29,5.0,,,,10.5
Peter Lake,2003-07-29,5.5,,,,8.5
Peter Lake,2003-07-29,6.0,,,,7.1
Peter Lake,2003-07-30,0.0,,,,25.7
Peter Lake,2003-07-30,0.5,,,,24.4
Peter Lake,2003-07-30,1.0,,,,23.8
Peter Lake,2003-07-30,1.5,,,,23.5
Peter Lake,2003-07-30,2.0,,,,23.4
Peter Lake,2003-07-30,2.5,,,,23.2
Peter Lake,2003-07-30,3.0,,,,21.6
Peter Lake,2003-07-30,3.5,,,,20.0
Peter Lake,2003-07-30,4.0,,,,15.8
Peter Lake,2003-07-30,4.5,,,,13.1
Peter Lake,2003-07-30,5.0,,,,10.7
Peter Lake,2003-07-30,5.5,,,,8.8
Peter Lake,2003-07-30,6.0,,,,7.8
Peter Lake,2003-07-31,0.0,,,,23.6
Peter Lake,2003-07-31,0.5,,,,23.6
Peter Lake,2003-07-31,1.0,,,,23.5
Peter Lake,2003-07-31,1.5,,,,23.4
Peter Lake,2003-07-31,2.0,,,,23.3
Peter Lake,2003-07-31,2.5,,,,23.3
Peter Lake,2003-07-31,3.0,,,,21.7
Peter Lake,2003-07-31,3.5,,,,19.3
Peter Lake,2003-07-31,4.0,,,,16.2
Peter Lake,2003-07-31,4.5,,,,12.8
Peter Lake,2003-07-31,5.0,,,,10.6
Peter Lake,2003-07-31,5.5,,,,8.9
Peter Lake,2003-07-31,6.0,,,,7.6
Peter Lake,2003-08-04,0.0,,,,22.7
Peter Lake,2003-08-04,0.25,,,,
Peter Lake,2003-08-04,0.5,,,,22.8
Peter Lake,2003-08-04,0.75,,,,
Peter Lake,2003-08-04,1.0,,,,22.8
Peter Lake,2003-08-04,1.5,,,,22.8
Peter Lake,2003-08-04,2.0,,,,22.7
Peter Lake,2003-08-04,2.5,,,,22.7
Peter Lake,2003-08-04,3.0,,,,22.6
Peter Lake,2003-08-04,3.5,,,,18.9
Peter Lake,2003-08-04,4.0,,,,16.0
Peter Lake,2003-08-04,4.5,,,,13.1
Peter Lake,2003-08-04,5.0,,,,11.0
Peter Lake,2003-08-04,5.5,,,,8.8
Peter Lake,2003-08-04,6.0,,,,7.3
Peter Lake,2003-08-04,6.5,,,,6.7
Peter Lake,2003-08-04,7.0,,,,6.0
Peter Lake,2003-08-04,8.0,,,,5.2
Peter Lake,2003-08-04,9.0,,,,4.9
Peter Lake,2003-08-04,10.0,,,,4.7
Peter Lake,2003-08-04,11.0,,,,4.6
Peter Lake,2003-08-04,12.0,,,,4.6
Peter Lake,2003-08-04,,395.8652807,8.956186651,,
Peter Lake,2003-08-11,0.0,,,,23.4
Peter Lake,2003-08-11,0.25,,,,
Peter Lake,2003-08-11,0.5,,,,23.5
Peter Lake,2003-08-11,0.75,,,,
Peter Lake,2003-08-11,1.0,,,,23.4
Peter Lake,2003-08-11,1.5,,,,23.4
Peter Lake,2003-08-11,2.0,,,,23.4
Peter Lake,2003-08-11,2.5,,,,23.4
Peter Lake,2003-08-11,3.0,,,,23.3
Peter Lake,2003-08-11,3.5,,,,20.7
Peter Lake,2003-08-11,4.0,,,,17.5
Peter Lake,2003-08-11,4.5,,,,14.2
Peter Lake,2003-08-11,5.0,,,,11.4
Peter Lake,2003-08-11,5.5,,,,9.6
Peter Lake,2003-08-11,6.0,,,,8.1
Peter Lake,2003-08-11,6.5,,,,7.1
Peter Lake,2003-08-11,7.0,,,,6.4
Peter Lake,2003-08-11,8.0,,,,5.2
Peter Lake,2003-08-11,9.0,,,,4.9
Peter Lake,2003-08-11,10.0,,,,4.7
Peter Lake,2003-08-11,11.0,,,,4.6
Peter Lake,2003-08-11,12.0,,,,4.6
Peter Lake,2003-08-11,,377.3393293,7.927395675,,
Peter Lake,2003-08-14,0.0,,,,23.9
Peter Lake,2003-08-14,0.5,,,,23.8
Peter Lake,2003-08-14,1.0,,,,23.7
Peter Lake,2003-08-14,1.5,,,,23.7
Peter Lake,2003-08-14,2.0,,,,23.5
Peter Lake,2003-08-14,2.5,,,,23.3
Peter Lake,2003-08-14,3.0,,,,22.9
Peter Lake,2003-08-14,3.5,,,,20.8
Peter Lake,2003-08-14,4.0,,,,17.7
Peter Lake,2003-08-14,4.5,,,,14.4
Peter Lake,2003-08-14,5.0,,,,11.7
Peter Lake,2003-08-14,5.5,,,,9.8
Peter Lake,2003-08-14,6.0,,,,8.2
Peter Lake,2003-08-18,0.0,,,,24.9
Peter Lake,2003-08-18,0.25,,,,
Peter Lake,2003-08-18,0.5,,,,24.9
Peter Lake,2003-08-18,0.75,,,,
Peter Lake,2003-08-18,1.0,,,,24.9
Peter Lake,2003-08-18,1.5,,,,24.9
Peter Lake,2003-08-18,2.0,,,,24.8
Peter Lake,2003-08-18,2.5,,,,24.7
Peter Lake,2003-08-18,3.0,,,,23.3
Peter Lake,2003-08-18,3.5,,,,20.7
Peter Lake,2003-08-18,4.0,,,,17.3
Peter Lake,2003-08-18,4.5,,,,14.9
Peter Lake,2003-08-18,5.0,,,,12.6
Peter Lake,2003-08-18,5.5,,,,10.1
Peter Lake,2003-08-18,6.0,,,,8.2
Peter Lake,2003-08-18,6.5,,,,7.2
Peter Lake,2003-08-18,7.0,,,,6.4
Peter Lake,2003-08-18,8.0,,,,5.3
Peter Lake,2003-08-18,9.0,,,,4.9
Peter Lake,2003-08-18,10.0,,,,4.7
Peter Lake,2003-08-18,11.0,,,,4.6
Peter Lake,2003-08-18,12.0,,,,4.6
Peter Lake,2003-08-18,,374.0046581,8.811366606,,
Peter Lake,2003-08-21,0.0,,,,24.8
Peter Lake,2003-08-21,0.5,,,,24.9
Peter Lake,2003-08-21,1.0,,,,24.9
Peter Lake,2003-08-21,1.5,,,,24.9
Peter Lake,2003-08-21,2.0,,,,24.9
Peter Lake,2003-08-21,2.5,,,,24.9
Peter Lake,2003-08-21,3.0,,,,24.0
Peter Lake,2003-08-21,3.5,,,,21.5
Peter Lake,2003-08-21,4.0,,,,18.6
Peter Lake,2003-08-21,4.5,,,,15.4
Peter Lake,2003-08-21,5.0,,,,12.5
Peter Lake,2003-08-21,5.5,,,,10.2
Peter Lake,2003-08-21,6.0,,,,8.5
Peter Lake,2003-08-25,0.0,,,,23.6
Peter Lake,2003-08-25,0.25,,,,
Peter Lake,2003-08-25,0.5,,,,23.6
Peter Lake,2003-08-25,0.75,,,,
Peter Lake,2003-08-25,1.0,,,,23.5
Peter Lake,2003-08-25,1.5,,,,23.4
Peter Lake,2003-08-25,2.0,,,,23.3
Peter Lake,2003-08-25,2.5,,,,23.1
Peter Lake,2003-08-25,3.0,,,,23.0
Peter Lake,2003-08-25,3.5,,,,22.0
Peter Lake,2003-08-25,4.0,,,,18.7
Peter Lake,2003-08-25,4.5,,,,15.4
Peter Lake,2003-08-25,5.0,,,,12.8
Peter Lake,2003-08-25,5.5,,,,10.5
Peter Lake,2003-08-25,6.0,,,,8.8
Peter Lake,2003-08-25,6.5,,,,7.3
Peter Lake,2003-08-25,7.0,,,,6.8
Peter Lake,2003-08-25,8.0,,,,5.3
Peter Lake,2003-08-25,9.0,,,,4.8
Peter Lake,2003-08-25,10.0,,,,4.7
Peter Lake,2003-08-25,11.0,,,,4.6
Peter Lake,2003-08-25,12.0,,,,4.6
Peter Lake,2003-08-25,,385.4166441,8.570539272,,
Peter Lake,2004-05-26,0.0,,,,12.5
Peter Lake,2004-05-26,0.25,,,,
Peter Lake,2004-05-26,0.5,,,,12.5
Peter Lake,2004-05-26,0.75,,,,
Peter Lake,2004-05-26,1.0,,,,12.3
Peter Lake,2004-05-26,1.5,,,,12.3
Peter Lake,2004-05-26,2.0,,,,12.2
Peter Lake,2004-05-26,2.5,,,,12.0
Peter Lake,2004-05-26,3.0,,,,11.5
Peter Lake,2004-05-26,3.5,,,,8.5
Peter Lake,2004-05-26,4.0,,,,6.8
Peter Lake,2004-05-26,4.5,,,,6.2
Peter Lake,2004-05-26,5.0,,,,5.4
Peter Lake,2004-05-26,5.5,,,,4.9
Peter Lake,2004-05-26,6.0,,,,4.7
Peter Lake,2004-05-26,6.5,,,,4.5
Peter Lake,2004-05-26,7.0,,,,4.4
Peter Lake,2004-05-26,8.0,,,,4.3
Peter Lake,2004-05-26,9.0,,,,4.2
Peter Lake,2004-05-26,10.0,,,,4.2
Peter Lake,2004-05-26,11.0,,,,4.2
Peter Lake,2004-05-26,12.0,,,,4.2
Peter Lake,2004-06-02,0.0,,,,13.9
Peter Lake,2004-06-02,0.25,,,,
Peter Lake,2004-06-02,0.5,,,,13.8
Peter Lake,2004-06-02,0.75,,,,
Peter Lake,2004-06-02,1.0,,,,13.7
Peter Lake,2004-06-02,1.5,,,,13.6
Peter Lake,2004-06-02,2.0,,,,13.6
Peter Lake,2004-06-02,2.5,,,,13.5
Peter Lake,2004-06-02,3.0,,,,11.8
Peter Lake,2004-06-02,3.5,,,,9.9
Peter Lake,2004-06-02,4.0,,,,7.8
Peter Lake,2004-06-02,4.5,,,,6.6
Peter Lake,2004-06-02,5.0,,,,5.9
Peter Lake,2004-06-02,5.5,,,,5.4
Peter Lake,2004-06-02,6.0,,,,4.9
Peter Lake,2004-06-02,6.5,,,,4.7
Peter Lake,2004-06-02,7.0,,,,4.4
Peter Lake,2004-06-02,8.0,,,,4.3
Peter Lake,2004-06-02,9.0,,,,4.2
Peter Lake,2004-06-02,10.0,,,,4.2
Peter Lake,2004-06-15,0.0,,,,20.1
Peter Lake,2004-06-15,0.25,,,,
Peter Lake,2004-06-15,0.5,,,,19.7
Peter Lake,2004-06-15,0.75,,,,
Peter Lake,2004-06-15,1.0,,,,19.5
Peter Lake,2004-06-15,1.5,,,,19.3
Peter Lake,2004-06-15,2.0,,,,17.9
Peter Lake,2004-06-15,2.5,,,,16.0
Peter Lake,2004-06-15,3.0,,,,13.6
Peter Lake,2004-06-15,3.5,,,,11.2
Peter Lake,2004-06-15,4.0,,,,8.8
Peter Lake,2004-06-15,4.5,,,,7.8
Peter Lake,2004-06-15,5.0,,,,6.7
Peter Lake,2004-06-15,5.5,,,,5.8
Peter Lake,2004-06-15,6.0,,,,5.3
Peter Lake,2004-06-15,6.5,,,,5.0
Peter Lake,2004-06-15,7.0,,,,4.6
Peter Lake,2004-06-15,8.0,,,,4.3
Peter Lake,2004-06-15,9.0,,,,4.3
Peter Lake,2004-06-15,10.0,,,,4.2
Peter Lake,2004-06-29,0.0,,,,19.0
Peter Lake,2004-06-29,0.25,,,,
Peter Lake,2004-06-29,0.5,,,,18.7
Peter Lake,2004-06-29,0.75,,,,
Peter Lake,2004-06-29,1.0,,,,18.6
Peter Lake,2004-06-29,1.5,,,,18.2
Peter Lake,2004-06-29,2.0,,,,17.8
Peter Lake,2004-06-29,2.5,,,,17.2
Peter Lake,2004-06-29,3.0,,,,15.2
Peter Lake,2004-06-29,3.5,,,,12.5
Peter Lake,2004-06-29,4.0,,,,10.3
Peter Lake,2004-06-29,4.5,,,,8.3
Peter Lake,2004-06-29,5.0,,,,6.9
Peter Lake,2004-06-29,5.5,,,,6.2
Peter Lake,2004-06-29,6.0,,,,5.7
Peter Lake,2004-06-29,6.5,,,,5.2
Peter Lake,2004-06-29,7.0,,,,4.8
Peter Lake,2004-06-29,8.0,,,,4.4
Peter Lake,2004-06-29,9.0,,,,4.3
Peter Lake,2004-06-29,10.0,,,,4.3
Peter Lake,2004-07-13,0.0,,,,22.6
Peter Lake,2004-07-13,0.25,,,,
Peter Lake,2004-07-13,0.5,,,,22.6
Peter Lake,2004-07-13,0.75,,,,
Peter Lake,2004-07-13,1.0,,,,21.8
Peter Lake,2004-07-13,1.5,,,,19.8
Peter Lake,2004-07-13,2.0,,,,18.8
Peter Lake,2004-07-13,2.5,,,,18.0
Peter Lake,2004-07-13,3.0,,,,16.7
Peter Lake,2004-07-13,3.5,,,,13.6
Peter Lake,2004-07-13,4.0,,,,11.4
Peter Lake,2004-07-13,4.5,,,,9.4
Peter Lake,2004-07-13,5.0,,,,7.6
Peter Lake,2004-07-13,5.5,,,,6.7
Peter Lake,2004-07-13,6.0,,,,6.0
Peter Lake,2004-07-13,6.5,,,,5.4
Peter Lake,2004-07-13,7.0,,,,5.0
Peter Lake,2004-07-13,8.0,,,,4.5
Peter Lake,2004-07-13,9.0,,,,4.4
Peter Lake,2004-07-13,10.0,,,,4.3
Peter Lake,2004-07-27,0.0,,,,22.5
Peter Lake,2004-07-27,0.25,,,,
Peter Lake,2004-07-27,0.5,,,,22.4
Peter Lake,2004-07-27,0.75,,,,
Peter Lake,2004-07-27,1.0,,,,22.4
Peter Lake,2004-07-27,1.5,,,,22.3
Peter Lake,2004-07-27,2.0,,,,22.1
Peter Lake,2004-07-27,2.5,,,,21.0
Peter Lake,2004-07-27,3.0,,,,17.7
Peter Lake,2004-07-27,3.5,,,,15.2
Peter Lake,2004-07-27,4.0,,,,13.0
Peter Lake,2004-07-27,4.5,,,,10.2
Peter Lake,2004-07-27,5.0,,,,8.3
Peter Lake,2004-07-27,5.5,,,,7.3
Peter Lake,2004-07-27,6.0,,,,6.2
Peter Lake,2004-07-27,6.5,,,,5.6
Peter Lake,2004-07-27,7.0,,,,5.2
Peter Lake,2004-07-27,8.0,,,,4.6
Peter Lake,2004-07-27,9.0,,,,4.4
Peter Lake,2004-07-27,10.0,,,,4.3
Peter Lake,2004-08-10,0.0,,,,21.1
Peter Lake,2004-08-10,0.25,,,,
Peter Lake,2004-08-10,0.5,,,,21.1
Peter Lake,2004-08-10,0.75,,,,
Peter Lake,2004-08-10,1.0,,,,21.1
Peter Lake,2004-08-10,1.5,,,,21.1
Peter Lake,2004-08-10,2.0,,,,21.1
Peter Lake,2004-08-10,2.5,,,,21.1
Peter Lake,2004-08-10,3.0,,,,20.0
Peter Lake,2004-08-10,3.5,,,,16.7
Peter Lake,2004-08-10,4.0,,,,13.7
Peter Lake,2004-08-10,4.5,,,,11.1
Peter Lake,2004-08-10,5.0,,,,9.3
Peter Lake,2004-08-10,5.5,,,,8.1
Peter Lake,2004-08-10,6.0,,,,6.8
Peter Lake,2004-08-10,6.5,,,,6.0
Peter Lake,2004-08-10,7.0,,,,5.4
Peter Lake,2004-08-10,8.0,,,,4.7
Peter Lake,2004-08-10,9.0,,,,4.4
Peter Lake,2004-08-10,10.0,,,,4.3
Peter Lake,2005-05-24,0.0,,,,15.5
Peter Lake,2005-05-24,0.25,,,,
Peter Lake,2005-05-24,0.5,,,,15.3
Peter Lake,2005-05-24,0.75,,,,
Peter Lake,2005-05-24,1.0,,,,15.1
Peter Lake,2005-05-24,1.5,,,,14.2
Peter Lake,2005-05-24,2.0,,,,12.1
Peter Lake,2005-05-24,2.5,,,,10.9
Peter Lake,2005-05-24,3.0,,,,9.6
Peter Lake,2005-05-24,3.5,,,,8.5
Peter Lake,2005-05-24,4.0,,,,7.4
Peter Lake,2005-05-24,4.5,,,,6.6
Peter Lake,2005-05-24,5.0,,,,6.0
Peter Lake,2005-05-24,5.5,,,,5.2
Peter Lake,2005-05-24,6.0,,,,4.9
Peter Lake,2005-05-24,6.5,,,,4.8
Peter Lake,2005-05-24,7.0,,,,4.6
Peter Lake,2005-05-24,8.0,,,,4.5
Peter Lake,2005-05-24,9.0,,,,4.4
Peter Lake,2005-05-24,10.0,,,,4.4
Peter Lake,2005-05-24,11.0,,,,4.4
Peter Lake,2005-05-24,12.0,,,,4.4
Peter Lake,2005-05-24,,527.36,20.6,,
Peter Lake,2005-06-01,0.0,,,,18.2
Peter Lake,2005-06-01,0.25,,,,
Peter Lake,2005-06-01,0.5,,,,18.0
Peter Lake,2005-06-01,0.75,,,,
Peter Lake,2005-06-01,1.0,,,,17.8
Peter Lake,2005-06-01,1.5,,,,17.4
Peter Lake,2005-06-01,2.0,,,,15.6
Peter Lake,2005-06-01,2.5,,,,13.3
Peter Lake,2005-06-01,3.0,,,,11.6
Peter Lake,2005-06-01,3.5,,,,9.9
Peter Lake,2005-06-01,4.0,,,,8.6
Peter Lake,2005-06-01,4.5,,,,7.2
Peter Lake,2005-06-01,5.0,,,,6.5
Peter Lake,2005-06-01,5.5,,,,5.9
Peter Lake,2005-06-01,6.0,,,,5.1
Peter Lake,2005-06-01,6.5,,,,4.9
Peter Lake,2005-06-01,7.0,,,,4.8
Peter Lake,2005-06-01,8.0,,,,4.2
Peter Lake,2005-06-01,9.0,,,,4.5
Peter Lake,2005-06-01,10.0,,,,4.4
Peter Lake,2005-06-01,11.0,,,,4.5
Peter Lake,2005-06-01,12.0,,,,4.5
Peter Lake,2005-06-01,,427.21,15.15,,
Peter Lake,2005-06-07,0.0,,,,20.7
Peter Lake,2005-06-07,0.25,,,,
Peter Lake,2005-06-07,0.5,,,,20.7
Peter Lake,2005-06-07,0.75,,,,
Peter Lake,2005-06-07,1.0,,,,20.7
Peter Lake,2005-06-07,1.5,,,,20.5
Peter Lake,2005-06-07,2.0,,,,17.3
Peter Lake,2005-06-07,2.5,,,,14.9
Peter Lake,2005-06-07,3.0,,,,13.1
Peter Lake,2005-06-07,3.5,,,,10.8
Peter Lake,2005-06-07,4.0,,,,9.5
Peter Lake,2005-06-07,4.5,,,,7.5
Peter Lake,2005-06-07,5.0,,,,7.2
Peter Lake,2005-06-07,5.5,,,,6.2
Peter Lake,2005-06-07,6.0,,,,5.4
Peter Lake,2005-06-07,6.5,,,,5.0
Peter Lake,2005-06-07,7.0,,,,4.9
Peter Lake,2005-06-07,8.0,,,,4.7
Peter Lake,2005-06-07,9.0,,,,4.5
Peter Lake,2005-06-07,10.0,,,,4.5
Peter Lake,2005-06-07,11.0,,,,4.5
Peter Lake,2005-06-07,12.0,,,,4.5
Peter Lake,2005-06-07,,395.7,12.58,,
Peter Lake,2005-06-14,0.0,,,,23.0
Peter Lake,2005-06-14,0.25,,,,
Peter Lake,2005-06-14,0.5,,,,23.0
Peter Lake,2005-06-14,0.75,,,,
Peter Lake,2005-06-14,1.0,,,,23.0
Peter Lake,2005-06-14,1.5,,,,22.8
Peter Lake,2005-06-14,2.0,,,,21.7
Peter Lake,2005-06-14,2.5,,,,18.3
Peter Lake,2005-06-14,3.0,,,,14.8
Peter Lake,2005-06-14,3.5,,,,12.7
Peter Lake,2005-06-14,4.0,,,,10.7
Peter Lake,2005-06-14,4.5,,,,8.9
Peter Lake,2005-06-14,5.0,,,,7.3
Peter Lake,2005-06-14,5.5,,,,6.5
Peter Lake,2005-06-14,6.0,,,,5.7
Peter Lake,2005-06-14,6.5,,,,5.4
Peter Lake,2005-06-14,7.0,,,,4.8
Peter Lake,2005-06-14,8.0,,,,4.7
Peter Lake,2005-06-14,9.0,,,,4.6
Peter Lake,2005-06-14,10.0,,,,4.5
Peter Lake,2005-06-14,11.0,,,,4.5
Peter Lake,2005-06-14,12.0,,,,4.5
Peter Lake,2005-06-14,,413.91,9.85,,
Peter Lake,2005-06-21,0.0,,,,22.8
Peter Lake,2005-06-21,0.25,,,,
Peter Lake,2005-06-21,0.5,,,,22.8
Peter Lake,2005-06-21,0.75,,,,
Peter Lake,2005-06-21,1.0,,,,22.7
Peter Lake,2005-06-21,1.5,,,,22.6
Peter Lake,2005-06-21,2.0,,,,22.2
Peter Lake,2005-06-21,2.5,,,,19.4
Peter Lake,2005-06-21,3.0,,,,16.2
Peter Lake,2005-06-21,3.5,,,,13.5
Peter Lake,2005-06-21,4.0,,,,11.5
Peter Lake,2005-06-21,4.5,,,,9.6
Peter Lake,2005-06-21,5.0,,,,8.0
Peter Lake,2005-06-21,5.5,,,,6.9
Peter Lake,2005-06-21,6.0,,,,6.5
Peter Lake,2005-06-21,6.5,,,,5.3
Peter Lake,2005-06-21,7.0,,,,5.1
Peter Lake,2005-06-21,8.0,,,,4.9
Peter Lake,2005-06-21,9.0,,,,4.6
Peter Lake,2005-06-21,10.0,,,,4.5
Peter Lake,2005-06-21,11.0,,,,4.5
Peter Lake,2005-06-21,12.0,,,,4.5
Peter Lake,2005-06-21,,425.11,16.15,,
Peter Lake,2005-06-28,0.0,,,,24.4
Peter Lake,2005-06-28,0.25,,,,
Peter Lake,2005-06-28,0.5,,,,24.4
Peter Lake,2005-06-28,0.75,,,,
Peter Lake,2005-06-28,1.0,,,,24.3
Peter Lake,2005-06-28,1.5,,,,24.2
Peter Lake,2005-06-28,2.0,,,,24.2
Peter Lake,2005-06-28,2.5,,,,22.5
Peter Lake,2005-06-28,3.0,,,,18.1
Peter Lake,2005-06-28,3.5,,,,15.1
Peter Lake,2005-06-28,4.0,,,,12.6
Peter Lake,2005-06-28,4.5,,,,10.6
Peter Lake,2005-06-28,5.0,,,,9.1
Peter Lake,2005-06-28,5.5,,,,7.2
Peter Lake,2005-06-28,6.0,,,,6.5
Peter Lake,2005-06-28,6.5,,,,5.8
Peter Lake,2005-06-28,7.0,,,,5.3
Peter Lake,2005-06-28,8.0,,,,5.0
Peter Lake,2005-06-28,9.0,,,,4.7
Peter Lake,2005-06-28,10.0,,,,4.5
Peter Lake,2005-06-28,11.0,,,,4.5
Peter Lake,2005-06-28,12.0,,,,4.5
Peter Lake,2005-06-28,,411.81,16.26,,
Peter Lake,2005-07-04,0.0,,,,22.7
Peter Lake,2005-07-04,0.25,,,,
Peter Lake,2005-07-04,0.5,,,,22.5
Peter Lake,2005-07-04,0.75,,,,
Peter Lake,2005-07-04,1.0,,,,22.3
Peter Lake,2005-07-04,1.5,,,,22.3
Peter Lake,2005-07-04,2.0,,,,22.3
Peter Lake,2005-07-04,2.5,,,,22.2
Peter Lake,2005-07-04,3.0,,,,19.2
Peter Lake,2005-07-04,3.5,,,,16.0
Peter Lake,2005-07-04,4.0,,,,13.8
Peter Lake,2005-07-04,4.5,,,,10.7
Peter Lake,2005-07-04,5.0,,,,9.2
Peter Lake,2005-07-04,5.5,,,,7.8
Peter Lake,2005-07-04,6.0,,,,6.8
Peter Lake,2005-07-04,6.5,,,,6.1
Peter Lake,2005-07-04,7.0,,,,5.5
Peter Lake,2005-07-04,8.0,,,,5.0
Peter Lake,2005-07-04,9.0,,,,4.8
Peter Lake,2005-07-04,10.0,,,,4.6
Peter Lake,2005-07-04,11.0,,,,4.5
Peter Lake,2005-07-04,12.0,,,,4.5
Peter Lake,2005-07-04,,358.58,,,
Peter Lake,2005-07-12,0.0,,,,26.9
Peter Lake,2005-07-12,0.25,,,,
Peter Lake,2005-07-12,0.5,,,,26.7
Peter Lake,2005-07-12,0.75,,,,
Peter Lake,2005-07-12,1.0,,,,26.5
Peter Lake,2005-07-12,1.5,,,,26.1
Peter Lake,2005-07-12,2.0,,,,24.4
Peter Lake,2005-07-12,2.5,,,,23.2
Peter Lake,2005-07-12,3.0,,,,20.9
Peter Lake,2005-07-12,3.5,,,,17.1
Peter Lake,2005-07-12,4.0,,,,14.1
Peter Lake,2005-07-12,4.5,,,,11.7
Peter Lake,2005-07-12,5.0,,,,9.7
Peter Lake,2005-07-12,5.5,,,,8.1
Peter Lake,2005-07-12,6.0,,,,7.1
Peter Lake,2005-07-12,6.5,,,,6.1
Peter Lake,2005-07-12,7.0,,,,5.5
Peter Lake,2005-07-12,8.0,,,,5.0
Peter Lake,2005-07-12,9.0,,,,4.7
Peter Lake,2005-07-12,10.0,,,,4.6
Peter Lake,2005-07-12,11.0,,,,4.5
Peter Lake,2005-07-12,12.0,,,,4.5
Peter Lake,2005-07-12,,357.18,10.07,,
Peter Lake,2005-07-19,0.0,,,,25.8
Peter Lake,2005-07-19,0.25,,,,
Peter Lake,2005-07-19,0.5,,,,25.8
Peter Lake,2005-07-19,0.75,,,,
Peter Lake,2005-07-19,1.0,,,,25.8
Peter Lake,2005-07-19,1.5,,,,25.8
Peter Lake,2005-07-19,2.0,,,,25.7
Peter Lake,2005-07-19,2.5,,,,25.2
Peter Lake,2005-07-19,3.0,,,,21.7
Peter Lake,2005-07-19,3.5,,,,17.7
Peter Lake,2005-07-19,4.0,,,,14.7
Peter Lake,2005-07-19,4.5,,,,11.9
Peter Lake,2005-07-19,5.0,,,,10.3
Peter Lake,2005-07-19,5.5,,,,8.2
Peter Lake,2005-07-19,6.0,,,,7.2
Peter Lake,2005-07-19,6.5,,,,5.9
Peter Lake,2005-07-19,7.0,,,,5.6
Peter Lake,2005-07-19,8.0,,,,5.1
Peter Lake,2005-07-19,9.0,,,,4.7
Peter Lake,2005-07-19,10.0,,,,4.6
Peter Lake,2005-07-19,11.0,,,,4.5
Peter Lake,2005-07-19,12.0,,,,4.5
Peter Lake,2005-07-19,,362.78,6.41,,
Peter Lake,2005-07-26,0.0,,,,24.2
Peter Lake,2005-07-26,0.25,,,,
Peter Lake,2005-07-26,0.5,,,,24.2
Peter Lake,2005-07-26,0.75,,,,
Peter Lake,2005-07-26,1.0,,,,24.2
Peter Lake,2005-07-26,1.5,,,,24.2
Peter Lake,2005-07-26,2.0,,,,24.2
Peter Lake,2005-07-26,2.5,,,,24.2
Peter Lake,2005-07-26,3.0,,,,23.5
Peter Lake,2005-07-26,3.5,,,,19.8
Peter Lake,2005-07-26,4.0,,,,16.4
Peter Lake,2005-07-26,4.5,,,,12.8
Peter Lake,2005-07-26,5.0,,,,10.6
Peter Lake,2005-07-26,5.5,,,,8.8
Peter Lake,2005-07-26,6.0,,,,7.7
Peter Lake,2005-07-26,6.5,,,,6.7
Peter Lake,2005-07-26,7.0,,,,5.9
Peter Lake,2005-07-26,8.0,,,,5.2
Peter Lake,2005-07-26,9.0,,,,4.8
Peter Lake,2005-07-26,10.0,,,,4.6
Peter Lake,2005-07-26,11.0,,,,4.6
Peter Lake,2005-07-26,12.0,,,,4.6
Peter Lake,2005-07-26,,390.8,13.88,,
Peter Lake,2005-08-02,0.0,,,,25.3
Peter Lake,2005-08-02,0.25,,,,
Peter Lake,2005-08-02,0.5,,,,25.3
Peter Lake,2005-08-02,0.75,,,,
Peter Lake,2005-08-02,1.0,,,,25.3
Peter Lake,2005-08-02,1.5,,,,24.5
Peter Lake,2005-08-02,2.0,,,,23.8
Peter Lake,2005-08-02,2.5,,,,23.2
Peter Lake,2005-08-02,3.0,,,,22.7
Peter Lake,2005-08-02,3.5,,,,21.0
Peter Lake,2005-08-02,4.0,,,,17.6
Peter Lake,2005-08-02,4.5,,,,14.0
Peter Lake,2005-08-02,5.0,,,,11.7
Peter Lake,2005-08-02,5.5,,,,9.0
Peter Lake,2005-08-02,6.0,,,,7.9
Peter Lake,2005-08-02,6.5,,,,7.2
Peter Lake,2005-08-02,7.0,,,,6.0
Peter Lake,2005-08-02,8.0,,,,5.1
Peter Lake,2005-08-02,9.0,,,,4.8
Peter Lake,2005-08-02,10.0,,,,4.7
Peter Lake,2005-08-02,11.0,,,,4.6
Peter Lake,2005-08-02,12.0,,,,4.6
Peter Lake,2005-08-02,,390.8,12.05,,
Peter Lake,2005-08-09,0.0,,,,25.3
Peter Lake,2005-08-09,0.25,,,,
Peter Lake,2005-08-09,0.5,,,,25.3
Peter Lake,2005-08-09,0.75,,,,
Peter Lake,2005-08-09,1.0,,,,25.3
Peter Lake,2005-08-09,1.5,,,,25.3
Peter Lake,2005-08-09,2.0,,,,25.3
Peter Lake,2005-08-09,2.5,,,,24.8
Peter Lake,2005-08-09,3.0,,,,23.8
Peter Lake,2005-08-09,3.5,,,,21.5
Peter Lake,2005-08-09,4.0,,,,17.8
Peter Lake,2005-08-09,4.5,,,,14.2
Peter Lake,2005-08-09,5.0,,,,12.2
Peter Lake,2005-08-09,5.5,,,,9.9
Peter Lake,2005-08-09,6.0,,,,8.8
Peter Lake,2005-08-09,6.5,,,,7.2
Peter Lake,2005-08-09,7.0,,,,6.4
Peter Lake,2005-08-09,8.0,,,,5.3
Peter Lake,2005-08-09,9.0,,,,4.9
Peter Lake,2005-08-09,10.0,,,,4.7
Peter Lake,2005-08-09,11.0,,,,4.6
Peter Lake,2005-08-09,12.0,,,,4.6
Peter Lake,2005-08-09,,386.59,8.32,,
Peter Lake,2005-08-15,0.0,,,,22.7
Peter Lake,2005-08-15,0.25,,,,
Peter Lake,2005-08-15,0.5,,,,22.7
Peter Lake,2005-08-15,0.75,,,,
Peter Lake,2005-08-15,1.0,,,,22.7
Peter Lake,2005-08-15,1.5,,,,22.5
Peter Lake,2005-08-15,2.0,,,,22.5
Peter Lake,2005-08-15,2.5,,,,22.5
Peter Lake,2005-08-15,3.0,,,,22.5
Peter Lake,2005-08-15,3.5,,,,22.3
Peter Lake,2005-08-15,4.0,,,,17.8
Peter Lake,2005-08-15,4.5,,,,14.7
Peter Lake,2005-08-15,5.0,,,,11.9
Peter Lake,2005-08-15,5.5,,,,9.8
Peter Lake,2005-08-15,6.0,,,,8.3
Peter Lake,2005-08-15,6.5,,,,7.0
Peter Lake,2005-08-15,7.0,,,,6.3
Peter Lake,2005-08-15,8.0,,,,5.4
Peter Lake,2005-08-15,9.0,,,,5.0
Peter Lake,2005-08-15,10.0,,,,4.7
Peter Lake,2005-08-15,11.0,,,,4.6
Peter Lake,2005-08-15,12.0,,,,4.6
Peter Lake,2005-08-15,,,9.0,,
Peter Lake,2005-08-23,0.0,,,,20.8
Peter Lake,2005-08-23,0.25,,,,
Peter Lake,2005-08-23,0.5,,,,20.7
Peter Lake,2005-08-23,0.75,,,,
Peter Lake,2005-08-23,1.0,,,,20.7
Peter Lake,2005-08-23,1.5,,,,20.7
Peter Lake,2005-08-23,2.0,,,,20.7
Peter Lake,2005-08-23,2.5,,,,20.6
Peter Lake,2005-08-23,3.0,,,,20.6
Peter Lake,2005-08-23,3.5,,,,20.6
Peter Lake,2005-08-23,4.0,,,,19.4
Peter Lake,2005-08-23,4.5,,,,15.0
Peter Lake,2005-08-23,5.0,,,,12.6
Peter Lake,2005-08-23,5.5,,,,10.2
Peter Lake,2005-08-23,6.0,,,,8.5
Peter Lake,2005-08-23,6.5,,,,7.4
Peter Lake,2005-08-23,7.0,,,,6.4
Peter Lake,2005-08-23,8.0,,,,5.4
Peter Lake,2005-08-23,9.0,,,,4.9
Peter Lake,2005-08-23,10.0,,,,4.7
Peter Lake,2005-08-23,11.0,,,,4.7
Peter Lake,2005-08-23,12.0,,,,4.6
Peter Lake,2005-08-23,,450.33,11.49,,
Peter Lake,2006-05-22,0.0,,,,12.9
Peter Lake,2006-05-22,0.25,,,,
Peter Lake,2006-05-22,0.5,,,,12.7
Peter Lake,2006-05-22,0.75,,,,
Peter Lake,2006-05-22,1.0,,,,12.5
Peter Lake,2006-05-22,1.5,,,,12.4
Peter Lake,2006-05-22,2.0,,,,12.3
Peter Lake,2006-05-22,2.5,,,,10.6
Peter Lake,2006-05-22,3.0,,,,9.6
Peter Lake,2006-05-22,3.5,,,,8.1
Peter Lake,2006-05-22,4.0,,,,6.7
Peter Lake,2006-05-22,4.5,,,,5.5
Peter Lake,2006-05-22,5.0,,,,5.1
Peter Lake,2006-05-22,5.5,,,,4.9
Peter Lake,2006-05-22,6.0,,,,4.9
Peter Lake,2006-05-22,6.5,,,,4.9
Peter Lake,2006-05-22,7.0,,,,4.9
Peter Lake,2006-05-22,8.0,,,,4.7
Peter Lake,2006-05-22,9.0,,,,4.6
Peter Lake,2006-05-22,10.0,,,,4.4
Peter Lake,2006-05-22,11.0,,,,4.4
Peter Lake,2006-05-22,12.0,,,,4.4
Peter Lake,2006-05-22,,361.28,15.42,,
Peter Lake,2006-05-29,0.0,,,,22.4
Peter Lake,2006-05-29,0.25,,,,
Peter Lake,2006-05-29,0.5,,,,22.2
Peter Lake,2006-05-29,0.75,,,,
Peter Lake,2006-05-29,1.0,,,,21.0
Peter Lake,2006-05-29,1.5,,,,17.4
Peter Lake,2006-05-29,2.0,,,,14.6
Peter Lake,2006-05-29,2.5,,,,12.9
Peter Lake,2006-05-29,3.0,,,,11.3
Peter Lake,2006-05-29,3.5,,,,9.4
Peter Lake,2006-05-29,4.0,,,,7.6
Peter Lake,2006-05-29,4.5,,,,6.3
Peter Lake,2006-05-29,5.0,,,,5.4
Peter Lake,2006-05-29,5.5,,,,4.9
Peter Lake,2006-05-29,6.0,,,,5.0
Peter Lake,2006-05-29,6.5,,,,5.0
Peter Lake,2006-05-29,7.0,,,,5.0
Peter Lake,2006-05-29,8.0,,,,4.8
Peter Lake,2006-05-29,9.0,,,,4.6
Peter Lake,2006-05-29,10.0,,,,4.5
Peter Lake,2006-05-29,11.0,,,,4.4
Peter Lake,2006-05-29,12.0,,,,4.4
Peter Lake,2006-06-05,0.0,,,,21.8
Peter Lake,2006-06-05,0.25,,,,
Peter Lake,2006-06-05,0.5,,,,21.8
Peter Lake,2006-06-05,0.75,,,,
Peter Lake,2006-06-05,1.0,,,,21.7
Peter Lake,2006-06-05,1.5,,,,21.5
Peter Lake,2006-06-05,2.0,,,,17.5
Peter Lake,2006-06-05,2.5,,,,14.8
Peter Lake,2006-06-05,3.0,,,,12.3
Peter Lake,2006-06-05,3.5,,,,10.0
Peter Lake,2006-06-05,4.0,,,,8.4
Peter Lake,2006-06-05,4.5,,,,6.6
Peter Lake,2006-06-05,5.0,,,,5.9
Peter Lake,2006-06-05,5.5,,,,5.3
Peter Lake,2006-06-05,6.0,,,,5.1
Peter Lake,2006-06-05,6.5,,,,5.0
Peter Lake,2006-06-05,7.0,,,,5.0
Peter Lake,2006-06-05,8.0,,,,4.9
Peter Lake,2006-06-05,9.0,,,,4.6
Peter Lake,2006-06-05,10.0,,,,4.5
Peter Lake,2006-06-05,11.0,,,,4.4
Peter Lake,2006-06-05,12.0,,,,4.4
Peter Lake,2006-06-12,0.0,,,,19.4
Peter Lake,2006-06-12,0.25,,,,
Peter Lake,2006-06-12,0.5,,,,19.4
Peter Lake,2006-06-12,0.75,,,,
Peter Lake,2006-06-12,1.0,,,,19.4
Peter Lake,2006-06-12,1.5,,,,19.2
Peter Lake,2006-06-12,2.0,,,,19.0
Peter Lake,2006-06-12,2.5,,,,17.0
Peter Lake,2006-06-12,3.0,,,,13.9
Peter Lake,2006-06-12,3.5,,,,11.0
Peter Lake,2006-06-12,4.0,,,,9.1
Peter Lake,2006-06-12,4.5,,,,7.5
Peter Lake,2006-06-12,5.0,,,,6.2
Peter Lake,2006-06-12,5.5,,,,5.4
Peter Lake,2006-06-12,6.0,,,,5.4
Peter Lake,2006-06-12,6.5,,,,5.3
Peter Lake,2006-06-12,7.0,,,,5.1
Peter Lake,2006-06-12,8.0,,,,4.9
Peter Lake,2006-06-12,9.0,,,,4.7
Peter Lake,2006-06-12,10.0,,,,4.5
Peter Lake,2006-06-12,11.0,,,,4.4
Peter Lake,2006-06-12,12.0,,,,4.4
Peter Lake,2006-06-19,0.0,,,,23.0
Peter Lake,2006-06-19,0.25,,,,
Peter Lake,2006-06-19,0.5,,,,23.0
Peter Lake,2006-06-19,0.75,,,,
Peter Lake,2006-06-19,1.0,,,,23.0
Peter Lake,2006-06-19,1.5,,,,23.0
Peter Lake,2006-06-19,2.0,,,,21.4
Peter Lake,2006-06-19,2.5,,,,18.4
Peter Lake,2006-06-19,3.0,,,,15.0
Peter Lake,2006-06-19,3.5,,,,12.5
Peter Lake,2006-06-19,4.0,,,,10.0
Peter Lake,2006-06-19,4.5,,,,8.1
Peter Lake,2006-06-19,5.0,,,,6.4
Peter Lake,2006-06-19,5.5,,,,5.5
Peter Lake,2006-06-19,6.0,,,,5.4
Peter Lake,2006-06-19,6.5,,,,5.4
Peter Lake,2006-06-19,7.0,,,,5.4
Peter Lake,2006-06-19,8.0,,,,4.9
Peter Lake,2006-06-19,9.0,,,,4.6
Peter Lake,2006-06-19,10.0,,,,4.5
Peter Lake,2006-06-19,11.0,,,,4.4
Peter Lake,2006-06-19,12.0,,,,4.4
Peter Lake,2006-06-19,,349.07,11.58,,
Peter Lake,2006-06-26,0.0,,,,22.0
Peter Lake,2006-06-26,0.25,,,,
Peter Lake,2006-06-26,0.5,,,,21.9
Peter Lake,2006-06-26,0.75,,,,
Peter Lake,2006-06-26,1.0,,,,21.8
Peter Lake,2006-06-26,1.5,,,,21.6
Peter Lake,2006-06-26,2.0,,,,21.4
Peter Lake,2006-06-26,2.5,,,,19.9
Peter Lake,2006-06-26,3.0,,,,16.4
Peter Lake,2006-06-26,3.5,,,,12.8
Peter Lake,2006-06-26,4.0,,,,10.8
Peter Lake,2006-06-26,4.5,,,,9.0
Peter Lake,2006-06-26,5.0,,,,6.9
Peter Lake,2006-06-26,5.5,,,,5.8
Peter Lake,2006-06-26,6.0,,,,5.6
Peter Lake,2006-06-26,6.5,,,,5.6
Peter Lake,2006-06-26,7.0,,,,5.5
Peter Lake,2006-06-26,8.0,,,,4.8
Peter Lake,2006-06-26,9.0,,,,4.6
Peter Lake,2006-06-26,10.0,,,,4.5
Peter Lake,2006-06-26,11.0,,,,4.5
Peter Lake,2006-06-26,12.0,,,,4.5
Peter Lake,2006-07-03,0.0,,,,23.3
Peter Lake,2006-07-03,0.25,,,,
Peter Lake,2006-07-03,0.5,,,,23.3
Peter Lake,2006-07-03,0.75,,,,
Peter Lake,2006-07-03,1.0,,,,23.3
Peter Lake,2006-07-03,1.5,,,,23.3
Peter Lake,2006-07-03,2.0,,,,23.0
Peter Lake,2006-07-03,2.5,,,,21.2
Peter Lake,2006-07-03,3.0,,,,17.8
Peter Lake,2006-07-03,3.5,,,,14.3
Peter Lake,2006-07-03,4.0,,,,12.0
Peter Lake,2006-07-03,4.5,,,,9.9
Peter Lake,2006-07-03,5.0,,,,7.9
Peter Lake,2006-07-03,5.5,,,,6.7
Peter Lake,2006-07-03,6.0,,,,5.7
Peter Lake,2006-07-03,6.5,,,,5.7
Peter Lake,2006-07-03,7.0,,,,5.6
Peter Lake,2006-07-03,8.0,,,,5.2
Peter Lake,2006-07-03,9.0,,,,4.8
Peter Lake,2006-07-03,10.0,,,,4.6
Peter Lake,2006-07-03,11.0,,,,4.5
Peter Lake,2006-07-03,12.0,,,,4.5
Peter Lake,2006-07-10,0.0,,,,22.4
Peter Lake,2006-07-10,0.25,,,,
Peter Lake,2006-07-10,0.5,,,,22.4
Peter Lake,2006-07-10,0.75,,,,
Peter Lake,2006-07-10,1.0,,,,22.4
Peter Lake,2006-07-10,1.5,,,,22.3
Peter Lake,2006-07-10,2.0,,,,22.2
Peter Lake,2006-07-10,2.5,,,,22.2
Peter Lake,2006-07-10,3.0,,,,18.8
Peter Lake,2006-07-10,3.5,,,,14.9
Peter Lake,2006-07-10,4.0,,,,12.6
Peter Lake,2006-07-10,4.5,,,,9.9
Peter Lake,2006-07-10,5.0,,,,8.1
Peter Lake,2006-07-10,5.5,,,,6.7
Peter Lake,2006-07-10,6.0,,,,5.9
Peter Lake,2006-07-10,6.5,,,,5.7
Peter Lake,2006-07-10,7.0,,,,5.7
Peter Lake,2006-07-10,8.0,,,,5.2
Peter Lake,2006-07-10,9.0,,,,4.7
Peter Lake,2006-07-10,10.0,,,,4.5
Peter Lake,2006-07-10,11.0,,,,4.4
Peter Lake,2006-07-10,12.0,,,,4.4
Peter Lake,2006-07-17,0.0,,,,26.7
Peter Lake,2006-07-17,0.25,,,,
Peter Lake,2006-07-17,0.5,,,,26.6
Peter Lake,2006-07-17,0.75,,,,
Peter Lake,2006-07-17,1.0,,,,26.6
Peter Lake,2006-07-17,1.5,,,,26.5
Peter Lake,2006-07-17,2.0,,,,24.6
Peter Lake,2006-07-17,2.5,,,,23.2
Peter Lake,2006-07-17,3.0,,,,19.7
Peter Lake,2006-07-17,3.5,,,,15.9
Peter Lake,2006-07-17,4.0,,,,13.2
Peter Lake,2006-07-17,4.5,,,,10.1
Peter Lake,2006-07-17,5.0,,,,8.6
Peter Lake,2006-07-17,5.5,,,,7.3
Peter Lake,2006-07-17,6.0,,,,6.3
Peter Lake,2006-07-17,6.5,,,,5.7
Peter Lake,2006-07-17,7.0,,,,5.7
Peter Lake,2006-07-17,8.0,,,,5.2
Peter Lake,2006-07-17,9.0,,,,4.9
Peter Lake,2006-07-17,10.0,,,,4.6
Peter Lake,2006-07-17,11.0,,,,4.5
Peter Lake,2006-07-17,12.0,,,,4.5
Peter Lake,2006-07-17,,346.12,9.11,,
Peter Lake,2006-07-24,0.0,,,,23.7
Peter Lake,2006-07-24,0.25,,,,
Peter Lake,2006-07-24,0.5,,,,23.7
Peter Lake,2006-07-24,0.75,,,,
Peter Lake,2006-07-24,1.0,,,,23.5
Peter Lake,2006-07-24,1.5,,,,23.5
Peter Lake,2006-07-24,2.0,,,,23.4
Peter Lake,2006-07-24,2.5,,,,23.4
Peter Lake,2006-07-24,3.0,,,,21.5
Peter Lake,2006-07-24,3.5,,,,17.4
Peter Lake,2006-07-24,4.0,,,,13.9
Peter Lake,2006-07-24,4.5,,,,11.0
Peter Lake,2006-07-24,5.0,,,,8.9
Peter Lake,2006-07-24,5.5,,,,7.5
Peter Lake,2006-07-24,6.0,,,,6.6
Peter Lake,2006-07-24,6.5,,,,5.8
Peter Lake,2006-07-24,7.0,,,,5.8
Peter Lake,2006-07-24,8.0,,,,5.4
Peter Lake,2006-07-24,9.0,,,,4.9
Peter Lake,2006-07-24,10.0,,,,4.7
Peter Lake,2006-07-24,11.0,,,,4.6
Peter Lake,2006-07-24,12.0,,,,4.5
Peter Lake,2006-07-31,0.0,,,,24.5
Peter Lake,2006-07-31,0.25,,,,
Peter Lake,2006-07-31,0.5,,,,24.4
Peter Lake,2006-07-31,0.75,,,,
Peter Lake,2006-07-31,1.0,,,,24.4
Peter Lake,2006-07-31,1.5,,,,24.3
Peter Lake,2006-07-31,2.0,,,,24.3
Peter Lake,2006-07-31,2.5,,,,24.3
Peter Lake,2006-07-31,3.0,,,,23.1
Peter Lake,2006-07-31,3.5,,,,19.4
Peter Lake,2006-07-31,4.0,,,,16.0
Peter Lake,2006-07-31,4.5,,,,12.5
Peter Lake,2006-07-31,5.0,,,,10.1
Peter Lake,2006-07-31,5.5,,,,8.5
Peter Lake,2006-07-31,6.0,,,,7.3
Peter Lake,2006-07-31,6.5,,,,6.3
Peter Lake,2006-07-31,7.0,,,,6.0
Peter Lake,2006-07-31,8.0,,,,5.4
Peter Lake,2006-07-31,9.0,,,,5.1
Peter Lake,2006-07-31,10.0,,,,4.7
Peter Lake,2006-07-31,11.0,,,,4.6
Peter Lake,2006-07-31,12.0,,,,4.6
Peter Lake,2006-08-07,0.0,,,,23.3
Peter Lake,2006-08-07,0.25,,,,
Peter Lake,2006-08-07,0.5,,,,23.4
Peter Lake,2006-08-07,0.75,,,,
Peter Lake,2006-08-07,1.0,,,,23.4
Peter Lake,2006-08-07,1.5,,,,23.4
Peter Lake,2006-08-07,2.0,,,,23.4
Peter Lake,2006-08-07,2.5,,,,23.3
Peter Lake,2006-08-07,3.0,,,,23.3
Peter Lake,2006-08-07,3.5,,,,20.1
Peter Lake,2006-08-07,4.0,,,,16.2
Peter Lake,2006-08-07,4.5,,,,12.9
Peter Lake,2006-08-07,5.0,,,,10.8
Peter Lake,2006-08-07,5.5,,,,8.7
Peter Lake,2006-08-07,6.0,,,,7.5
Peter Lake,2006-08-07,6.5,,,,6.9
Peter Lake,2006-08-07,7.0,,,,6.1
Peter Lake,2006-08-07,8.0,,,,5.6
Peter Lake,2006-08-07,9.0,,,,5.0
Peter Lake,2006-08-07,10.0,,,,4.8
Peter Lake,2006-08-07,11.0,,,,4.7
Peter Lake,2006-08-07,12.0,,,,4.6
Peter Lake,2006-08-14,0.0,,,,22.5
Peter Lake,2006-08-14,0.25,,,,
Peter Lake,2006-08-14,0.5,,,,22.5
Peter Lake,2006-08-14,0.75,,,,
Peter Lake,2006-08-14,1.0,,,,22.5
Peter Lake,2006-08-14,1.5,,,,22.5
Peter Lake,2006-08-14,2.0,,,,22.5
Peter Lake,2006-08-14,2.5,,,,22.4
Peter Lake,2006-08-14,3.0,,,,22.4
Peter Lake,2006-08-14,3.5,,,,21.5
Peter Lake,2006-08-14,4.0,,,,16.8
Peter Lake,2006-08-14,4.5,,,,13.9
Peter Lake,2006-08-14,5.0,,,,11.2
Peter Lake,2006-08-14,5.5,,,,9.3
Peter Lake,2006-08-14,6.0,,,,7.8
Peter Lake,2006-08-14,6.5,,,,6.7
Peter Lake,2006-08-14,7.0,,,,6.2
Peter Lake,2006-08-14,8.0,,,,5.5
Peter Lake,2006-08-14,9.0,,,,5.0
Peter Lake,2006-08-14,10.0,,,,4.7
Peter Lake,2006-08-14,11.0,,,,4.7
Peter Lake,2006-08-14,12.0,,,,4.6
Peter Lake,2006-08-14,,333.49,8.51,,
Peter Lake,2006-08-21,0.0,,,,22.1
Peter Lake,2006-08-21,0.25,,,,
Peter Lake,2006-08-21,0.5,,,,22.1
Peter Lake,2006-08-21,0.75,,,,
Peter Lake,2006-08-21,1.0,,,,22.1
Peter Lake,2006-08-21,1.5,,,,22.1
Peter Lake,2006-08-21,2.0,,,,22.1
Peter Lake,2006-08-21,2.5,,,,22.0
Peter Lake,2006-08-21,3.0,,,,22.0
Peter Lake,2006-08-21,3.5,,,,21.1
Peter Lake,2006-08-21,4.0,,,,18.1
Peter Lake,2006-08-21,4.5,,,,15.0
Peter Lake,2006-08-21,5.0,,,,11.8
Peter Lake,2006-08-21,5.5,,,,9.4
Peter Lake,2006-08-21,6.0,,,,8.2
Peter Lake,2006-08-21,6.5,,,,6.9
Peter Lake,2006-08-21,7.0,,,,6.4
Peter Lake,2006-08-21,8.0,,,,5.6
Peter Lake,2006-08-21,9.0,,,,5.2
Peter Lake,2006-08-21,10.0,,,,4.8
Peter Lake,2006-08-21,11.0,,,,4.7
Peter Lake,2006-08-21,12.0,,,,4.6
Peter Lake,2006-08-26,0.0,,,,21.0
Peter Lake,2006-08-26,0.25,,,,
Peter Lake,2006-08-26,0.5,,,,21.0
Peter Lake,2006-08-26,0.75,,,,
Peter Lake,2006-08-26,1.0,,,,21.0
Peter Lake,2006-08-26,1.5,,,,21.0
Peter Lake,2006-08-26,2.0,,,,21.0
Peter Lake,2006-08-26,2.5,,,,21.0
Peter Lake,2006-08-26,3.0,,,,21.0
Peter Lake,2006-08-26,3.5,,,,20.9
Peter Lake,2006-08-26,4.0,,,,19.1
Peter Lake,2006-08-26,4.5,,,,15.4
Peter Lake,2006-08-26,5.0,,,,12.2
Peter Lake,2006-08-26,5.5,,,,10.5
Peter Lake,2006-08-26,6.0,,,,9.0
Peter Lake,2006-08-26,6.5,,,,7.4
Peter Lake,2006-08-26,7.0,,,,6.7
Peter Lake,2006-08-26,8.0,,,,5.8
Peter Lake,2006-08-26,9.0,,,,5.4
Peter Lake,2006-08-26,10.0,,,,4.9
Peter Lake,2006-08-26,11.0,,,,4.7
Peter Lake,2006-08-26,12.0,,,,4.7
Peter Lake,2007-05-24,0.0,,,,18.4
Peter Lake,2007-05-24,0.25,,,,
Peter Lake,2007-05-24,0.5,,,,18.3
Peter Lake,2007-05-24,0.75,,,,
Peter Lake,2007-05-24,1.0,,,,18.2
Peter Lake,2007-05-24,1.5,,,,17.4
Peter Lake,2007-05-24,2.0,,,,15.8
Peter Lake,2007-05-24,2.5,,,,14.1
Peter Lake,2007-05-24,3.0,,,,11.8
Peter Lake,2007-05-24,3.5,,,,9.0
Peter Lake,2007-05-24,4.0,,,,7.7
Peter Lake,2007-05-24,4.5,,,,6.6
Peter Lake,2007-05-24,5.0,,,,6.0
Peter Lake,2007-05-24,5.5,,,,5.4
Peter Lake,2007-05-24,6.0,,,,5.1
Peter Lake,2007-05-24,6.5,,,,4.8
Peter Lake,2007-05-24,7.0,,,,4.6
Peter Lake,2007-05-24,8.0,,,,4.5
Peter Lake,2007-05-24,9.0,,,,4.4
Peter Lake,2007-05-24,10.0,,,,4.4
Peter Lake,2007-05-24,11.0,,,,4.4
Peter Lake,2007-05-24,12.0,,,,4.4
Peter Lake,2007-05-24,,341.72,15.48,,
Peter Lake,2007-05-29,0.0,,,,16.5
Peter Lake,2007-05-29,0.25,,,,
Peter Lake,2007-05-29,0.5,,,,16.4
Peter Lake,2007-05-29,0.75,,,,
Peter Lake,2007-05-29,1.0,,,,16.2
Peter Lake,2007-05-29,1.5,,,,16.1
Peter Lake,2007-05-29,2.0,,,,15.7
Peter Lake,2007-05-29,2.5,,,,15.1
Peter Lake,2007-05-29,3.0,,,,12.8
Peter Lake,2007-05-29,3.5,,,,10.3
Peter Lake,2007-05-29,4.0,,,,8.4
Peter Lake,2007-05-29,4.5,,,,7.1
Peter Lake,2007-05-29,5.0,,,,6.3
Peter Lake,2007-05-29,5.5,,,,5.3
Peter Lake,2007-05-29,6.0,,,,5.2
Peter Lake,2007-05-29,6.5,,,,4.7
Peter Lake,2007-05-29,7.0,,,,4.6
Peter Lake,2007-05-29,8.0,,,,4.5
Peter Lake,2007-05-29,9.0,,,,4.4
Peter Lake,2007-05-29,10.0,,,,4.4
Peter Lake,2007-05-29,11.0,,,,4.4
Peter Lake,2007-05-29,12.0,,,,4.4
Peter Lake,2007-05-29,,345.09,19.98,,
Peter Lake,2007-06-05,0.0,,,,17.7
Peter Lake,2007-06-05,0.25,,,,
Peter Lake,2007-06-05,0.5,,,,18.0
Peter Lake,2007-06-05,0.75,,,,
Peter Lake,2007-06-05,1.0,,,,18.1
Peter Lake,2007-06-05,1.5,,,,18.1
Peter Lake,2007-06-05,2.0,,,,17.8
Peter Lake,2007-06-05,2.5,,,,15.8
Peter Lake,2007-06-05,3.0,,,,13.5
Peter Lake,2007-06-05,3.5,,,,11.1
Peter Lake,2007-06-05,4.0,,,,9.1
Peter Lake,2007-06-05,4.5,,,,7.2
Peter Lake,2007-06-05,5.0,,,,6.6
Peter Lake,2007-06-05,5.5,,,,5.7
Peter Lake,2007-06-05,6.0,,,,5.3
Peter Lake,2007-06-05,6.5,,,,4.8
Peter Lake,2007-06-05,7.0,,,,4.7
Peter Lake,2007-06-05,8.0,,,,4.5
Peter Lake,2007-06-05,9.0,,,,4.4
Peter Lake,2007-06-05,10.0,,,,4.4
Peter Lake,2007-06-05,11.0,,,,4.3
Peter Lake,2007-06-05,12.0,,,,3.4
Peter Lake,2007-06-05,,327.16,4.88,,
Peter Lake,2007-06-12,0.0,,,,22.4
Peter Lake,2007-06-12,0.25,,,,
Peter Lake,2007-06-12,0.5,,,,22.2
Peter Lake,2007-06-12,0.75,,,,
Peter Lake,2007-06-12,1.0,,,,22.0
Peter Lake,2007-06-12,1.5,,,,20.5
Peter Lake,2007-06-12,2.0,,,,19.6
Peter Lake,2007-06-12,2.5,,,,18.2
Peter Lake,2007-06-12,3.0,,,,15.0
Peter Lake,2007-06-12,3.5,,,,12.2
Peter Lake,2007-06-12,4.0,,,,10.0
Peter Lake,2007-06-12,4.5,,,,8.3
Peter Lake,2007-06-12,5.0,,,,7.2
Peter Lake,2007-06-12,5.5,,,,6.4
Peter Lake,2007-06-12,6.0,,,,5.4
Peter Lake,2007-06-12,6.5,,,,5.1
Peter Lake,2007-06-12,7.0,,,,4.8
Peter Lake,2007-06-12,8.0,,,,4.6
Peter Lake,2007-06-12,9.0,,,,4.5
Peter Lake,2007-06-12,10.0,,,,4.4
Peter Lake,2007-06-12,11.0,,,,4.4
Peter Lake,2007-06-12,12.0,,,,4.4
Peter Lake,2007-06-12,,362.03,14.17,,
Peter Lake,2007-06-19,0.0,,,,22.3
Peter Lake,2007-06-19,0.25,,,,
Peter Lake,2007-06-19,0.5,,,,22.4
Peter Lake,2007-06-19,0.75,,,,
Peter Lake,2007-06-19,1.0,,,,22.5
Peter Lake,2007-06-19,1.5,,,,22.5
Peter Lake,2007-06-19,2.0,,,,22.6
Peter Lake,2007-06-19,2.5,,,,19.5
Peter Lake,2007-06-19,3.0,,,,16.3
Peter Lake,2007-06-19,3.5,,,,13.7
Peter Lake,2007-06-19,4.0,,,,10.9
Peter Lake,2007-06-19,4.5,,,,9.1
Peter Lake,2007-06-19,5.0,,,,7.3
Peter Lake,2007-06-19,5.5,,,,6.6
Peter Lake,2007-06-19,6.0,,,,5.8
Peter Lake,2007-06-19,6.5,,,,5.5
Peter Lake,2007-06-19,7.0,,,,4.9
Peter Lake,2007-06-19,8.0,,,,4.8
Peter Lake,2007-06-19,9.0,,,,4.7
Peter Lake,2007-06-19,10.0,,,,4.5
Peter Lake,2007-06-19,11.0,,,,4.4
Peter Lake,2007-06-19,12.0,,,,4.4
Peter Lake,2007-06-19,,343.93,15.24,,
Peter Lake,2007-06-26,0.0,,,,24.8
Peter Lake,2007-06-26,0.25,,,,
Peter Lake,2007-06-26,0.5,,,,24.8
Peter Lake,2007-06-26,0.75,,,,
Peter Lake,2007-06-26,1.0,,,,24.7
Peter Lake,2007-06-26,1.5,,,,24.5
Peter Lake,2007-06-26,2.0,,,,23.6
Peter Lake,2007-06-26,2.5,,,,22.1
Peter Lake,2007-06-26,3.0,,,,18.4
Peter Lake,2007-06-26,3.5,,,,15.4
Peter Lake,2007-06-26,4.0,,,,12.6
Peter Lake,2007-06-26,4.5,,,,9.9
Peter Lake,2007-06-26,5.0,,,,9.0
Peter Lake,2007-06-26,5.5,,,,7.1
Peter Lake,2007-06-26,6.0,,,,6.4
Peter Lake,2007-06-26,6.5,,,,5.5
Peter Lake,2007-06-26,7.0,,,,5.0
Peter Lake,2007-06-26,8.0,,,,4.8
Peter Lake,2007-06-26,9.0,,,,4.6
Peter Lake,2007-06-26,10.0,,,,4.5
Peter Lake,2007-06-26,11.0,,,,4.4
Peter Lake,2007-06-26,12.0,,,,4.4
Peter Lake,2007-06-26,,379.09,5.22,,
Peter Lake,2007-07-03,0.0,,,,21.9
Peter Lake,2007-07-03,0.25,,,,
Peter Lake,2007-07-03,0.5,,,,21.9
Peter Lake,2007-07-03,0.75,,,,
Peter Lake,2007-07-03,1.0,,,,21.9
Peter Lake,2007-07-03,1.5,,,,21.9
Peter Lake,2007-07-03,2.0,,,,21.9
Peter Lake,2007-07-03,2.5,,,,21.8
Peter Lake,2007-07-03,3.0,,,,20.9
Peter Lake,2007-07-03,3.5,,,,16.5
Peter Lake,2007-07-03,4.0,,,,13.6
Peter Lake,2007-07-03,4.5,,,,11.0
Peter Lake,2007-07-03,5.0,,,,8.8
Peter Lake,2007-07-03,5.5,,,,7.8
Peter Lake,2007-07-03,6.0,,,,6.6
Peter Lake,2007-07-03,6.5,,,,5.9
Peter Lake,2007-07-03,7.0,,,,5.4
Peter Lake,2007-07-03,8.0,,,,4.8
Peter Lake,2007-07-03,9.0,,,,4.6
Peter Lake,2007-07-03,10.0,,,,4.5
Peter Lake,2007-07-03,11.0,,,,4.4
Peter Lake,2007-07-03,12.0,,,,4.4
Peter Lake,2007-07-03,,423.42,6.65,,
Peter Lake,2007-07-10,0.0,,,,24.4
Peter Lake,2007-07-10,0.25,,,,
Peter Lake,2007-07-10,0.5,,,,24.6
Peter Lake,2007-07-10,0.75,,,,
Peter Lake,2007-07-10,1.0,,,,24.6
Peter Lake,2007-07-10,1.5,,,,24.6
Peter Lake,2007-07-10,2.0,,,,24.5
Peter Lake,2007-07-10,2.5,,,,23.5
Peter Lake,2007-07-10,3.0,,,,21.5
Peter Lake,2007-07-10,3.5,,,,17.9
Peter Lake,2007-07-10,4.0,,,,14.6
Peter Lake,2007-07-10,4.5,,,,11.9
Peter Lake,2007-07-10,5.0,,,,9.6
Peter Lake,2007-07-10,5.5,,,,8.1
Peter Lake,2007-07-10,6.0,,,,7.1
Peter Lake,2007-07-10,6.5,,,,6.3
Peter Lake,2007-07-10,7.0,,,,5.6
Peter Lake,2007-07-10,8.0,,,,4.9
Peter Lake,2007-07-10,9.0,,,,4.6
Peter Lake,2007-07-10,10.0,,,,4.5
Peter Lake,2007-07-10,11.0,,,,4.4
Peter Lake,2007-07-10,12.0,,,,4.4
Peter Lake,2007-07-10,,342.78,12.24,,
Peter Lake,2007-07-17,0.0,,,,21.8
Peter Lake,2007-07-17,0.25,,,,
Peter Lake,2007-07-17,0.5,,,,21.7
Peter Lake,2007-07-17,0.75,,,,
Peter Lake,2007-07-17,1.0,,,,21.6
Peter Lake,2007-07-17,1.5,,,,21.4
Peter Lake,2007-07-17,2.0,,,,21.2
Peter Lake,2007-07-17,2.5,,,,21.0
Peter Lake,2007-07-17,3.0,,,,20.6
Peter Lake,2007-07-17,3.5,,,,19.2
Peter Lake,2007-07-17,4.0,,,,15.5
Peter Lake,2007-07-17,4.5,,,,13.5
Peter Lake,2007-07-17,5.0,,,,10.2
Peter Lake,2007-07-17,5.5,,,,8.8
Peter Lake,2007-07-17,6.0,,,,7.2
Peter Lake,2007-07-17,6.5,,,,6.3
Peter Lake,2007-07-17,7.0,,,,5.4
Peter Lake,2007-07-17,8.0,,,,5.1
Peter Lake,2007-07-17,9.0,,,,4.7
Peter Lake,2007-07-17,10.0,,,,4.5
Peter Lake,2007-07-17,11.0,,,,4.5
Peter Lake,2007-07-17,12.0,,,,4.4
Peter Lake,2007-07-17,,368.02,9.61,,
Peter Lake,2007-07-24,0.0,,,,22.7
Peter Lake,2007-07-24,0.25,,,,
Peter Lake,2007-07-24,0.5,,,,22.8
Peter Lake,2007-07-24,0.75,,,,
Peter Lake,2007-07-24,1.0,,,,22.8
Peter Lake,2007-07-24,1.5,,,,22.7
Peter Lake,2007-07-24,2.0,,,,22.5
Peter Lake,2007-07-24,2.5,,,,22.3
Peter Lake,2007-07-24,3.0,,,,21.6
Peter Lake,2007-07-24,3.5,,,,19.6
Peter Lake,2007-07-24,4.0,,,,16.9
Peter Lake,2007-07-24,4.5,,,,13.6
Peter Lake,2007-07-24,5.0,,,,11.0
Peter Lake,2007-07-24,5.5,,,,9.1
Peter Lake,2007-07-24,6.0,,,,7.6
Peter Lake,2007-07-24,6.5,,,,6.6
Peter Lake,2007-07-24,7.0,,,,5.9
Peter Lake,2007-07-24,8.0,,,,5.1
Peter Lake,2007-07-24,9.0,,,,4.7
Peter Lake,2007-07-24,10.0,,,,4.6
Peter Lake,2007-07-24,11.0,,,,4.4
Peter Lake,2007-07-24,12.0,,,,4.4
Peter Lake,2007-07-24,,355.35,15.89,,
Peter Lake,2007-07-31,0.0,,,,25.0
Peter Lake,2007-07-31,0.25,,,,
Peter Lake,2007-07-31,0.5,,,,24.3
Peter Lake,2007-07-31,0.75,,,,
Peter Lake,2007-07-31,1.0,,,,25.7
Peter Lake,2007-07-31,1.5,,,,20.0
Peter Lake,2007-07-31,2.0,,,,23.0
Peter Lake,2007-07-31,2.5,,,,24.4
Peter Lake,2007-07-31,3.0,,,,22.7
Peter Lake,2007-07-31,3.5,,,,21.2
Peter Lake,2007-07-31,4.0,,,,17.4
Peter Lake,2007-07-31,4.5,,,,14.2
Peter Lake,2007-07-31,5.0,,,,11.3
Peter Lake,2007-07-31,5.5,,,,9.5
Peter Lake,2007-07-31,6.0,,,,8.3
Peter Lake,2007-07-31,6.5,,,,6.8
Peter Lake,2007-07-31,7.0,,,,5.5
Peter Lake,2007-07-31,8.0,,,,5.4
Peter Lake,2007-07-31,9.0,,,,4.8
Peter Lake,2007-07-31,10.0,,,,4.5
Peter Lake,2007-07-31,11.0,,,,4.5
Peter Lake,2007-07-31,12.0,,,,4.5
Peter Lake,2007-07-31,,379.16,16.78,,
Peter Lake,2007-08-07,0.0,,,,23.9
Peter Lake,2007-08-07,0.25,,,,
Peter Lake,2007-08-07,0.5,,,,23.9
Peter Lake,2007-08-07,0.75,,,,
Peter Lake,2007-08-07,1.0,,,,23.8
Peter Lake,2007-08-07,1.5,,,,23.7
Peter Lake,2007-08-07,2.0,,,,23.7
Peter Lake,2007-08-07,2.5,,,,23.6
Peter Lake,2007-08-07,3.0,,,,23.4
Peter Lake,2007-08-07,3.5,,,,20.5
Peter Lake,2007-08-07,4.0,,,,17.8
Peter Lake,2007-08-07,4.5,,,,14.7
Peter Lake,2007-08-07,5.0,,,,11.4
Peter Lake,2007-08-07,5.5,,,,10.0
Peter Lake,2007-08-07,6.0,,,,8.3
Peter Lake,2007-08-07,6.5,,,,6.7
Peter Lake,2007-08-07,7.0,,,,6.0
Peter Lake,2007-08-07,8.0,,,,5.3
Peter Lake,2007-08-07,9.0,,,,4.8
Peter Lake,2007-08-07,10.0,,,,4.6
Peter Lake,2007-08-07,11.0,,,,4.5
Peter Lake,2007-08-07,12.0,,,,4.5
Peter Lake,2007-08-07,,363.68,7.71,,
Peter Lake,2007-08-14,0.0,,,,23.8
Peter Lake,2007-08-14,0.25,,,,
Peter Lake,2007-08-14,0.5,,,,23.8
Peter Lake,2007-08-14,0.75,,,,
Peter Lake,2007-08-14,1.0,,,,23.9
Peter Lake,2007-08-14,1.5,,,,23.9
Peter Lake,2007-08-14,2.0,,,,23.6
Peter Lake,2007-08-14,2.5,,,,23.7
Peter Lake,2007-08-14,3.0,,,,23.9
Peter Lake,2007-08-14,3.5,,,,22.4
Peter Lake,2007-08-14,4.0,,,,18.8
Peter Lake,2007-08-14,4.5,,,,15.3
Peter Lake,2007-08-14,5.0,,,,13.1
Peter Lake,2007-08-14,5.5,,,,10.4
Peter Lake,2007-08-14,6.0,,,,8.6
Peter Lake,2007-08-14,6.5,,,,7.3
Peter Lake,2007-08-14,7.0,,,,6.6
Peter Lake,2007-08-14,8.0,,,,5.5
Peter Lake,2007-08-14,9.0,,,,4.9
Peter Lake,2007-08-14,10.0,,,,4.6
Peter Lake,2007-08-14,11.0,,,,4.5
Peter Lake,2007-08-14,12.0,,,,4.5
Peter Lake,2007-08-14,,347.5,12.82,,
Peter Lake,2007-08-21,0.0,,,,20.0
Peter Lake,2007-08-21,0.25,,,,
Peter Lake,2007-08-21,0.5,,,,20.1
Peter Lake,2007-08-21,0.75,,,,
Peter Lake,2007-08-21,1.0,,,,20.1
Peter Lake,2007-08-21,1.5,,,,20.0
Peter Lake,2007-08-21,2.0,,,,20.0
Peter Lake,2007-08-21,2.5,,,,20.0
Peter Lake,2007-08-21,3.0,,,,20.0
Peter Lake,2007-08-21,3.5,,,,20.0
Peter Lake,2007-08-21,4.0,,,,19.9
Peter Lake,2007-08-21,4.5,,,,16.2
Peter Lake,2007-08-21,5.0,,,,13.0
Peter Lake,2007-08-21,5.5,,,,10.9
Peter Lake,2007-08-21,6.0,,,,8.9
Peter Lake,2007-08-21,6.5,,,,7.7
Peter Lake,2007-08-21,7.0,,,,6.7
Peter Lake,2007-08-21,8.0,,,,5.5
Peter Lake,2007-08-21,9.0,,,,4.9
Peter Lake,2007-08-21,10.0,,,,4.6
Peter Lake,2007-08-21,11.0,,,,4.6
Peter Lake,2007-08-21,12.0,,,,4.6
Peter Lake,2007-08-21,,369.54,11.14,,
Peter Lake,2007-08-28,0.0,,,,21.0
Peter Lake,2007-08-28,0.25,,,,
Peter Lake,2007-08-28,0.5,,,,21.1
Peter Lake,2007-08-28,0.75,,,,
Peter Lake,2007-08-28,1.0,,,,21.1
Peter Lake,2007-08-28,1.5,,,,21.0
Peter Lake,2007-08-28,2.0,,,,20.8
Peter Lake,2007-08-28,2.5,,,,20.7
Peter Lake,2007-08-28,3.0,,,,20.6
Peter Lake,2007-08-28,3.5,,,,20.5
Peter Lake,2007-08-28,4.0,,,,19.4
Peter Lake,2007-08-28,4.5,,,,17.1
Peter Lake,2007-08-28,5.0,,,,14.1
Peter Lake,2007-08-28,5.5,,,,10.9
Peter Lake,2007-08-28,6.0,,,,9.3
Peter Lake,2007-08-28,6.5,,,,7.6
Peter Lake,2007-08-28,7.0,,,,6.9
Peter Lake,2007-08-28,8.0,,,,5.8
Peter Lake,2007-08-28,9.0,,,,5.1
Peter Lake,2007-08-28,10.0,,,,4.7
Peter Lake,2007-08-28,11.0,,,,4.6
Peter Lake,2007-08-28,12.0,,,,4.6
Peter Lake,2007-08-28,,435.16,20.77,,
Peter Lake,2007-10-01,0.0,,,,15.7
Peter Lake,2007-10-01,0.5,,,,15.7
Peter Lake,2007-10-01,1.0,,,,15.7
Peter Lake,2007-10-01,1.5,,,,15.7
Peter Lake,2007-10-01,2.0,,,,15.7
Peter Lake,2007-10-01,2.5,,,,15.7
Peter Lake,2007-10-01,3.0,,,,15.7
Peter Lake,2007-10-01,3.5,,,,15.6
Peter Lake,2007-10-01,4.0,,,,15.6
Peter Lake,2007-10-01,4.5,,,,15.5
Peter Lake,2007-10-01,5.0,,,,15.0
Peter Lake,2007-10-01,5.5,,,,13.5
Peter Lake,2007-10-01,6.0,,,,11.5
Peter Lake,2007-10-01,6.5,,,,9.6
Peter Lake,2007-10-01,7.0,,,,7.7
Peter Lake,2007-10-01,8.0,,,,6.4
Peter Lake,2007-10-01,9.0,,,,5.4
Peter Lake,2007-10-01,10.0,,,,4.8
Peter Lake,2007-10-01,11.0,,,,4.6
Peter Lake,2007-10-01,12.0,,,,4.6
Peter Lake,2008-05-14,0.0,,,,11.9
Peter Lake,2008-05-14,0.25,,,,
Peter Lake,2008-05-14,0.5,,,,11.9
Peter Lake,2008-05-14,0.75,,,,
Peter Lake,2008-05-14,1.0,,,,11.9
Peter Lake,2008-05-14,1.5,,,,11.8
Peter Lake,2008-05-14,2.0,,,,10.6
Peter Lake,2008-05-14,2.5,,,,8.1
Peter Lake,2008-05-14,3.0,,,,6.3
Peter Lake,2008-05-14,3.5,,,,5.7
Peter Lake,2008-05-14,4.0,,,,5.1
Peter Lake,2008-05-14,4.5,,,,4.7
Peter Lake,2008-05-14,5.0,,,,4.5
Peter Lake,2008-05-14,5.5,,,,4.4
Peter Lake,2008-05-14,6.0,,,,4.4
Peter Lake,2008-05-14,6.5,,,,4.3
Peter Lake,2008-05-14,7.0,,,,4.4
Peter Lake,2008-05-14,8.0,,,,4.3
Peter Lake,2008-05-14,9.0,,,,4.3
Peter Lake,2008-05-14,10.0,,,,4.3
Peter Lake,2008-05-14,11.0,,,,4.3
Peter Lake,2008-05-14,12.0,,,,4.3
Peter Lake,2008-05-14,,388.32,10.67,,
Peter Lake,2008-05-19,0.0,,,,12.6
Peter Lake,2008-05-19,0.25,,,,
Peter Lake,2008-05-19,0.5,,,,12.7
Peter Lake,2008-05-19,0.75,,,,
Peter Lake,2008-05-19,1.0,,,,12.6
Peter Lake,2008-05-19,1.5,,,,12.5
Peter Lake,2008-05-19,2.0,,,,11.8
Peter Lake,2008-05-19,2.5,,,,9.4
Peter Lake,2008-05-19,3.0,,,,7.3
Peter Lake,2008-05-19,3.5,,,,6.3
Peter Lake,2008-05-19,4.0,,,,5.4
Peter Lake,2008-05-19,4.5,,,,5.1
Peter Lake,2008-05-19,5.0,,,,4.7
Peter Lake,2008-05-19,5.5,,,,4.6
Peter Lake,2008-05-19,6.0,,,,4.6
Peter Lake,2008-05-19,6.5,,,,4.4
Peter Lake,2008-05-19,7.0,,,,4.4
Peter Lake,2008-05-19,8.0,,,,4.3
Peter Lake,2008-05-19,9.0,,,,4.3
Peter Lake,2008-05-19,10.0,,,,4.3
Peter Lake,2008-05-19,11.0,,,,4.3
Peter Lake,2008-05-19,12.0,,,,4.4
Peter Lake,2008-05-19,,377.03,8.48,,
Peter Lake,2008-05-26,0.0,,,,16.6
Peter Lake,2008-05-26,0.25,,,,
Peter Lake,2008-05-26,0.5,,,,16.6
Peter Lake,2008-05-26,0.75,,,,
Peter Lake,2008-05-26,1.0,,,,16.4
Peter Lake,2008-05-26,1.5,,,,16.2
Peter Lake,2008-05-26,2.0,,,,15.1
Peter Lake,2008-05-26,2.5,,,,11.8
Peter Lake,2008-05-26,3.0,,,,10.3
Peter Lake,2008-05-26,3.5,,,,7.8
Peter Lake,2008-05-26,4.0,,,,6.5
Peter Lake,2008-05-26,4.5,,,,5.7
Peter Lake,2008-05-26,5.0,,,,5.2
Peter Lake,2008-05-26,5.5,,,,4.9
Peter Lake,2008-05-26,6.0,,,,4.8
Peter Lake,2008-05-26,6.5,,,,4.6
Peter Lake,2008-05-26,7.0,,,,4.5
Peter Lake,2008-05-26,8.0,,,,4.4
Peter Lake,2008-05-26,9.0,,,,4.4
Peter Lake,2008-05-26,10.0,,,,4.4
Peter Lake,2008-05-26,11.0,,,,4.4
Peter Lake,2008-05-26,12.0,,,,4.4
Peter Lake,2008-05-26,,358.51,9.44,,
Peter Lake,2008-06-02,0.0,,,,16.4
Peter Lake,2008-06-02,0.25,,,,
Peter Lake,2008-06-02,0.5,,,,16.3
Peter Lake,2008-06-02,0.75,,,,
Peter Lake,2008-06-02,1.0,,,,16.1
Peter Lake,2008-06-02,1.5,,,,15.6
Peter Lake,2008-06-02,2.0,,,,15.4
Peter Lake,2008-06-02,2.5,,,,13.9
Peter Lake,2008-06-02,3.0,,,,11.6
Peter Lake,2008-06-02,3.5,,,,8.6
Peter Lake,2008-06-02,4.0,,,,7.4
Peter Lake,2008-06-02,4.5,,,,6.4
Peter Lake,2008-06-02,5.0,,,,5.8
Peter Lake,2008-06-02,5.5,,,,5.4
Peter Lake,2008-06-02,6.0,,,,5.0
Peter Lake,2008-06-02,6.5,,,,4.7
Peter Lake,2008-06-02,7.0,,,,4.6
Peter Lake,2008-06-02,8.0,,,,4.5
Peter Lake,2008-06-02,9.0,,,,4.4
Peter Lake,2008-06-02,10.0,,,,4.4
Peter Lake,2008-06-02,11.0,,,,4.4
Peter Lake,2008-06-02,12.0,,,,4.4
Peter Lake,2008-06-02,,359.2,11.55,,
Peter Lake,2008-06-09,0.0,,,,19.1
Peter Lake,2008-06-09,0.25,,,,
Peter Lake,2008-06-09,0.5,,,,19.2
Peter Lake,2008-06-09,0.75,,,,
Peter Lake,2008-06-09,1.0,,,,19.1
Peter Lake,2008-06-09,1.5,,,,18.3
Peter Lake,2008-06-09,2.0,,,,17.3
Peter Lake,2008-06-09,2.5,,,,14.8
Peter Lake,2008-06-09,3.0,,,,12.0
Peter Lake,2008-06-09,3.5,,,,9.4
Peter Lake,2008-06-09,4.0,,,,7.8
Peter Lake,2008-06-09,4.5,,,,6.8
Peter Lake,2008-06-09,5.0,,,,5.6
Peter Lake,2008-06-09,5.5,,,,5.2
Peter Lake,2008-06-09,6.0,,,,4.9
Peter Lake,2008-06-09,6.5,,,,4.7
Peter Lake,2008-06-09,7.0,,,,4.6
Peter Lake,2008-06-09,8.0,,,,4.4
Peter Lake,2008-06-09,9.0,,,,4.4
Peter Lake,2008-06-09,10.0,,,,4.4
Peter Lake,2008-06-09,11.0,,,,4.4
Peter Lake,2008-06-09,12.0,,,,4.4
Peter Lake,2008-06-09,,336.6,10.7,,
Peter Lake,2008-06-16,0.0,,,,18.8
Peter Lake,2008-06-16,0.25,,,,
Peter Lake,2008-06-16,0.5,,,,18.9
Peter Lake,2008-06-16,0.75,,,,
Peter Lake,2008-06-16,1.0,,,,18.9
Peter Lake,2008-06-16,1.5,,,,18.9
Peter Lake,2008-06-16,2.0,,,,18.8
Peter Lake,2008-06-16,2.5,,,,16.8
Peter Lake,2008-06-16,3.0,,,,13.4
Peter Lake,2008-06-16,3.5,,,,10.4
Peter Lake,2008-06-16,4.0,,,,8.6
Peter Lake,2008-06-16,4.5,,,,7.4
Peter Lake,2008-06-16,5.0,,,,6.4
Peter Lake,2008-06-16,5.5,,,,5.4
Peter Lake,2008-06-16,6.0,,,,5.0
Peter Lake,2008-06-16,6.5,,,,4.8
Peter Lake,2008-06-16,7.0,,,,4.6
Peter Lake,2008-06-16,8.0,,,,4.5
Peter Lake,2008-06-16,9.0,,,,4.4
Peter Lake,2008-06-16,10.0,,,,4.4
Peter Lake,2008-06-16,11.0,,,,4.4
Peter Lake,2008-06-16,12.0,,,,4.4
Peter Lake,2008-06-16,,301.4,4.85,,
Peter Lake,2008-06-23,0.0,,,,20.1
Peter Lake,2008-06-23,0.25,,,,
Peter Lake,2008-06-23,0.5,,,,20.1
Peter Lake,2008-06-23,0.75,,,,
Peter Lake,2008-06-23,1.0,,,,20.0
Peter Lake,2008-06-23,1.5,,,,19.9
Peter Lake,2008-06-23,2.0,,,,19.9
Peter Lake,2008-06-23,2.5,,,,17.7
Peter Lake,2008-06-23,3.0,,,,15.1
Peter Lake,2008-06-23,3.5,,,,11.9
Peter Lake,2008-06-23,4.0,,,,9.5
Peter Lake,2008-06-23,4.5,,,,8.1
Peter Lake,2008-06-23,5.0,,,,6.7
Peter Lake,2008-06-23,5.5,,,,5.8
Peter Lake,2008-06-23,6.0,,,,5.2
Peter Lake,2008-06-23,6.5,,,,5.0
Peter Lake,2008-06-23,7.0,,,,4.7
Peter Lake,2008-06-23,8.0,,,,4.6
Peter Lake,2008-06-23,9.0,,,,4.4
Peter Lake,2008-06-23,10.0,,,,4.4
Peter Lake,2008-06-23,11.0,,,,4.4
Peter Lake,2008-06-23,12.0,,,,4.4
Peter Lake,2008-06-23,,293.15,5.84,,
Peter Lake,2008-06-30,0.0,,,,21.3
Peter Lake,2008-06-30,0.25,,,,
Peter Lake,2008-06-30,0.5,,,,21.3
Peter Lake,2008-06-30,0.75,,,,
Peter Lake,2008-06-30,1.0,,,,21.2
Peter Lake,2008-06-30,1.5,,,,21.2
Peter Lake,2008-06-30,2.0,,,,21.1
Peter Lake,2008-06-30,2.5,,,,20.0
Peter Lake,2008-06-30,3.0,,,,16.4
Peter Lake,2008-06-30,3.5,,,,13.1
Peter Lake,2008-06-30,4.0,,,,10.2
Peter Lake,2008-06-30,4.5,,,,8.0
Peter Lake,2008-06-30,5.0,,,,7.1
Peter Lake,2008-06-30,5.5,,,,6.2
Peter Lake,2008-06-30,6.0,,,,5.7
Peter Lake,2008-06-30,6.5,,,,5.3
Peter Lake,2008-06-30,7.0,,,,4.9
Peter Lake,2008-06-30,8.0,,,,4.6
Peter Lake,2008-06-30,9.0,,,,4.5
Peter Lake,2008-06-30,10.0,,,,4.4
Peter Lake,2008-06-30,11.0,,,,4.4
Peter Lake,2008-06-30,12.0,,,,4.4
Peter Lake,2008-06-30,,392.07,4.13,,
Peter Lake,2008-07-07,0.0,,,,22.6
Peter Lake,2008-07-07,0.25,,,,
Peter Lake,2008-07-07,0.5,,,,22.7
Peter Lake,2008-07-07,0.75,,,,
Peter Lake,2008-07-07,1.0,,,,22.7
Peter Lake,2008-07-07,1.5,,,,22.7
Peter Lake,2008-07-07,2.0,,,,22.6
Peter Lake,2008-07-07,2.5,,,,21.2
Peter Lake,2008-07-07,3.0,,,,17.9
Peter Lake,2008-07-07,3.5,,,,14.2
Peter Lake,2008-07-07,4.0,,,,11.4
Peter Lake,2008-07-07,4.5,,,,9.2
Peter Lake,2008-07-07,5.0,,,,7.8
Peter Lake,2008-07-07,5.5,,,,6.6
Peter Lake,2008-07-07,6.0,,,,6.1
Peter Lake,2008-07-07,6.5,,,,5.3
Peter Lake,2008-07-07,7.0,,,,5.1
Peter Lake,2008-07-07,8.0,,,,4.7
Peter Lake,2008-07-07,9.0,,,,4.5
Peter Lake,2008-07-07,10.0,,,,4.5
Peter Lake,2008-07-07,11.0,,,,4.5
Peter Lake,2008-07-07,12.0,,,,4.4
Peter Lake,2008-07-07,,359.84,7.54,,
Peter Lake,2008-07-14,0.0,,,,20.6
Peter Lake,2008-07-14,0.25,,,,
Peter Lake,2008-07-14,0.5,,,,20.6
Peter Lake,2008-07-14,0.75,,,,
Peter Lake,2008-07-14,1.0,,,,20.6
Peter Lake,2008-07-14,1.5,,,,20.5
Peter Lake,2008-07-14,2.0,,,,20.5
Peter Lake,2008-07-14,2.5,,,,20.5
Peter Lake,2008-07-14,3.0,,,,19.4
Peter Lake,2008-07-14,3.5,,,,15.5
Peter Lake,2008-07-14,4.0,,,,12.3
Peter Lake,2008-07-14,4.5,,,,9.9
Peter Lake,2008-07-14,5.0,,,,8.0
Peter Lake,2008-07-14,5.5,,,,6.9
Peter Lake,2008-07-14,6.0,,,,6.0
Peter Lake,2008-07-14,6.5,,,,5.6
Peter Lake,2008-07-14,7.0,,,,5.3
Peter Lake,2008-07-14,8.0,,,,4.7
Peter Lake,2008-07-14,9.0,,,,4.6
Peter Lake,2008-07-14,10.0,,,,4.5
Peter Lake,2008-07-14,11.0,,,,4.5
Peter Lake,2008-07-14,12.0,,,,4.5
Peter Lake,2008-07-14,,317.39,4.05,,
Peter Lake,2008-07-21,0.0,,,,22.9
Peter Lake,2008-07-21,0.25,,,,
Peter Lake,2008-07-21,0.5,,,,22.9
Peter Lake,2008-07-21,0.75,,,,
Peter Lake,2008-07-21,1.0,,,,22.9
Peter Lake,2008-07-21,1.5,,,,22.9
Peter Lake,2008-07-21,2.0,,,,22.8
Peter Lake,2008-07-21,2.5,,,,21.8
Peter Lake,2008-07-21,3.0,,,,19.7
Peter Lake,2008-07-21,3.5,,,,17.0
Peter Lake,2008-07-21,4.0,,,,13.5
Peter Lake,2008-07-21,4.5,,,,10.5
Peter Lake,2008-07-21,5.0,,,,8.5
Peter Lake,2008-07-21,5.5,,,,7.2
Peter Lake,2008-07-21,6.0,,,,6.2
Peter Lake,2008-07-21,6.5,,,,5.7
Peter Lake,2008-07-21,7.0,,,,5.3
Peter Lake,2008-07-21,8.0,,,,4.8
Peter Lake,2008-07-21,9.0,,,,4.6
Peter Lake,2008-07-21,10.0,,,,4.5
Peter Lake,2008-07-21,11.0,,,,4.5
Peter Lake,2008-07-21,12.0,,,,4.5
Peter Lake,2008-07-21,,437.84,3.48,,
Peter Lake,2008-07-28,0.0,,,,22.7
Peter Lake,2008-07-28,0.25,,,,
Peter Lake,2008-07-28,0.5,,,,22.7
Peter Lake,2008-07-28,0.75,,,,
Peter Lake,2008-07-28,1.0,,,,22.6
Peter Lake,2008-07-28,1.5,,,,22.6
Peter Lake,2008-07-28,2.0,,,,22.6
Peter Lake,2008-07-28,2.5,,,,22.4
Peter Lake,2008-07-28,3.0,,,,21.0
Peter Lake,2008-07-28,3.5,,,,18.4
Peter Lake,2008-07-28,4.0,,,,14.2
Peter Lake,2008-07-28,4.5,,,,11.3
Peter Lake,2008-07-28,5.0,,,,9.1
Peter Lake,2008-07-28,5.5,,,,7.7
Peter Lake,2008-07-28,6.0,,,,6.7
Peter Lake,2008-07-28,6.5,,,,6.1
Peter Lake,2008-07-28,7.0,,,,5.6
Peter Lake,2008-07-28,8.0,,,,5.0
Peter Lake,2008-07-28,9.0,,,,4.7
Peter Lake,2008-07-28,10.0,,,,4.5
Peter Lake,2008-07-28,11.0,,,,4.5
Peter Lake,2008-07-28,12.0,,,,4.5
Peter Lake,2008-07-28,,348.96,5.48,,
Peter Lake,2008-08-04,0.0,,,,23.5
Peter Lake,2008-08-04,0.25,,,,
Peter Lake,2008-08-04,0.5,,,,23.6
Peter Lake,2008-08-04,0.75,,,,
Peter Lake,2008-08-04,1.0,,,,23.6
Peter Lake,2008-08-04,1.5,,,,23.6
Peter Lake,2008-08-04,2.0,,,,23.5
Peter Lake,2008-08-04,2.5,,,,23.4
Peter Lake,2008-08-04,3.0,,,,22.0
Peter Lake,2008-08-04,3.5,,,,18.3
Peter Lake,2008-08-04,4.0,,,,15.4
Peter Lake,2008-08-04,4.5,,,,11.9
Peter Lake,2008-08-04,5.0,,,,9.8
Peter Lake,2008-08-04,5.5,,,,7.9
Peter Lake,2008-08-04,6.0,,,,6.8
Peter Lake,2008-08-04,6.5,,,,6.2
Peter Lake,2008-08-04,7.0,,,,5.7
Peter Lake,2008-08-04,8.0,,,,5.1
Peter Lake,2008-08-04,9.0,,,,4.7
Peter Lake,2008-08-04,10.0,,,,4.6
Peter Lake,2008-08-04,11.0,,,,4.5
Peter Lake,2008-08-04,12.0,,,,4.5
Peter Lake,2008-08-04,,322.11,4.43,,
Peter Lake,2008-08-11,0.0,,,,22.0
Peter Lake,2008-08-11,0.25,,,,
Peter Lake,2008-08-11,0.5,,,,22.1
Peter Lake,2008-08-11,0.75,,,,
Peter Lake,2008-08-11,1.0,,,,22.0
Peter Lake,2008-08-11,1.5,,,,22.0
Peter Lake,2008-08-11,2.0,,,,22.0
Peter Lake,2008-08-11,2.5,,,,22.0
Peter Lake,2008-08-11,3.0,,,,21.8
Peter Lake,2008-08-11,3.5,,,,18.8
Peter Lake,2008-08-11,4.0,,,,15.8
Peter Lake,2008-08-11,4.5,,,,12.5
Peter Lake,2008-08-11,5.0,,,,9.7
Peter Lake,2008-08-11,5.5,,,,8.4
Peter Lake,2008-08-11,6.0,,,,7.0
Peter Lake,2008-08-11,6.5,,,,6.3
Peter Lake,2008-08-11,7.0,,,,5.6
Peter Lake,2008-08-11,8.0,,,,4.9
Peter Lake,2008-08-11,9.0,,,,4.6
Peter Lake,2008-08-11,10.0,,,,4.6
Peter Lake,2008-08-11,11.0,,,,4.6
Peter Lake,2008-08-11,12.0,,,,4.5
Peter Lake,2008-08-11,,319.4,4.76,,
Peter Lake,2008-08-18,0.0,,,,22.4
Peter Lake,2008-08-18,0.25,,,,
Peter Lake,2008-08-18,0.5,,,,22.5
Peter Lake,2008-08-18,0.75,,,,
Peter Lake,2008-08-18,1.0,,,,22.5
Peter Lake,2008-08-18,1.5,,,,22.4
Peter Lake,2008-08-18,2.0,,,,22.4
Peter Lake,2008-08-18,2.5,,,,22.1
Peter Lake,2008-08-18,3.0,,,,21.7
Peter Lake,2008-08-18,3.5,,,,20.0
Peter Lake,2008-08-18,4.0,,,,16.2
Peter Lake,2008-08-18,4.5,,,,13.4
Peter Lake,2008-08-18,5.0,,,,10.8
Peter Lake,2008-08-18,5.5,,,,8.5
Peter Lake,2008-08-18,6.0,,,,7.2
Peter Lake,2008-08-18,6.5,,,,6.3
Peter Lake,2008-08-18,7.0,,,,5.5
Peter Lake,2008-08-18,8.0,,,,5.0
Peter Lake,2008-08-18,9.0,,,,4.8
Peter Lake,2008-08-18,10.0,,,,4.6
Peter Lake,2008-08-18,11.0,,,,4.5
Peter Lake,2008-08-18,12.0,,,,4.5
Peter Lake,2008-08-18,,242.11,4.65,,
Peter Lake,2009-02-24,0.0,,,,
Peter Lake,2009-02-24,0.25,,,,
Peter Lake,2009-02-24,0.5,,,,
Peter Lake,2009-02-24,0.75,,,,
Peter Lake,2009-02-24,1.0,,,,
Peter Lake,2009-02-24,1.5,,,,
Peter Lake,2009-02-24,2.0,,,,
Peter Lake,2009-02-24,2.5,,,,
Peter Lake,2009-02-24,3.0,,,,
Peter Lake,2009-02-24,3.5,,,,
Peter Lake,2009-02-24,4.0,,,,
Peter Lake,2009-02-24,4.5,,,,
Peter Lake,2009-02-24,5.0,,,,
Peter Lake,2009-02-24,5.5,,,,
Peter Lake,2009-02-24,6.0,,,,
Peter Lake,2009-02-24,6.5,,,,
Peter Lake,2009-05-18,0.0,,,,11.5
Peter Lake,2009-05-18,0.25,,,,
Peter Lake,2009-05-18,0.5,,,,12.3
Peter Lake,2009-05-18,0.75,,,,
Peter Lake,2009-05-18,1.0,,,,12.3
Peter Lake,2009-05-18,1.5,,,,12.1
Peter Lake,2009-05-18,2.0,,,,11.8
Peter Lake,2009-05-18,2.5,,,,11.5
Peter Lake,2009-05-18,3.0,,,,10.3
Peter Lake,2009-05-18,3.5,,,,7.6
Peter Lake,2009-05-18,4.0,,,,6.8
Peter Lake,2009-05-18,4.5,,,,6.0
Peter Lake,2009-05-18,5.0,,,,5.1
Peter Lake,2009-05-18,5.5,,,,4.8
Peter Lake,2009-05-18,6.0,,,,4.7
Peter Lake,2009-05-18,6.5,,,,4.7
Peter Lake,2009-05-18,7.0,,,,4.7
Peter Lake,2009-05-18,8.0,,,,4.5
Peter Lake,2009-05-18,9.0,,,,4.5
Peter Lake,2009-05-18,10.0,,,,4.4
Peter Lake,2009-05-18,11.0,,,,4.4
Peter Lake,2009-05-18,12.0,,,,4.4
Peter Lake,2009-05-18,,313.06,5.94,,
Peter Lake,2009-05-27,0.0,,,,15.5
Peter Lake,2009-05-27,0.25,,,,
Peter Lake,2009-05-27,0.5,,,,16.1
Peter Lake,2009-05-27,0.75,,,,
Peter Lake,2009-05-27,1.0,,,,16.1
Peter Lake,2009-05-27,1.5,,,,16.1
Peter Lake,2009-05-27,2.0,,,,16.1
Peter Lake,2009-05-27,2.5,,,,15.0
Peter Lake,2009-05-27,3.0,,,,12.3
Peter Lake,2009-05-27,3.5,,,,9.6
Peter Lake,2009-05-27,4.0,,,,8.4
Peter Lake,2009-05-27,4.5,,,,6.8
Peter Lake,2009-05-27,5.0,,,,5.9
Peter Lake,2009-05-27,5.5,,,,5.4
Peter Lake,2009-05-27,6.0,,,,5.0
Peter Lake,2009-05-27,6.5,,,,4.9
Peter Lake,2009-05-27,7.0,,,,4.8
Peter Lake,2009-05-27,8.0,,,,4.6
Peter Lake,2009-05-27,9.0,,,,4.5
Peter Lake,2009-05-27,10.0,,,,4.5
Peter Lake,2009-05-27,11.0,,,,4.5
Peter Lake,2009-05-27,12.0,,,,4.5
Peter Lake,2009-05-27,,345.19,7.02,,
Peter Lake,2009-06-01,0.0,,,,15.0
Peter Lake,2009-06-01,0.25,,,,
Peter Lake,2009-06-01,0.5,,,,15.1
Peter Lake,2009-06-01,0.75,,,,
Peter Lake,2009-06-01,1.0,,,,15.1
Peter Lake,2009-06-01,1.5,,,,15.1
Peter Lake,2009-06-01,2.0,,,,15.1
Peter Lake,2009-06-01,2.5,,,,15.1
Peter Lake,2009-06-01,3.0,,,,12.9
Peter Lake,2009-06-01,3.5,,,,10.4
Peter Lake,2009-06-01,4.0,,,,8.7
Peter Lake,2009-06-01,4.5,,,,7.1
Peter Lake,2009-06-01,5.0,,,,6.0
Peter Lake,2009-06-01,5.5,,,,5.5
Peter Lake,2009-06-01,6.0,,,,5.1
Peter Lake,2009-06-01,6.5,,,,4.9
Peter Lake,2009-06-01,7.0,,,,4.9
Peter Lake,2009-06-01,8.0,,,,4.7
Peter Lake,2009-06-01,9.0,,,,4.5
Peter Lake,2009-06-01,10.0,,,,4.5
Peter Lake,2009-06-01,11.0,,,,4.5
Peter Lake,2009-06-01,12.0,,,,4.5
Peter Lake,2009-06-01,,377.71,5.13,,
Peter Lake,2009-06-08,0.0,,,,15.4
Peter Lake,2009-06-08,0.25,,,,
Peter Lake,2009-06-08,0.5,,,,15.5
Peter Lake,2009-06-08,0.75,,,,
Peter Lake,2009-06-08,1.0,,,,15.5
Peter Lake,2009-06-08,1.5,,,,15.5
Peter Lake,2009-06-08,2.0,,,,15.5
Peter Lake,2009-06-08,2.5,,,,15.5
Peter Lake,2009-06-08,3.0,,,,14.3
Peter Lake,2009-06-08,3.5,,,,11.6
Peter Lake,2009-06-08,4.0,,,,9.3
Peter Lake,2009-06-08,4.5,,,,7.8
Peter Lake,2009-06-08,5.0,,,,6.8
Peter Lake,2009-06-08,5.5,,,,5.9
Peter Lake,2009-06-08,6.0,,,,5.5
Peter Lake,2009-06-08,6.5,,,,5.1
Peter Lake,2009-06-08,7.0,,,,5.0
Peter Lake,2009-06-08,8.0,,,,4.7
Peter Lake,2009-06-08,9.0,,,,4.6
Peter Lake,2009-06-08,10.0,,,,4.5
Peter Lake,2009-06-08,11.0,,,,4.5
Peter Lake,2009-06-08,12.0,,,,4.5
Peter Lake,2009-06-08,,321.09,1.08,,
Peter Lake,2009-06-15,0.0,,,,18.0
Peter Lake,2009-06-15,0.25,,,,
Peter Lake,2009-06-15,0.5,,,,18.0
Peter Lake,2009-06-15,0.75,,,,
Peter Lake,2009-06-15,1.0,,,,17.6
Peter Lake,2009-06-15,1.5,,,,17.3
Peter Lake,2009-06-15,2.0,,,,16.4
Peter Lake,2009-06-15,2.5,,,,15.7
Peter Lake,2009-06-15,3.0,,,,14.7
Peter Lake,2009-06-15,3.5,,,,12.9
Peter Lake,2009-06-15,4.0,,,,10.3
Peter Lake,2009-06-15,4.5,,,,8.0
Peter Lake,2009-06-15,5.0,,,,7.4
Peter Lake,2009-06-15,5.5,,,,6.1
Peter Lake,2009-06-15,6.0,,,,5.8
Peter Lake,2009-06-15,6.5,,,,5.3
Peter Lake,2009-06-15,7.0,,,,5.1
Peter Lake,2009-06-15,8.0,,,,4.7
Peter Lake,2009-06-15,9.0,,,,4.6
Peter Lake,2009-06-15,10.0,,,,4.5
Peter Lake,2009-06-15,11.0,,,,4.5
Peter Lake,2009-06-15,12.0,,,,4.5
Peter Lake,2009-06-15,,359.23,7.15,,
Peter Lake,2009-06-22,0.0,,,,23.8
Peter Lake,2009-06-22,0.25,,,,
Peter Lake,2009-06-22,0.5,,,,23.8
Peter Lake,2009-06-22,0.75,,,,
Peter Lake,2009-06-22,1.0,,,,23.6
Peter Lake,2009-06-22,1.5,,,,22.0
Peter Lake,2009-06-22,2.0,,,,19.6
Peter Lake,2009-06-22,2.5,,,,17.6
Peter Lake,2009-06-22,3.0,,,,16.0
Peter Lake,2009-06-22,3.5,,,,13.7
Peter Lake,2009-06-22,4.0,,,,11.4
Peter Lake,2009-06-22,4.5,,,,9.3
Peter Lake,2009-06-22,5.0,,,,7.8
Peter Lake,2009-06-22,5.5,,,,6.7
Peter Lake,2009-06-22,6.0,,,,6.0
Peter Lake,2009-06-22,6.5,,,,5.5
Peter Lake,2009-06-22,7.0,,,,5.2
Peter Lake,2009-06-22,8.0,,,,4.8
Peter Lake,2009-06-22,9.0,,,,4.6
Peter Lake,2009-06-22,10.0,,,,4.6
Peter Lake,2009-06-22,11.0,,,,4.5
Peter Lake,2009-06-22,12.0,,,,4.5
Peter Lake,2009-06-22,,315.62,9.8,,
Peter Lake,2009-06-29,0.0,,,,20.3
Peter Lake,2009-06-29,0.25,,,,
Peter Lake,2009-06-29,0.5,,,,20.7
Peter Lake,2009-06-29,0.75,,,,
Peter Lake,2009-06-29,1.0,,,,20.8
Peter Lake,2009-06-29,1.5,,,,20.8
Peter Lake,2009-06-29,2.0,,,,20.8
Peter Lake,2009-06-29,2.5,,,,20.6
Peter Lake,2009-06-29,3.0,,,,17.1
Peter Lake,2009-06-29,3.5,,,,14.6
Peter Lake,2009-06-29,4.0,,,,12.2
Peter Lake,2009-06-29,4.5,,,,9.7
Peter Lake,2009-06-29,5.0,,,,8.2
Peter Lake,2009-06-29,5.5,,,,7.0
Peter Lake,2009-06-29,6.0,,,,6.3
Peter Lake,2009-06-29,6.5,,,,5.7
Peter Lake,2009-06-29,7.0,,,,5.4
Peter Lake,2009-06-29,8.0,,,,4.9
Peter Lake,2009-06-29,9.0,,,,4.7
Peter Lake,2009-06-29,10.0,,,,4.6
Peter Lake,2009-06-29,11.0,,,,4.5
Peter Lake,2009-06-29,12.0,,,,4.5
Peter Lake,2009-06-29,,310.29,7.93,,
Peter Lake,2009-07-06,0.0,,,,20.3
Peter Lake,2009-07-06,0.25,,,,
Peter Lake,2009-07-06,0.5,,,,20.2
Peter Lake,2009-07-06,0.75,,,,
Peter Lake,2009-07-06,1.0,,,,20.1
Peter Lake,2009-07-06,1.5,,,,20.0
Peter Lake,2009-07-06,2.0,,,,19.7
Peter Lake,2009-07-06,2.5,,,,19.0
Peter Lake,2009-07-06,3.0,,,,17.9
Peter Lake,2009-07-06,3.5,,,,15.2
Peter Lake,2009-07-06,4.0,,,,12.6
Peter Lake,2009-07-06,4.5,,,,10.2
Peter Lake,2009-07-06,5.0,,,,8.7
Peter Lake,2009-07-06,5.5,,,,7.6
Peter Lake,2009-07-06,6.0,,,,6.4
Peter Lake,2009-07-06,6.5,,,,5.7
Peter Lake,2009-07-06,7.0,,,,5.4
Peter Lake,2009-07-06,8.0,,,,5.0
Peter Lake,2009-07-06,9.0,,,,4.7
Peter Lake,2009-07-06,10.0,,,,4.6
Peter Lake,2009-07-06,11.0,,,,4.6
Peter Lake,2009-07-06,12.0,,,,4.6
Peter Lake,2009-07-06,,372.52,6.42,,
Peter Lake,2009-07-13,0.0,,,,21.4
Peter Lake,2009-07-13,0.25,,,,
Peter Lake,2009-07-13,0.5,,,,21.5
Peter Lake,2009-07-13,0.75,,,,
Peter Lake,2009-07-13,1.0,,,,21.4
Peter Lake,2009-07-13,1.5,,,,21.4
Peter Lake,2009-07-13,2.0,,,,21.3
Peter Lake,2009-07-13,2.5,,,,21.2
Peter Lake,2009-07-13,3.0,,,,19.1
Peter Lake,2009-07-13,3.5,,,,16.9
Peter Lake,2009-07-13,4.0,,,,13.7
Peter Lake,2009-07-13,4.5,,,,11.5
Peter Lake,2009-07-13,5.0,,,,9.1
Peter Lake,2009-07-13,5.5,,,,8.0
Peter Lake,2009-07-13,6.0,,,,6.7
Peter Lake,2009-07-13,6.5,,,,6.1
Peter Lake,2009-07-13,7.0,,,,5.6
Peter Lake,2009-07-13,8.0,,,,5.1
Peter Lake,2009-07-13,9.0,,,,4.8
Peter Lake,2009-07-13,10.0,,,,4.6
Peter Lake,2009-07-13,11.0,,,,4.6
Peter Lake,2009-07-13,12.0,,,,4.6
Peter Lake,2009-07-13,,393.93,3.53,,
Peter Lake,2009-07-20,0.0,,,,19.3
Peter Lake,2009-07-20,0.25,,,,
Peter Lake,2009-07-20,0.5,,,,19.1
Peter Lake,2009-07-20,0.75,,,,
Peter Lake,2009-07-20,1.0,,,,19.0
Peter Lake,2009-07-20,1.5,,,,19.0
Peter Lake,2009-07-20,2.0,,,,19.0
Peter Lake,2009-07-20,2.5,,,,19.0
Peter Lake,2009-07-20,3.0,,,,18.8
Peter Lake,2009-07-20,3.5,,,,17.7
Peter Lake,2009-07-20,4.0,,,,15.1
Peter Lake,2009-07-20,4.5,,,,11.8
Peter Lake,2009-07-20,5.0,,,,9.8
Peter Lake,2009-07-20,5.5,,,,8.2
Peter Lake,2009-07-20,6.0,,,,7.3
Peter Lake,2009-07-20,6.5,,,,6.2
Peter Lake,2009-07-20,7.0,,,,5.8
Peter Lake,2009-07-20,8.0,,,,5.1
Peter Lake,2009-07-20,9.0,,,,4.9
Peter Lake,2009-07-20,10.0,,,,4.7
Peter Lake,2009-07-20,11.0,,,,4.6
Peter Lake,2009-07-20,12.0,,,,4.6
Peter Lake,2009-07-20,,343.45,3.38,,
Peter Lake,2009-07-27,0.0,,,,21.4
Peter Lake,2009-07-27,0.25,,,,
Peter Lake,2009-07-27,0.5,,,,21.3
Peter Lake,2009-07-27,0.75,,,,
Peter Lake,2009-07-27,1.0,,,,21.3
Peter Lake,2009-07-27,1.5,,,,21.2
Peter Lake,2009-07-27,2.0,,,,21.1
Peter Lake,2009-07-27,2.5,,,,20.9
Peter Lake,2009-07-27,3.0,,,,20.1
Peter Lake,2009-07-27,3.5,,,,18.4
Peter Lake,2009-07-27,4.0,,,,15.4
Peter Lake,2009-07-27,4.5,,,,13.1
Peter Lake,2009-07-27,5.0,,,,10.6
Peter Lake,2009-07-27,5.5,,,,8.9
Peter Lake,2009-07-27,6.0,,,,7.6
Peter Lake,2009-07-27,6.5,,,,6.7
Peter Lake,2009-07-27,7.0,,,,6.1
Peter Lake,2009-07-27,8.0,,,,5.6
Peter Lake,2009-07-27,9.0,,,,4.9
Peter Lake,2009-07-27,10.0,,,,4.7
Peter Lake,2009-07-27,11.0,,,,4.6
Peter Lake,2009-07-27,12.0,,,,4.6
Peter Lake,2009-07-27,,374.4,9.83,,
Peter Lake,2009-08-03,0.0,,,,20.3
Peter Lake,2009-08-03,0.25,,,,
Peter Lake,2009-08-03,0.5,,,,20.2
Peter Lake,2009-08-03,0.75,,,,
Peter Lake,2009-08-03,1.0,,,,20.2
Peter Lake,2009-08-03,1.5,,,,20.2
Peter Lake,2009-08-03,2.0,,,,20.2
Peter Lake,2009-08-03,2.5,,,,20.1
Peter Lake,2009-08-03,3.0,,,,20.0
Peter Lake,2009-08-03,3.5,,,,19.5
Peter Lake,2009-08-03,4.0,,,,16.6
Peter Lake,2009-08-03,4.5,,,,13.6
Peter Lake,2009-08-03,5.0,,,,11.3
Peter Lake,2009-08-03,5.5,,,,9.3
Peter Lake,2009-08-03,6.0,,,,7.7
Peter Lake,2009-08-03,6.5,,,,7.1
Peter Lake,2009-08-03,7.0,,,,6.2
Peter Lake,2009-08-03,7.5,,,,
Peter Lake,2009-08-03,8.0,,,,5.4
Peter Lake,2009-08-03,9.0,,,,5.0
Peter Lake,2009-08-03,10.0,,,,4.7
Peter Lake,2009-08-03,11.0,,,,4.7
Peter Lake,2009-08-03,12.0,,,,4.6
Peter Lake,2009-08-03,,442.43,4.04,,
Peter Lake,2009-08-10,0.0,,,,21.6
Peter Lake,2009-08-10,0.25,,,,
Peter Lake,2009-08-10,0.5,,,,21.6
Peter Lake,2009-08-10,0.75,,,,
Peter Lake,2009-08-10,1.0,,,,21.5
Peter Lake,2009-08-10,1.5,,,,21.2
Peter Lake,2009-08-10,2.0,,,,21.0
Peter Lake,2009-08-10,2.5,,,,20.8
Peter Lake,2009-08-10,3.0,,,,20.6
Peter Lake,2009-08-10,3.5,,,,19.8
Peter Lake,2009-08-10,4.0,,,,17.3
Peter Lake,2009-08-10,4.5,,,,14.3
Peter Lake,2009-08-10,5.0,,,,11.8
Peter Lake,2009-08-10,5.5,,,,9.7
Peter Lake,2009-08-10,6.0,,,,8.1
Peter Lake,2009-08-10,6.5,,,,7.1
Peter Lake,2009-08-10,7.0,,,,6.3
Peter Lake,2009-08-10,8.0,,,,5.5
Peter Lake,2009-08-10,9.0,,,,5.1
Peter Lake,2009-08-10,10.0,,,,4.8
Peter Lake,2009-08-10,11.0,,,,4.7
Peter Lake,2009-08-10,12.0,,,,4.6
Peter Lake,2009-08-10,,313.07,3.22,,
Peter Lake,2009-08-17,0.0,,,,23.2
Peter Lake,2009-08-17,0.25,,,,
Peter Lake,2009-08-17,0.5,,,,23.2
Peter Lake,2009-08-17,0.75,,,,
Peter Lake,2009-08-17,1.0,,,,23.2
Peter Lake,2009-08-17,1.5,,,,23.1
Peter Lake,2009-08-17,2.0,,,,23.1
Peter Lake,2009-08-17,2.5,,,,23.0
Peter Lake,2009-08-17,3.0,,,,21.7
Peter Lake,2009-08-17,3.5,,,,20.4
Peter Lake,2009-08-17,4.0,,,,18.2
Peter Lake,2009-08-17,4.5,,,,15.3
Peter Lake,2009-08-17,5.0,,,,12.9
Peter Lake,2009-08-17,5.5,,,,10.3
Peter Lake,2009-08-17,6.0,,,,8.9
Peter Lake,2009-08-17,6.5,,,,7.5
Peter Lake,2009-08-17,7.0,,,,6.7
Peter Lake,2009-08-17,8.0,,,,5.7
Peter Lake,2009-08-17,9.0,,,,5.1
Peter Lake,2009-08-17,10.0,,,,4.8
Peter Lake,2009-08-17,11.0,,,,4.6
Peter Lake,2009-08-17,12.0,,,,4.6
Peter Lake,2009-08-17,,406.75,6.64,,
Peter Lake,2009-08-24,0.0,,,,19.9
Peter Lake,2009-08-24,0.5,,,,19.9
Peter Lake,2009-08-24,1.0,,,,19.9
Peter Lake,2009-08-24,1.5,,,,19.9
Peter Lake,2009-08-24,2.0,,,,19.8
Peter Lake,2009-08-24,2.5,,,,19.7
Peter Lake,2009-08-24,3.0,,,,19.6
Peter Lake,2009-08-24,3.5,,,,19.4
Peter Lake,2009-08-24,4.0,,,,18.9
Peter Lake,2009-08-24,4.5,,,,15.6
Peter Lake,2009-08-24,5.0,,,,12.9
Peter Lake,2009-08-24,5.5,,,,10.5
Peter Lake,2009-08-24,6.0,,,,8.5
Peter Lake,2009-08-24,6.5,,,,7.3
Peter Lake,2009-08-24,7.0,,,,6.5
Peter Lake,2009-08-24,8.0,,,,5.5
Peter Lake,2009-08-24,9.0,,,,5.1
Peter Lake,2009-08-24,10.0,,,,4.8
Peter Lake,2009-08-24,11.0,,,,4.7
Peter Lake,2009-08-24,12.0,,,,4.6
Peter Lake,2009-08-24,,309.15,2.86,,
Peter Lake,2010-05-17,0.0,,,,15.5
Peter Lake,2010-05-17,0.25,,,,
Peter Lake,2010-05-17,0.5,,,,14.8
Peter Lake,2010-05-17,0.75,,,,
Peter Lake,2010-05-17,1.0,,,,14.4
Peter Lake,2010-05-17,1.5,,,,13.4
Peter Lake,2010-05-17,2.0,,,,12.7
Peter Lake,2010-05-17,2.5,,,,12.2
Peter Lake,2010-05-17,3.0,,,,12.0
Peter Lake,2010-05-17,3.5,,,,11.5
Peter Lake,2010-05-17,4.0,,,,10.3
Peter Lake,2010-05-17,4.5,,,,8.1
Peter Lake,2010-05-17,5.0,,,,6.9
Peter Lake,2010-05-17,5.5,,,,6.2
Peter Lake,2010-05-17,6.0,,,,5.7
Peter Lake,2010-05-17,6.5,,,,5.3
Peter Lake,2010-05-17,7.0,,,,5.1
Peter Lake,2010-05-17,8.0,,,,4.9
Peter Lake,2010-05-17,9.0,,,,4.8
Peter Lake,2010-05-17,10.0,,,,4.7
Peter Lake,2010-05-17,11.0,,,,4.6
Peter Lake,2010-05-17,12.0,,,,4.6
Peter Lake,2010-05-17,,347.8591777,2.686319684,,
Peter Lake,2010-05-24,0.0,,,,21.0
Peter Lake,2010-05-24,0.25,,,,
Peter Lake,2010-05-24,0.5,,,,20.5
Peter Lake,2010-05-24,0.75,,,,
Peter Lake,2010-05-24,1.0,,,,19.2
Peter Lake,2010-05-24,1.5,,,,18.2
Peter Lake,2010-05-24,2.0,,,,16.1
Peter Lake,2010-05-24,2.5,,,,14.4
Peter Lake,2010-05-24,3.0,,,,13.4
Peter Lake,2010-05-24,3.5,,,,12.4
Peter Lake,2010-05-24,4.0,,,,11.0
Peter Lake,2010-05-24,4.5,,,,8.9
Peter Lake,2010-05-24,5.0,,,,7.6
Peter Lake,2010-05-24,5.5,,,,6.4
Peter Lake,2010-05-24,6.0,,,,5.9
Peter Lake,2010-05-24,6.5,,,,5.6
Peter Lake,2010-05-24,7.0,,,,5.2
Peter Lake,2010-05-24,8.0,,,,4.9
Peter Lake,2010-05-24,9.0,,,,4.8
Peter Lake,2010-05-24,10.0,,,,4.7
Peter Lake,2010-05-24,11.0,,,,4.7
Peter Lake,2010-05-24,12.0,,,,4.6
Peter Lake,2010-05-24,,294.738723,1.37110295,,
Peter Lake,2010-05-31,0.0,,,,22.3
Peter Lake,2010-05-31,0.25,,,,
Peter Lake,2010-05-31,0.5,,,,22.5
Peter Lake,2010-05-31,0.75,,,,
Peter Lake,2010-05-31,1.0,,,,22.6
Peter Lake,2010-05-31,1.5,,,,22.4
Peter Lake,2010-05-31,2.0,,,,19.7
Peter Lake,2010-05-31,2.5,,,,17.4
Peter Lake,2010-05-31,3.0,,,,15.5
Peter Lake,2010-05-31,3.5,,,,13.4
Peter Lake,2010-05-31,4.0,,,,11.8
Peter Lake,2010-05-31,4.5,,,,10.0
Peter Lake,2010-05-31,5.0,,,,8.5
Peter Lake,2010-05-31,5.5,,,,7.2
Peter Lake,2010-05-31,6.0,,,,6.3
Peter Lake,2010-05-31,6.5,,,,5.7
Peter Lake,2010-05-31,7.0,,,,5.4
Peter Lake,2010-05-31,8.0,,,,5.0
Peter Lake,2010-05-31,9.0,,,,4.8
Peter Lake,2010-05-31,10.0,,,,4.7
Peter Lake,2010-05-31,11.0,,,,4.7
Peter Lake,2010-05-31,12.0,,,,4.6
Peter Lake,2010-05-31,,298.3440104,5.448893008,,
Peter Lake,2010-06-07,0.0,,,,19.0
Peter Lake,2010-06-07,0.25,,,,
Peter Lake,2010-06-07,0.5,,,,19.2
Peter Lake,2010-06-07,0.75,,,,
Peter Lake,2010-06-07,1.0,,,,19.1
Peter Lake,2010-06-07,1.5,,,,19.1
Peter Lake,2010-06-07,2.0,,,,19.0
Peter Lake,2010-06-07,2.5,,,,19.0
Peter Lake,2010-06-07,3.0,,,,16.8
Peter Lake,2010-06-07,3.5,,,,14.9
Peter Lake,2010-06-07,4.0,,,,12.9
Peter Lake,2010-06-07,4.5,,,,10.6
Peter Lake,2010-06-07,5.0,,,,9.1
Peter Lake,2010-06-07,5.5,,,,7.6
Peter Lake,2010-06-07,6.0,,,,6.7
Peter Lake,2010-06-07,6.5,,,,6.2
Peter Lake,2010-06-07,7.0,,,,5.6
Peter Lake,2010-06-07,8.0,,,,5.1
Peter Lake,2010-06-07,9.0,,,,4.9
Peter Lake,2010-06-07,10.0,,,,4.8
Peter Lake,2010-06-07,11.0,,,,4.7
Peter Lake,2010-06-07,12.0,,,,4.7
Peter Lake,2010-06-07,,400.0112128,4.563553906,,
Peter Lake,2010-06-14,0.0,,,,18.1
Peter Lake,2010-06-14,0.25,,,,
Peter Lake,2010-06-14,0.5,,,,18.1
Peter Lake,2010-06-14,0.75,,,,
Peter Lake,2010-06-14,1.0,,,,18.1
Peter Lake,2010-06-14,1.5,,,,18.1
Peter Lake,2010-06-14,2.0,,,,18.1
Peter Lake,2010-06-14,2.5,,,,18.0
Peter Lake,2010-06-14,3.0,,,,17.9
Peter Lake,2010-06-14,3.5,,,,16.3
Peter Lake,2010-06-14,4.0,,,,13.7
Peter Lake,2010-06-14,4.5,,,,11.4
Peter Lake,2010-06-14,5.0,,,,9.7
Peter Lake,2010-06-14,5.5,,,,8.2
Peter Lake,2010-06-14,6.0,,,,7.0
Peter Lake,2010-06-14,6.5,,,,6.4
Peter Lake,2010-06-14,7.0,,,,5.9
Peter Lake,2010-06-14,8.0,,,,5.2
Peter Lake,2010-06-14,9.0,,,,5.0
Peter Lake,2010-06-14,10.0,,,,4.8
Peter Lake,2010-06-14,11.0,,,,4.8
Peter Lake,2010-06-14,12.0,,,,4.7
Peter Lake,2010-06-14,,323.3128762,5.991601597,,
Peter Lake,2010-06-21,0.0,,,,22.1
Peter Lake,2010-06-21,0.25,,,,
Peter Lake,2010-06-21,0.5,,,,21.9
Peter Lake,2010-06-21,0.75,,,,
Peter Lake,2010-06-21,1.0,,,,21.6
Peter Lake,2010-06-21,1.5,,,,21.2
Peter Lake,2010-06-21,2.0,,,,20.1
Peter Lake,2010-06-21,2.5,,,,19.5
Peter Lake,2010-06-21,3.0,,,,18.4
Peter Lake,2010-06-21,3.5,,,,16.7
Peter Lake,2010-06-21,4.0,,,,14.1
Peter Lake,2010-06-21,4.5,,,,12.2
Peter Lake,2010-06-21,5.0,,,,9.9
Peter Lake,2010-06-21,5.5,,,,8.4
Peter Lake,2010-06-21,6.0,,,,7.6
Peter Lake,2010-06-21,6.5,,,,6.7
Peter Lake,2010-06-21,7.0,,,,5.8
Peter Lake,2010-06-21,8.0,,,,5.3
Peter Lake,2010-06-21,9.0,,,,4.9
Peter Lake,2010-06-21,10.0,,,,4.8
Peter Lake,2010-06-21,11.0,,,,4.7
Peter Lake,2010-06-21,12.0,,,,4.7
Peter Lake,2010-06-21,,293.710371,4.925928029,,
Peter Lake,2010-06-28,0.0,,,,22.7
Peter Lake,2010-06-28,0.25,,,,
Peter Lake,2010-06-28,0.5,,,,22.8
Peter Lake,2010-06-28,0.75,,,,
Peter Lake,2010-06-28,1.0,,,,22.8
Peter Lake,2010-06-28,1.5,,,,22.8
Peter Lake,2010-06-28,2.0,,,,22.3
Peter Lake,2010-06-28,2.5,,,,20.9
Peter Lake,2010-06-28,3.0,,,,19.1
Peter Lake,2010-06-28,3.5,,,,17.2
Peter Lake,2010-06-28,4.0,,,,14.8
Peter Lake,2010-06-28,4.5,,,,12.6
Peter Lake,2010-06-28,5.0,,,,10.5
Peter Lake,2010-06-28,5.5,,,,8.9
Peter Lake,2010-06-28,6.0,,,,7.8
Peter Lake,2010-06-28,6.5,,,,6.8
Peter Lake,2010-06-28,7.0,,,,6.1
Peter Lake,2010-06-28,8.0,,,,5.3
Peter Lake,2010-06-28,9.0,,,,5.0
Peter Lake,2010-06-28,10.0,,,,4.8
Peter Lake,2010-06-28,11.0,,,,4.8
Peter Lake,2010-06-28,12.0,,,,4.7
Peter Lake,2010-06-28,,329.8341786,9.352550682,,
Peter Lake,2010-07-05,0.0,,,,24.2
Peter Lake,2010-07-05,0.25,,,,
Peter Lake,2010-07-05,0.5,,,,23.8
Peter Lake,2010-07-05,0.75,,,,
Peter Lake,2010-07-05,1.0,,,,23.7
Peter Lake,2010-07-05,1.5,,,,23.7
Peter Lake,2010-07-05,2.0,,,,23.2
Peter Lake,2010-07-05,2.5,,,,22.1
Peter Lake,2010-07-05,3.0,,,,20.7
Peter Lake,2010-07-05,3.5,,,,18.6
Peter Lake,2010-07-05,4.0,,,,16.0
Peter Lake,2010-07-05,4.5,,,,13.4
Peter Lake,2010-07-05,5.0,,,,11.4
Peter Lake,2010-07-05,5.5,,,,9.4
Peter Lake,2010-07-05,6.0,,,,8.0
Peter Lake,2010-07-05,6.5,,,,7.1
Peter Lake,2010-07-05,7.0,,,,6.3
Peter Lake,2010-07-05,7.5,,,,
Peter Lake,2010-07-05,8.0,,,,5.5
Peter Lake,2010-07-05,9.0,,,,5.1
Peter Lake,2010-07-05,10.0,,,,4.8
Peter Lake,2010-07-05,11.0,,,,4.8
Peter Lake,2010-07-05,12.0,,,,4.7
Peter Lake,2010-07-05,,324.4211963,3.426208231,,
Peter Lake,2010-07-12,0.0,,,,24.1
Peter Lake,2010-07-12,0.25,,,,
Peter Lake,2010-07-12,0.5,,,,24.2
Peter Lake,2010-07-12,0.75,,,,
Peter Lake,2010-07-12,1.0,,,,24.1
Peter Lake,2010-07-12,1.5,,,,24.1
Peter Lake,2010-07-12,2.0,,,,24.0
Peter Lake,2010-07-12,2.5,,,,24.0
Peter Lake,2010-07-12,3.0,,,,21.8
Peter Lake,2010-07-12,3.5,,,,19.2
Peter Lake,2010-07-12,4.0,,,,16.3
Peter Lake,2010-07-12,4.5,,,,13.8
Peter Lake,2010-07-12,5.0,,,,11.6
Peter Lake,2010-07-12,5.5,,,,9.7
Peter Lake,2010-07-12,6.0,,,,8.3
Peter Lake,2010-07-12,6.5,,,,7.3
Peter Lake,2010-07-12,7.0,,,,6.5
Peter Lake,2010-07-12,8.0,,,,5.6
Peter Lake,2010-07-12,9.0,,,,5.1
Peter Lake,2010-07-12,10.0,,,,4.9
Peter Lake,2010-07-12,11.0,,,,4.8
Peter Lake,2010-07-12,12.0,,,,4.7
Peter Lake,2010-07-12,,261.4815218,3.180687518,,
Peter Lake,2010-07-19,0.0,,,,24.6
Peter Lake,2010-07-19,0.25,,,,
Peter Lake,2010-07-19,0.5,,,,24.4
Peter Lake,2010-07-19,0.75,,,,
Peter Lake,2010-07-19,1.0,,,,24.3
Peter Lake,2010-07-19,1.5,,,,24.2
Peter Lake,2010-07-19,2.0,,,,24.2
Peter Lake,2010-07-19,2.5,,,,24.1
Peter Lake,2010-07-19,3.0,,,,22.7
Peter Lake,2010-07-19,3.5,,,,20.6
Peter Lake,2010-07-19,4.0,,,,17.5
Peter Lake,2010-07-19,4.5,,,,14.7
Peter Lake,2010-07-19,5.0,,,,12.2
Peter Lake,2010-07-19,5.5,,,,10.4
Peter Lake,2010-07-19,6.0,,,,8.8
Peter Lake,2010-07-19,6.5,,,,7.6
Peter Lake,2010-07-19,7.0,,,,6.7
Peter Lake,2010-07-19,8.0,,,,5.9
Peter Lake,2010-07-19,9.0,,,,5.1
Peter Lake,2010-07-19,10.0,,,,4.9
Peter Lake,2010-07-19,11.0,,,,4.8
Peter Lake,2010-07-19,12.0,,,,4.8
Peter Lake,2010-07-19,,284.8321681,6.160320331,,
Peter Lake,2010-07-26,0.0,,,,24.0
Peter Lake,2010-07-26,0.25,,,,
Peter Lake,2010-07-26,0.5,,,,23.9
Peter Lake,2010-07-26,0.75,,,,
Peter Lake,2010-07-26,1.0,,,,23.8
Peter Lake,2010-07-26,1.5,,,,23.8
Peter Lake,2010-07-26,2.0,,,,23.7
Peter Lake,2010-07-26,2.5,,,,23.7
Peter Lake,2010-07-26,3.0,,,,23.3
Peter Lake,2010-07-26,3.5,,,,20.6
Peter Lake,2010-07-26,4.0,,,,18.5
Peter Lake,2010-07-26,4.5,,,,15.2
Peter Lake,2010-07-26,5.0,,,,12.6
Peter Lake,2010-07-26,5.5,,,,10.6
Peter Lake,2010-07-26,6.0,,,,9.2
Peter Lake,2010-07-26,6.5,,,,7.8
Peter Lake,2010-07-26,7.0,,,,7.0
Peter Lake,2010-07-26,8.0,,,,5.9
Peter Lake,2010-07-26,9.0,,,,5.3
Peter Lake,2010-07-26,10.0,,,,5.1
Peter Lake,2010-07-26,11.0,,,,4.9
Peter Lake,2010-07-26,12.0,,,,4.8
Peter Lake,2010-07-26,,269.9517164,5.358816978,,
Peter Lake,2010-08-02,0.0,,,,24.2
Peter Lake,2010-08-02,0.25,,,,
Peter Lake,2010-08-02,0.5,,,,24.2
Peter Lake,2010-08-02,0.75,,,,
Peter Lake,2010-08-02,1.0,,,,24.2
Peter Lake,2010-08-02,1.5,,,,24.1
Peter Lake,2010-08-02,2.0,,,,24.1
Peter Lake,2010-08-02,2.5,,,,24.1
Peter Lake,2010-08-02,3.0,,,,24.0
Peter Lake,2010-08-02,3.5,,,,22.2
Peter Lake,2010-08-02,4.0,,,,19.5
Peter Lake,2010-08-02,4.5,,,,16.2
Peter Lake,2010-08-02,5.0,,,,13.5
Peter Lake,2010-08-02,5.5,,,,11.1
Peter Lake,2010-08-02,6.0,,,,9.8
Peter Lake,2010-08-02,6.5,,,,7.9
Peter Lake,2010-08-02,7.0,,,,7.3
Peter Lake,2010-08-02,7.5,,,,
Peter Lake,2010-08-02,8.0,,,,6.1
Peter Lake,2010-08-02,9.0,,,,5.4
Peter Lake,2010-08-02,10.0,,,,5.1
Peter Lake,2010-08-02,11.0,,,,4.9
Peter Lake,2010-08-02,12.0,,,,4.8
Peter Lake,2010-08-02,,295.7335851,2.401411131,,
Peter Lake,2010-08-09,0.0,,,,24.9
Peter Lake,2010-08-09,0.25,,,,
Peter Lake,2010-08-09,0.5,,,,24.7
Peter Lake,2010-08-09,0.75,,,,
Peter Lake,2010-08-09,1.0,,,,24.6
Peter Lake,2010-08-09,1.5,,,,24.4
Peter Lake,2010-08-09,2.0,,,,24.3
Peter Lake,2010-08-09,2.5,,,,24.1
Peter Lake,2010-08-09,3.0,,,,23.7
Peter Lake,2010-08-09,3.5,,,,22.8
Peter Lake,2010-08-09,4.0,,,,19.2
Peter Lake,2010-08-09,4.5,,,,16.5
Peter Lake,2010-08-09,5.0,,,,14.2
Peter Lake,2010-08-09,5.5,,,,11.6
Peter Lake,2010-08-09,6.0,,,,9.7
Peter Lake,2010-08-09,6.5,,,,8.3
Peter Lake,2010-08-09,7.0,,,,7.4
Peter Lake,2010-08-09,8.0,,,,6.1
Peter Lake,2010-08-09,9.0,,,,5.5
Peter Lake,2010-08-09,10.0,,,,5.1
Peter Lake,2010-08-09,11.0,,,,4.9
Peter Lake,2010-08-09,12.0,,,,4.8
Peter Lake,2010-08-09,,233.9212514,5.097733,,
Peter Lake,2010-08-16,0.0,,,,23.4
Peter Lake,2010-08-16,0.25,,,,
Peter Lake,2010-08-16,0.5,,,,23.4
Peter Lake,2010-08-16,0.75,,,,
Peter Lake,2010-08-16,1.0,,,,23.4
Peter Lake,2010-08-16,1.5,,,,23.4
Peter Lake,2010-08-16,2.0,,,,23.3
Peter Lake,2010-08-16,2.5,,,,23.3
Peter Lake,2010-08-16,3.0,,,,23.2
Peter Lake,2010-08-16,3.5,,,,23.1
Peter Lake,2010-08-16,4.0,,,,19.9
Peter Lake,2010-08-16,4.5,,,,17.0
Peter Lake,2010-08-16,5.0,,,,14.4
Peter Lake,2010-08-16,5.5,,,,11.9
Peter Lake,2010-08-16,6.0,,,,10.2
Peter Lake,2010-08-16,6.5,,,,8.6
Peter Lake,2010-08-16,7.0,,,,7.7
Peter Lake,2010-08-16,8.0,,,,6.3
Peter Lake,2010-08-16,9.0,,,,5.5
Peter Lake,2010-08-16,10.0,,,,5.1
Peter Lake,2010-08-16,11.0,,,,4.9
Peter Lake,2010-08-16,12.0,,,,4.8
Peter Lake,2010-08-16,,280.807653,3.705775639,,
Peter Lake,2010-08-23,0.0,,,,22.5
Peter Lake,2010-08-23,0.25,,,,
Peter Lake,2010-08-23,0.5,,,,22.4
Peter Lake,2010-08-23,0.75,,,,
Peter Lake,2010-08-23,1.0,,,,22.3
Peter Lake,2010-08-23,1.5,,,,22.2
Peter Lake,2010-08-23,2.0,,,,22.2
Peter Lake,2010-08-23,2.5,,,,22.0
Peter Lake,2010-08-23,3.0,,,,21.8
Peter Lake,2010-08-23,3.5,,,,21.5
Peter Lake,2010-08-23,4.0,,,,20.3
Peter Lake,2010-08-23,4.5,,,,17.6
Peter Lake,2010-08-23,5.0,,,,14.6
Peter Lake,2010-08-23,5.5,,,,12.1
Peter Lake,2010-08-23,6.0,,,,10.4
Peter Lake,2010-08-23,6.5,,,,8.9
Peter Lake,2010-08-23,7.0,,,,7.6
Peter Lake,2010-08-23,8.0,,,,6.3
Peter Lake,2010-08-23,9.0,,,,5.5
Peter Lake,2010-08-23,10.0,,,,5.1
Peter Lake,2010-08-23,11.0,,,,4.9
Peter Lake,2010-08-23,12.0,,,,4.8
Peter Lake,2010-08-23,,285.7660514,1.805716007,,
Peter Lake,2011-05-16,0.0,,,,11.7
Peter Lake,2011-05-16,0.25,,,,
Peter Lake,2011-05-16,0.5,,,,11.7
Peter Lake,2011-05-16,0.75,,,,
Peter Lake,2011-05-16,1.0,,,,11.5
Peter Lake,2011-05-16,1.5,,,,11.1
Peter Lake,2011-05-16,2.0,,,,10.8
Peter Lake,2011-05-16,2.5,,,,8.7
Peter Lake,2011-05-16,3.0,,,,6.8
Peter Lake,2011-05-16,3.5,,,,5.9
Peter Lake,2011-05-16,4.0,,,,5.5
Peter Lake,2011-05-16,4.5,,,,5.2
Peter Lake,2011-05-16,5.0,,,,5.1
Peter Lake,2011-05-16,5.5,,,,4.9
Peter Lake,2011-05-16,6.0,,,,4.8
Peter Lake,2011-05-16,6.5,,,,4.6
Peter Lake,2011-05-16,7.0,,,,4.6
Peter Lake,2011-05-16,,445.7459784,32.57295671,,
Peter Lake,2011-05-23,0.0,,,,17.6
Peter Lake,2011-05-23,0.25,,,,
Peter Lake,2011-05-23,0.5,,,,18.6
Peter Lake,2011-05-23,0.75,,,,
Peter Lake,2011-05-23,1.0,,,,18.1
Peter Lake,2011-05-23,1.5,,,,15.1
Peter Lake,2011-05-23,2.0,,,,12.4
Peter Lake,2011-05-23,2.5,,,,9.8
Peter Lake,2011-05-23,3.0,,,,7.7
Peter Lake,2011-05-23,3.5,,,,6.7
Peter Lake,2011-05-23,4.0,,,,5.8
Peter Lake,2011-05-23,4.5,,,,5.4
Peter Lake,2011-05-23,5.0,,,,5.1
Peter Lake,2011-05-23,5.5,,,,4.9
Peter Lake,2011-05-23,6.0,,,,4.8
Peter Lake,2011-05-23,6.5,,,,4.7
Peter Lake,2011-05-23,7.0,,,,4.6
Peter Lake,2011-05-23,8.0,,,,4.4
Peter Lake,2011-05-23,9.0,,,,4.4
Peter Lake,2011-05-23,10.0,,,,4.4
Peter Lake,2011-05-23,11.0,,,,4.4
Peter Lake,2011-05-23,12.0,,,,4.4
Peter Lake,2011-05-23,,286.1566727,13.40075066,,
Peter Lake,2011-05-30,0.0,,,,16.2
Peter Lake,2011-05-30,0.25,,,,
Peter Lake,2011-05-30,0.5,,,,16.4
Peter Lake,2011-05-30,0.75,,,,
Peter Lake,2011-05-30,1.0,,,,16.4
Peter Lake,2011-05-30,1.5,,,,16.4
Peter Lake,2011-05-30,2.0,,,,14.8
Peter Lake,2011-05-30,2.5,,,,11.4
Peter Lake,2011-05-30,3.0,,,,9.2
Peter Lake,2011-05-30,3.5,,,,7.6
Peter Lake,2011-05-30,4.0,,,,6.6
Peter Lake,2011-05-30,4.5,,,,5.8
Peter Lake,2011-05-30,5.0,,,,5.4
Peter Lake,2011-05-30,5.5,,,,5.2
Peter Lake,2011-05-30,6.0,,,,5.0
Peter Lake,2011-05-30,6.5,,,,4.7
Peter Lake,2011-05-30,7.0,,,,4.6
Peter Lake,2011-05-30,8.0,,,,4.5
Peter Lake,2011-05-30,9.0,,,,4.5
Peter Lake,2011-05-30,10.0,,,,4.4
Peter Lake,2011-05-30,11.0,,,,4.4
Peter Lake,2011-05-30,12.0,,,,4.4
Peter Lake,2011-05-30,,254.3040975,5.083113117,,
Peter Lake,2011-06-06,0.0,,,,21.2
Peter Lake,2011-06-06,0.25,,,,
Peter Lake,2011-06-06,0.5,,,,21.1
Peter Lake,2011-06-06,0.75,,,,
Peter Lake,2011-06-06,1.0,,,,20.8
Peter Lake,2011-06-06,1.5,,,,19.3
Peter Lake,2011-06-06,2.0,,,,17.3
Peter Lake,2011-06-06,2.5,,,,13.8
Peter Lake,2011-06-06,3.0,,,,10.8
Peter Lake,2011-06-06,3.5,,,,8.4
Peter Lake,2011-06-06,4.0,,,,7.3
Peter Lake,2011-06-06,4.5,,,,6.3
Peter Lake,2011-06-06,5.0,,,,5.5
Peter Lake,2011-06-06,5.5,,,,5.3
Peter Lake,2011-06-06,6.0,,,,4.9
Peter Lake,2011-06-06,6.5,,,,4.8
Peter Lake,2011-06-06,7.0,,,,4.6
Peter Lake,2011-06-06,8.0,,,,4.6
Peter Lake,2011-06-06,9.0,,,,4.5
Peter Lake,2011-06-06,10.0,,,,4.5
Peter Lake,2011-06-06,11.0,,,,4.5
Peter Lake,2011-06-06,12.0,,,,4.5
Peter Lake,2011-06-06,,498.6945315,3.109579054,,
Peter Lake,2011-06-13,0.0,,,,19.4
Peter Lake,2011-06-13,0.25,,,,
Peter Lake,2011-06-13,0.5,,,,19.0
Peter Lake,2011-06-13,0.75,,,,
Peter Lake,2011-06-13,1.0,,,,18.8
Peter Lake,2011-06-13,1.5,,,,18.7
Peter Lake,2011-06-13,2.0,,,,18.2
Peter Lake,2011-06-13,2.5,,,,15.9
Peter Lake,2011-06-13,3.0,,,,12.2
Peter Lake,2011-06-13,3.5,,,,9.3
Peter Lake,2011-06-13,4.0,,,,7.7
Peter Lake,2011-06-13,4.5,,,,6.7
Peter Lake,2011-06-13,5.0,,,,5.9
Peter Lake,2011-06-13,5.5,,,,5.4
Peter Lake,2011-06-13,6.0,,,,5.3
Peter Lake,2011-06-13,6.5,,,,4.9
Peter Lake,2011-06-13,7.0,,,,4.7
Peter Lake,2011-06-13,8.0,,,,4.7
Peter Lake,2011-06-13,9.0,,,,4.5
Peter Lake,2011-06-13,10.0,,,,4.5
Peter Lake,2011-06-13,11.0,,,,4.5
Peter Lake,2011-06-13,12.0,,,,4.5
Peter Lake,2011-06-13,,387.4699752,8.820467324,,
Peter Lake,2011-06-20,0.0,,,,19.0
Peter Lake,2011-06-20,0.25,,,,
Peter Lake,2011-06-20,0.5,,,,19.0
Peter Lake,2011-06-20,0.75,,,,
Peter Lake,2011-06-20,1.0,,,,19.0
Peter Lake,2011-06-20,1.5,,,,18.9
Peter Lake,2011-06-20,2.0,,,,18.8
Peter Lake,2011-06-20,2.5,,,,17.2
Peter Lake,2011-06-20,3.0,,,,13.4
Peter Lake,2011-06-20,3.5,,,,10.8
Peter Lake,2011-06-20,4.0,,,,8.4
Peter Lake,2011-06-20,4.5,,,,7.2
Peter Lake,2011-06-20,5.0,,,,6.3
Peter Lake,2011-06-20,5.5,,,,5.8
Peter Lake,2011-06-20,6.0,,,,5.2
Peter Lake,2011-06-20,6.5,,,,4.8
Peter Lake,2011-06-20,7.0,,,,4.7
Peter Lake,2011-06-20,8.0,,,,4.7
Peter Lake,2011-06-20,9.0,,,,4.5
Peter Lake,2011-06-20,10.0,,,,4.5
Peter Lake,2011-06-20,11.0,,,,4.5
Peter Lake,2011-06-20,12.0,,,,4.5
Peter Lake,2011-06-20,,538.1025414,6.209417377,,
Peter Lake,2011-06-27,0.0,,,,21.1
Peter Lake,2011-06-27,0.25,,,,
Peter Lake,2011-06-27,0.5,,,,21.0
Peter Lake,2011-06-27,0.75,,,,
Peter Lake,2011-06-27,1.0,,,,20.6
Peter Lake,2011-06-27,1.5,,,,19.6
Peter Lake,2011-06-27,2.0,,,,18.5
Peter Lake,2011-06-27,2.5,,,,17.2
Peter Lake,2011-06-27,3.0,,,,14.8
Peter Lake,2011-06-27,3.5,,,,11.6
Peter Lake,2011-06-27,4.0,,,,9.4
Peter Lake,2011-06-27,4.5,,,,7.3
Peter Lake,2011-06-27,5.0,,,,6.5
Peter Lake,2011-06-27,5.5,,,,6.0
Peter Lake,2011-06-27,6.0,,,,5.5
Peter Lake,2011-06-27,6.5,,,,5.1
Peter Lake,2011-06-27,7.0,,,,4.9
Peter Lake,2011-06-27,8.0,,,,4.9
Peter Lake,2011-06-27,9.0,,,,4.6
Peter Lake,2011-06-27,10.0,,,,4.5
Peter Lake,2011-06-27,11.0,,,,4.5
Peter Lake,2011-06-27,12.0,,,,4.5
Peter Lake,2011-06-27,,405.0873406,10.06365563,,
Peter Lake,2011-07-04,0.0,,,,24.7
Peter Lake,2011-07-04,0.25,,,,
Peter Lake,2011-07-04,0.5,,,,24.5
Peter Lake,2011-07-04,0.75,,,,
Peter Lake,2011-07-04,1.0,,,,24.2
Peter Lake,2011-07-04,1.5,,,,22.1
Peter Lake,2011-07-04,2.0,,,,21.1
Peter Lake,2011-07-04,2.5,,,,18.2
Peter Lake,2011-07-04,3.0,,,,15.5
Peter Lake,2011-07-04,3.5,,,,12.3
Peter Lake,2011-07-04,4.0,,,,10.0
Peter Lake,2011-07-04,4.5,,,,8.1
Peter Lake,2011-07-04,5.0,,,,7.0
Peter Lake,2011-07-04,5.5,,,,6.2
Peter Lake,2011-07-04,6.0,,,,5.6
Peter Lake,2011-07-04,6.5,,,,5.2
Peter Lake,2011-07-04,7.0,,,,5.0
Peter Lake,2011-07-04,8.0,,,,4.8
Peter Lake,2011-07-04,9.0,,,,4.6
Peter Lake,2011-07-04,10.0,,,,4.6
Peter Lake,2011-07-04,11.0,,,,4.5
Peter Lake,2011-07-04,12.0,,,,4.5
Peter Lake,2011-07-04,,596.1058714,7.059185217,,
Peter Lake,2011-07-11,0.0,,,,26.1
Peter Lake,2011-07-11,0.25,,,,
Peter Lake,2011-07-11,0.5,,,,26.1
Peter Lake,2011-07-11,0.75,,,,
Peter Lake,2011-07-11,1.0,,,,25.7
Peter Lake,2011-07-11,1.5,,,,24.7
Peter Lake,2011-07-11,2.0,,,,23.8
Peter Lake,2011-07-11,2.5,,,,19.9
Peter Lake,2011-07-11,3.0,,,,16.5
Peter Lake,2011-07-11,3.5,,,,13.1
Peter Lake,2011-07-11,4.0,,,,10.6
Peter Lake,2011-07-11,4.5,,,,8.9
Peter Lake,2011-07-11,5.0,,,,
Peter Lake,2011-07-11,5.5,,,,
Peter Lake,2011-07-11,6.0,,,,
Peter Lake,2011-07-11,,355.3618025,6.134729587,,
Peter Lake,2011-07-18,0.0,,,,26.9
Peter Lake,2011-07-18,0.25,,,,
Peter Lake,2011-07-18,0.5,,,,26.3
Peter Lake,2011-07-18,0.75,,,,
Peter Lake,2011-07-18,1.0,,,,24.8
Peter Lake,2011-07-18,1.5,,,,23.8
Peter Lake,2011-07-18,2.0,,,,23.1
Peter Lake,2011-07-18,2.5,,,,21.2
Peter Lake,2011-07-18,3.0,,,,17.5
Peter Lake,2011-07-18,3.5,,,,14.1
Peter Lake,2011-07-18,4.0,,,,11.5
Peter Lake,2011-07-18,4.5,,,,8.9
Peter Lake,2011-07-18,5.0,,,,7.6
Peter Lake,2011-07-18,5.5,,,,6.6
Peter Lake,2011-07-18,6.0,,,,6.0
Peter Lake,2011-07-18,6.5,,,,5.6
Peter Lake,2011-07-18,7.0,,,,5.3
Peter Lake,2011-07-18,8.0,,,,4.9
Peter Lake,2011-07-18,9.0,,,,4.7
Peter Lake,2011-07-18,10.0,,,,4.6
Peter Lake,2011-07-18,11.0,,,,4.6
Peter Lake,2011-07-18,12.0,,,,4.6
Peter Lake,2011-07-18,,354.2733759,-1.351206138,,
Peter Lake,2011-07-25,0.0,,,,25.3
Peter Lake,2011-07-25,0.25,,,,
Peter Lake,2011-07-25,0.5,,,,25.3
Peter Lake,2011-07-25,0.75,,,,
Peter Lake,2011-07-25,1.0,,,,25.2
Peter Lake,2011-07-25,1.5,,,,25.1
Peter Lake,2011-07-25,2.0,,,,25.0
Peter Lake,2011-07-25,2.5,,,,22.6
Peter Lake,2011-07-25,3.0,,,,18.8
Peter Lake,2011-07-25,3.5,,,,14.9
Peter Lake,2011-07-25,4.0,,,,11.9
Peter Lake,2011-07-25,4.5,,,,9.9
Peter Lake,2011-07-25,5.0,,,,8.1
Peter Lake,2011-07-25,5.5,,,,6.9
Peter Lake,2011-07-25,6.0,,,,6.1
Peter Lake,2011-07-25,6.5,,,,5.5
Peter Lake,2011-07-25,7.0,,,,5.2
Peter Lake,2011-07-25,8.0,,,,4.9
Peter Lake,2011-07-25,9.0,,,,4.7
Peter Lake,2011-07-25,10.0,,,,4.6
Peter Lake,2011-07-25,11.0,,,,4.6
Peter Lake,2011-07-25,12.0,,,,4.6
Peter Lake,2011-07-25,,292.4525381,4.990912034,,
Peter Lake,2011-08-01,0.0,,,,25.5
Peter Lake,2011-08-01,0.25,,,,
Peter Lake,2011-08-01,0.5,,,,25.3
Peter Lake,2011-08-01,0.75,,,,
Peter Lake,2011-08-01,1.0,,,,25.1
Peter Lake,2011-08-01,1.5,,,,25.0
Peter Lake,2011-08-01,2.0,,,,24.9
Peter Lake,2011-08-01,2.5,,,,23.2
Peter Lake,2011-08-01,3.0,,,,20.1
Peter Lake,2011-08-01,3.5,,,,16.2
Peter Lake,2011-08-01,4.0,,,,13.0
Peter Lake,2011-08-01,4.5,,,,10.4
Peter Lake,2011-08-01,5.0,,,,8.6
Peter Lake,2011-08-01,5.5,,,,7.5
Peter Lake,2011-08-01,6.0,,,,6.5
Peter Lake,2011-08-01,6.5,,,,5.9
Peter Lake,2011-08-01,7.0,,,,5.3
Peter Lake,2011-08-01,8.0,,,,4.9
Peter Lake,2011-08-01,9.0,,,,4.7
Peter Lake,2011-08-01,10.0,,,,4.7
Peter Lake,2011-08-01,11.0,,,,4.6
Peter Lake,2011-08-01,12.0,,,,4.6
Peter Lake,2011-08-01,,267.0150712,5.907102086,,
Peter Lake,2011-08-09,0.0,,,,24.2
Peter Lake,2011-08-09,0.25,,,,
Peter Lake,2011-08-09,0.5,,,,24.4
Peter Lake,2011-08-09,0.75,,,,
Peter Lake,2011-08-09,1.0,,,,24.4
Peter Lake,2011-08-09,1.5,,,,24.5
Peter Lake,2011-08-09,2.0,,,,24.5
Peter Lake,2011-08-09,2.5,,,,24.2
Peter Lake,2011-08-09,3.0,,,,21.5
Peter Lake,2011-08-09,3.5,,,,17.2
Peter Lake,2011-08-09,4.0,,,,14.0
Peter Lake,2011-08-09,4.5,,,,11.0
Peter Lake,2011-08-09,5.0,,,,9.1
Peter Lake,2011-08-09,5.5,,,,7.6
Peter Lake,2011-08-09,6.0,,,,6.5
Peter Lake,2011-08-09,6.5,,,,6.0
Peter Lake,2011-08-09,7.0,,,,5.5
Peter Lake,2011-08-09,8.0,,,,5.0
Peter Lake,2011-08-09,9.0,,,,4.8
Peter Lake,2011-08-09,10.0,,,,4.7
Peter Lake,2011-08-09,11.0,,,,4.7
Peter Lake,2011-08-09,12.0,,,,4.6
Peter Lake,2011-08-09,,385.055523,10.88024096,,
Peter Lake,2011-08-15,0.0,,,,24.3
Peter Lake,2011-08-15,0.25,,,,
Peter Lake,2011-08-15,0.5,,,,23.9
Peter Lake,2011-08-15,0.75,,,,
Peter Lake,2011-08-15,1.0,,,,23.7
Peter Lake,2011-08-15,1.5,,,,23.5
Peter Lake,2011-08-15,2.0,,,,23.4
Peter Lake,2011-08-15,2.5,,,,22.8
Peter Lake,2011-08-15,3.0,,,,21.6
Peter Lake,2011-08-15,3.5,,,,17.8
Peter Lake,2011-08-15,4.0,,,,14.0
Peter Lake,2011-08-15,4.5,,,,11.6
Peter Lake,2011-08-15,5.0,,,,9.4
Peter Lake,2011-08-15,5.5,,,,7.8
Peter Lake,2011-08-15,6.0,,,,6.8
Peter Lake,2011-08-15,6.5,,,,6.1
Peter Lake,2011-08-15,7.0,,,,5.6
Peter Lake,2011-08-15,8.0,,,,5.0
Peter Lake,2011-08-15,9.0,,,,4.8
Peter Lake,2011-08-15,10.0,,,,4.7
Peter Lake,2011-08-15,11.0,,,,4.6
Peter Lake,2011-08-15,12.0,,,,4.6
Peter Lake,2011-08-15,,366.3374603,0.876711051,,
Peter Lake,2011-08-22,0.0,,,,22.5
Peter Lake,2011-08-22,0.25,,,,
Peter Lake,2011-08-22,0.5,,,,22.6
Peter Lake,2011-08-22,0.75,,,,
Peter Lake,2011-08-22,1.0,,,,22.5
Peter Lake,2011-08-22,1.5,,,,22.5
Peter Lake,2011-08-22,2.0,,,,22.4
Peter Lake,2011-08-22,2.5,,,,22.4
Peter Lake,2011-08-22,3.0,,,,21.8
Peter Lake,2011-08-22,3.5,,,,18.6
Peter Lake,2011-08-22,4.0,,,,15.2
Peter Lake,2011-08-22,4.5,,,,12.2
Peter Lake,2011-08-22,5.0,,,,9.7
Peter Lake,2011-08-22,5.5,,,,8.3
Peter Lake,2011-08-22,6.0,,,,7.3
Peter Lake,2011-08-22,6.5,,,,6.2
Peter Lake,2011-08-22,7.0,,,,5.8
Peter Lake,2011-08-22,8.0,,,,5.2
Peter Lake,2011-08-22,9.0,,,,4.9
Peter Lake,2011-08-22,10.0,,,,4.8
Peter Lake,2011-08-22,11.0,,,,4.7
Peter Lake,2011-08-22,12.0,,,,4.7
Peter Lake,2011-08-22,,363.0710001,1.187144456,,
Peter Lake,2011-08-29,0.0,,,,21.8
Peter Lake,2011-08-29,0.25,,,,
Peter Lake,2011-08-29,0.5,,,,21.8
Peter Lake,2011-08-29,0.75,,,,
Peter Lake,2011-08-29,1.0,,,,21.6
Peter Lake,2011-08-29,1.5,,,,21.5
Peter Lake,2011-08-29,2.0,,,,21.5
Peter Lake,2011-08-29,2.5,,,,21.5
Peter Lake,2011-08-29,3.0,,,,21.4
Peter Lake,2011-08-29,3.5,,,,19.2
Peter Lake,2011-08-29,4.0,,,,15.7
Peter Lake,2011-08-29,4.5,,,,12.5
Peter Lake,2011-08-29,5.0,,,,10.2
Peter Lake,2011-08-29,5.5,,,,8.3
Peter Lake,2011-08-29,6.0,,,,7.4
Peter Lake,2011-08-29,6.5,,,,6.6
Peter Lake,2011-08-29,7.0,,,,6.0
Peter Lake,2011-08-29,8.0,,,,5.3
Peter Lake,2011-08-29,9.0,,,,4.9
Peter Lake,2011-08-29,10.0,,,,4.8
Peter Lake,2011-08-29,11.0,,,,4.7
Peter Lake,2011-08-29,12.0,,,,4.7
Peter Lake,2011-08-29,,313.2026563,0.051223328,,
Peter Lake,2012-05-21,0.0,,,,20.4
Peter Lake,2012-05-21,0.25,,,,
Peter Lake,2012-05-21,0.5,,,,20.2
Peter Lake,2012-05-21,0.75,,,,
Peter Lake,2012-05-21,1.0,,,,19.5
Peter Lake,2012-05-21,1.5,,,,19.2
Peter Lake,2012-05-21,2.0,,,,18.2
Peter Lake,2012-05-21,2.5,,,,16.7
Peter Lake,2012-05-21,3.0,,,,14.2
Peter Lake,2012-05-21,3.5,,,,12.4
Peter Lake,2012-05-21,4.0,,,,10.9
Peter Lake,2012-05-21,4.5,,,,9.6
Peter Lake,2012-05-21,5.0,,,,7.9
Peter Lake,2012-05-21,5.5,,,,7.0
Peter Lake,2012-05-21,6.0,,,,6.1
Peter Lake,2012-05-21,6.5,,,,5.5
Peter Lake,2012-05-21,7.0,,,,5.2
Peter Lake,2012-05-21,8.0,,,,4.8
Peter Lake,2012-05-21,9.0,,,,4.7
Peter Lake,2012-05-21,10.0,,,,4.6
Peter Lake,2012-05-21,11.0,,,,4.5
Peter Lake,2012-05-21,12.0,,,,4.5
Peter Lake,2012-05-21,,413.7087132,8.467201326,,
Peter Lake,2012-05-28,0.0,,,,20.8
Peter Lake,2012-05-28,0.25,,,,
Peter Lake,2012-05-28,0.5,,,,20.6
Peter Lake,2012-05-28,0.75,,,,
Peter Lake,2012-05-28,1.0,,,,20.4
Peter Lake,2012-05-28,1.5,,,,19.6
Peter Lake,2012-05-28,2.0,,,,19.2
Peter Lake,2012-05-28,2.5,,,,18.1
Peter Lake,2012-05-28,3.0,,,,16.0
Peter Lake,2012-05-28,3.5,,,,13.4
Peter Lake,2012-05-28,4.0,,,,11.7
Peter Lake,2012-05-28,4.5,,,,10.0
Peter Lake,2012-05-28,5.0,,,,8.6
Peter Lake,2012-05-28,5.5,,,,7.4
Peter Lake,2012-05-28,6.0,,,,7.1
Peter Lake,2012-05-28,6.5,,,,6.6
Peter Lake,2012-05-28,7.0,,,,5.3
Peter Lake,2012-05-28,8.0,,,,5.0
Peter Lake,2012-05-28,9.0,,,,4.6
Peter Lake,2012-05-28,10.0,,,,4.6
Peter Lake,2012-05-28,11.0,,,,4.5
Peter Lake,2012-05-28,12.0,,,,4.5
Peter Lake,2012-05-28,,523.9465847,11.30293561,,
Peter Lake,2012-06-04,0.0,,,,19.7
Peter Lake,2012-06-04,0.25,,,,
Peter Lake,2012-06-04,0.5,,,,19.6
Peter Lake,2012-06-04,0.75,,,,
Peter Lake,2012-06-04,1.0,,,,19.4
Peter Lake,2012-06-04,1.5,,,,19.1
Peter Lake,2012-06-04,2.0,,,,18.7
Peter Lake,2012-06-04,2.5,,,,18.4
Peter Lake,2012-06-04,3.0,,,,17.2
Peter Lake,2012-06-04,3.5,,,,15.4
Peter Lake,2012-06-04,4.0,,,,12.4
Peter Lake,2012-06-04,4.5,,,,11.2
Peter Lake,2012-06-04,5.0,,,,9.1
Peter Lake,2012-06-04,5.5,,,,7.9
Peter Lake,2012-06-04,6.0,,,,6.7
Peter Lake,2012-06-04,6.5,,,,5.7
Peter Lake,2012-06-04,7.0,,,,5.2
Peter Lake,2012-06-04,8.0,,,,4.9
Peter Lake,2012-06-04,9.0,,,,4.7
Peter Lake,2012-06-04,10.0,,,,4.6
Peter Lake,2012-06-04,11.0,,,,4.6
Peter Lake,2012-06-04,12.0,,,,4.6
Peter Lake,2012-06-04,,358.7668984,7.216048478,,
Peter Lake,2012-06-11,0.0,,,,23.0
Peter Lake,2012-06-11,0.25,,,,
Peter Lake,2012-06-11,0.5,,,,23.0
Peter Lake,2012-06-11,0.75,,,,
Peter Lake,2012-06-11,1.0,,,,23.0
Peter Lake,2012-06-11,1.5,,,,23.0
Peter Lake,2012-06-11,2.0,,,,22.0
Peter Lake,2012-06-11,2.5,,,,20.6
Peter Lake,2012-06-11,3.0,,,,18.6
Peter Lake,2012-06-11,3.5,,,,16.2
Peter Lake,2012-06-11,4.0,,,,13.2
Peter Lake,2012-06-11,4.5,,,,11.2
Peter Lake,2012-06-11,5.0,,,,9.9
Peter Lake,2012-06-11,5.5,,,,8.4
Peter Lake,2012-06-11,6.0,,,,7.0
Peter Lake,2012-06-11,6.5,,,,6.2
Peter Lake,2012-06-11,7.0,,,,5.4
Peter Lake,2012-06-11,,621.3296671,9.118681365,,
Peter Lake,2012-06-18,0.0,,,,21.1
Peter Lake,2012-06-18,0.25,,,,
Peter Lake,2012-06-18,0.5,,,,21.1
Peter Lake,2012-06-18,0.75,,,,
Peter Lake,2012-06-18,1.0,,,,21.1
Peter Lake,2012-06-18,1.5,,,,21.1
Peter Lake,2012-06-18,2.0,,,,21.0
Peter Lake,2012-06-18,2.5,,,,20.5
Peter Lake,2012-06-18,3.0,,,,20.0
Peter Lake,2012-06-18,3.5,,,,17.3
Peter Lake,2012-06-18,4.0,,,,14.9
Peter Lake,2012-06-18,4.5,,,,12.1
Peter Lake,2012-06-18,5.0,,,,9.8
Peter Lake,2012-06-18,5.5,,,,9.0
Peter Lake,2012-06-18,6.0,,,,7.9
Peter Lake,2012-06-18,6.5,,,,6.4
Peter Lake,2012-06-18,7.0,,,,5.7
Peter Lake,2012-06-18,8.0,,,,5.1
Peter Lake,2012-06-18,9.0,,,,4.9
Peter Lake,2012-06-18,10.0,,,,4.7
Peter Lake,2012-06-18,,483.4284025,10.60931064,,
Peter Lake,2012-06-25,0.0,,,,22.4
Peter Lake,2012-06-25,0.25,,,,
Peter Lake,2012-06-25,0.5,,,,22.2
Peter Lake,2012-06-25,0.75,,,,
Peter Lake,2012-06-25,1.0,,,,22.0
Peter Lake,2012-06-25,1.5,,,,21.9
Peter Lake,2012-06-25,2.0,,,,21.8
Peter Lake,2012-06-25,2.5,,,,21.6
Peter Lake,2012-06-25,3.0,,,,21.0
Peter Lake,2012-06-25,3.5,,,,18.1
Peter Lake,2012-06-25,4.0,,,,15.9
Peter Lake,2012-06-25,4.5,,,,13.4
Peter Lake,2012-06-25,5.0,,,,10.9
Peter Lake,2012-06-25,5.5,,,,9.3
Peter Lake,2012-06-25,6.0,,,,8.1
Peter Lake,2012-06-25,6.5,,,,6.9
Peter Lake,2012-06-25,7.0,,,,6.0
Peter Lake,2012-06-25,,345.3525988,11.50238983,,
Peter Lake,2012-07-02,0.0,,,,26.3
Peter Lake,2012-07-02,0.25,,,,
Peter Lake,2012-07-02,0.5,,,,26.0
Peter Lake,2012-07-02,0.75,,,,
Peter Lake,2012-07-02,1.0,,,,25.7
Peter Lake,2012-07-02,1.5,,,,25.5
Peter Lake,2012-07-02,2.0,,,,24.8
Peter Lake,2012-07-02,2.5,,,,24.1
Peter Lake,2012-07-02,3.0,,,,22.2
Peter Lake,2012-07-02,3.5,,,,19.6
Peter Lake,2012-07-02,4.0,,,,16.6
Peter Lake,2012-07-02,4.5,,,,13.8
Peter Lake,2012-07-02,5.0,,,,11.6
Peter Lake,2012-07-02,5.5,,,,9.7
Peter Lake,2012-07-02,6.0,,,,8.4
Peter Lake,2012-07-02,6.5,,,,7.1
Peter Lake,2012-07-02,7.0,,,,6.3
Peter Lake,2012-07-02,8.0,,,,5.4
Peter Lake,2012-07-02,9.0,,,,5.1
Peter Lake,2012-07-02,10.0,,,,4.8
Peter Lake,2012-07-02,,465.4211967,7.745677083,,
Peter Lake,2012-07-09,0.0,,,,25.7
Peter Lake,2012-07-09,0.25,,,,
Peter Lake,2012-07-09,0.5,,,,25.8
Peter Lake,2012-07-09,0.75,,,,
Peter Lake,2012-07-09,1.0,,,,25.7
Peter Lake,2012-07-09,1.5,,,,25.7
Peter Lake,2012-07-09,2.0,,,,25.6
Peter Lake,2012-07-09,2.5,,,,25.6
Peter Lake,2012-07-09,3.0,,,,23.0
Peter Lake,2012-07-09,3.5,,,,20.4
Peter Lake,2012-07-09,4.0,,,,17.3
Peter Lake,2012-07-09,4.5,,,,14.7
Peter Lake,2012-07-09,5.0,,,,12.5
Peter Lake,2012-07-09,5.5,,,,10.4
Peter Lake,2012-07-09,6.0,,,,8.8
Peter Lake,2012-07-09,6.5,,,,7.4
Peter Lake,2012-07-09,7.0,,,,6.5
Peter Lake,2012-07-09,8.0,,,,5.6
Peter Lake,2012-07-09,9.0,,,,5.2
Peter Lake,2012-07-09,10.0,,,,4.9
Peter Lake,2012-07-09,,406.2592616,10.48402399,,
Peter Lake,2012-07-16,0.0,,,,26.4
Peter Lake,2012-07-16,0.25,,,,
Peter Lake,2012-07-16,0.5,,,,26.5
Peter Lake,2012-07-16,0.75,,,,
Peter Lake,2012-07-16,1.0,,,,26.5
Peter Lake,2012-07-16,1.5,,,,26.5
Peter Lake,2012-07-16,2.0,,,,26.4
Peter Lake,2012-07-16,2.5,,,,26.3
Peter Lake,2012-07-16,3.0,,,,24.6
Peter Lake,2012-07-16,3.5,,,,21.4
Peter Lake,2012-07-16,4.0,,,,18.7
Peter Lake,2012-07-16,4.5,,,,15.7
Peter Lake,2012-07-16,5.0,,,,12.7
Peter Lake,2012-07-16,5.5,,,,10.6
Peter Lake,2012-07-16,6.0,,,,8.7
Peter Lake,2012-07-16,6.5,,,,7.6
Peter Lake,2012-07-16,7.0,,,,6.7
Peter Lake,2012-07-16,8.0,,,,5.7
Peter Lake,2012-07-16,9.0,,,,5.3
Peter Lake,2012-07-16,10.0,,,,5.0
Peter Lake,2012-07-16,,471.962677,7.284703436,,
Peter Lake,2012-07-23,0.0,,,,26.5
Peter Lake,2012-07-23,0.25,,,,
Peter Lake,2012-07-23,0.5,,,,26.5
Peter Lake,2012-07-23,0.75,,,,
Peter Lake,2012-07-23,1.0,,,,26.5
Peter Lake,2012-07-23,1.5,,,,26.4
Peter Lake,2012-07-23,2.0,,,,26.4
Peter Lake,2012-07-23,2.5,,,,25.7
Peter Lake,2012-07-23,3.0,,,,25.0
Peter Lake,2012-07-23,3.5,,,,22.6
Peter Lake,2012-07-23,4.0,,,,19.3
Peter Lake,2012-07-23,4.5,,,,15.6
Peter Lake,2012-07-23,5.0,,,,13.5
Peter Lake,2012-07-23,5.5,,,,11.1
Peter Lake,2012-07-23,6.0,,,,9.0
Peter Lake,2012-07-23,6.5,,,,7.9
Peter Lake,2012-07-23,7.0,,,,7.0
Peter Lake,2012-07-23,8.0,,,,5.9
Peter Lake,2012-07-23,9.0,,,,5.3
Peter Lake,2012-07-23,,531.7860418,3.859299293,,
Peter Lake,2012-07-30,0.0,,,,25.1
Peter Lake,2012-07-30,0.25,,,,
Peter Lake,2012-07-30,0.5,,,,25.1
Peter Lake,2012-07-30,0.75,,,,
Peter Lake,2012-07-30,1.0,,,,25.1
Peter Lake,2012-07-30,1.5,,,,25.0
Peter Lake,2012-07-30,2.0,,,,25.0
Peter Lake,2012-07-30,2.5,,,,25.0
Peter Lake,2012-07-30,3.0,,,,24.9
Peter Lake,2012-07-30,3.5,,,,23.5
Peter Lake,2012-07-30,4.0,,,,20.5
Peter Lake,2012-07-30,4.5,,,,16.7
Peter Lake,2012-07-30,5.0,,,,13.8
Peter Lake,2012-07-30,5.5,,,,11.1
Peter Lake,2012-07-30,6.0,,,,9.6
Peter Lake,2012-07-30,6.5,,,,8.1
Peter Lake,2012-07-30,7.0,,,,6.9
Peter Lake,2012-07-30,8.0,,,,6.0
Peter Lake,2012-07-30,9.0,,,,5.5
Peter Lake,2012-07-30,10.0,,,,5.0
Peter Lake,2012-07-30,,469.1312062,12.60038914,,
Peter Lake,2012-08-06,0.0,,,,23.7
Peter Lake,2012-08-06,0.25,,,,
Peter Lake,2012-08-06,0.5,,,,23.8
Peter Lake,2012-08-06,0.75,,,,
Peter Lake,2012-08-06,1.0,,,,23.8
Peter Lake,2012-08-06,1.5,,,,23.8
Peter Lake,2012-08-06,2.0,,,,23.7
Peter Lake,2012-08-06,2.5,,,,23.7
Peter Lake,2012-08-06,3.0,,,,23.7
Peter Lake,2012-08-06,3.5,,,,23.6
Peter Lake,2012-08-06,4.0,,,,20.4
Peter Lake,2012-08-06,4.5,,,,17.4
Peter Lake,2012-08-06,5.0,,,,13.7
Peter Lake,2012-08-06,5.5,,,,11.6
Peter Lake,2012-08-06,6.0,,,,9.8
Peter Lake,2012-08-06,6.5,,,,8.3
Peter Lake,2012-08-06,7.0,,,,7.1
Peter Lake,2012-08-06,8.0,,,,6.1
Peter Lake,2012-08-06,9.0,,,,5.4
Peter Lake,2012-08-06,,534.3098169,2.713842799,,
Peter Lake,2012-08-13,0.0,,,,21.8
Peter Lake,2012-08-13,0.25,,,,
Peter Lake,2012-08-13,0.5,,,,21.9
Peter Lake,2012-08-13,0.75,,,,
Peter Lake,2012-08-13,1.0,,,,21.9
Peter Lake,2012-08-13,1.5,,,,21.9
Peter Lake,2012-08-13,2.0,,,,21.8
Peter Lake,2012-08-13,2.5,,,,21.8
Peter Lake,2012-08-13,3.0,,,,21.8
Peter Lake,2012-08-13,3.5,,,,21.8
Peter Lake,2012-08-13,4.0,,,,21.5
Peter Lake,2012-08-13,4.5,,,,18.2
Peter Lake,2012-08-13,5.0,,,,14.8
Peter Lake,2012-08-13,5.5,,,,12.0
Peter Lake,2012-08-13,6.0,,,,10.1
Peter Lake,2012-08-13,6.5,,,,8.6
Peter Lake,2012-08-13,7.0,,,,7.3
Peter Lake,2012-08-13,8.0,,,,6.3
Peter Lake,2012-08-13,9.0,,,,5.7
Peter Lake,2012-08-13,10.0,,,,5.3
Peter Lake,2012-08-13,,508.3790276,19.78698661,,
Peter Lake,2012-08-20,0.0,,,,20.7
Peter Lake,2012-08-20,0.25,,,,
Peter Lake,2012-08-20,0.5,,,,20.8
Peter Lake,2012-08-20,0.75,,,,
Peter Lake,2012-08-20,1.0,,,,20.7
Peter Lake,2012-08-20,1.5,,,,20.7
Peter Lake,2012-08-20,2.0,,,,20.7
Peter Lake,2012-08-20,2.5,,,,20.7
Peter Lake,2012-08-20,3.0,,,,20.6
Peter Lake,2012-08-20,3.5,,,,20.6
Peter Lake,2012-08-20,4.0,,,,20.6
Peter Lake,2012-08-20,4.5,,,,18.4
Peter Lake,2012-08-20,5.0,,,,14.9
Peter Lake,2012-08-20,5.5,,,,12.3
Peter Lake,2012-08-20,6.0,,,,10.2
Peter Lake,2012-08-20,6.5,,,,8.8
Peter Lake,2012-08-20,7.0,,,,7.6
Peter Lake,2012-08-20,8.0,,,,6.4
Peter Lake,2012-08-20,9.0,,,,5.7
Peter Lake,2012-08-20,10.0,,,,5.1
Peter Lake,2012-08-20,11.0,,,,4.9
Peter Lake,2012-08-20,,480.0873927,6.405803215,,
Peter Lake,2012-08-27,0.0,,,,22.2
Peter Lake,2012-08-27,0.25,,,,
Peter Lake,2012-08-27,0.5,,,,22.3
Peter Lake,2012-08-27,0.75,,,,
Peter Lake,2012-08-27,1.0,,,,22.2
Peter Lake,2012-08-27,1.5,,,,22.2
Peter Lake,2012-08-27,2.0,,,,22.1
Peter Lake,2012-08-27,2.5,,,,21.9
Peter Lake,2012-08-27,3.0,,,,21.6
Peter Lake,2012-08-27,3.5,,,,21.3
Peter Lake,2012-08-27,4.0,,,,20.5
Peter Lake,2012-08-27,4.5,,,,18.8
Peter Lake,2012-08-27,5.0,,,,16.1
Peter Lake,2012-08-27,5.5,,,,12.6
Peter Lake,2012-08-27,6.0,,,,10.9
Peter Lake,2012-08-27,6.5,,,,8.9
Peter Lake,2012-08-27,7.0,,,,7.8
Peter Lake,2012-08-27,8.0,,,,6.5
Peter Lake,2012-08-27,9.0,,,,5.7
Peter Lake,2012-08-27,10.0,,,,5.1
Peter Lake,2012-08-27,11.0,,,,5.0
Peter Lake,2012-08-27,12.0,,,,4.7
Peter Lake,2012-08-27,,355.8704501,10.15348429,,
Peter Lake,2013-05-20,0.0,,,,18.2
Peter Lake,2013-05-20,0.25,,,,
Peter Lake,2013-05-20,0.5,,,,18.0
Peter Lake,2013-05-20,0.75,,,,
Peter Lake,2013-05-20,1.0,,,,15.6
Peter Lake,2013-05-20,1.5,,,,12.2
Peter Lake,2013-05-20,2.0,,,,8.9
Peter Lake,2013-05-20,2.5,,,,7.6
Peter Lake,2013-05-20,3.0,,,,6.8
Peter Lake,2013-05-20,3.5,,,,6.1
Peter Lake,2013-05-20,4.0,,,4.589661885,5.6
Peter Lake,2013-05-20,4.5,,,,5.4
Peter Lake,2013-05-20,5.0,,,,5.0
Peter Lake,2013-05-20,5.5,,,,4.8
Peter Lake,2013-05-20,6.0,,,,4.6
Peter Lake,2013-05-20,6.5,,,,4.4
Peter Lake,2013-05-20,7.0,,,,4.4
Peter Lake,2013-05-20,8.0,,,,4.3
Peter Lake,2013-05-20,9.0,,,,4.3
Peter Lake,2013-05-20,10.0,,,,4.3
Peter Lake,2013-05-20,11.0,,,,4.3
Peter Lake,2013-05-20,12.0,,,6.953871049,4.3
Peter Lake,2013-05-20,,,,3.145639051,
Peter Lake,2013-05-27,0.0,,,,16.1
Peter Lake,2013-05-27,0.25,,,,
Peter Lake,2013-05-27,0.5,360.04299,10.46786,,16.1
Peter Lake,2013-05-27,0.75,,,,
Peter Lake,2013-05-27,1.0,,,,16.0
Peter Lake,2013-05-27,1.5,,,,14.9
Peter Lake,2013-05-27,2.0,,,,12.2
Peter Lake,2013-05-27,2.5,,,,9.6
Peter Lake,2013-05-27,3.0,,,,8.6
Peter Lake,2013-05-27,3.5,,,,7.3
Peter Lake,2013-05-27,4.0,,,2.62419137,6.3
Peter Lake,2013-05-27,4.5,,,,5.6
Peter Lake,2013-05-27,5.0,,,,5.2
Peter Lake,2013-05-27,5.5,,,,4.8
Peter Lake,2013-05-27,6.0,,,,4.7
Peter Lake,2013-05-27,6.5,,,,4.5
Peter Lake,2013-05-27,7.0,,,,4.4
Peter Lake,2013-05-27,8.0,,,,4.4
Peter Lake,2013-05-27,9.0,,,,4.3
Peter Lake,2013-05-27,10.0,,,,4.3
Peter Lake,2013-05-27,11.0,,,,4.3
Peter Lake,2013-05-27,12.0,,,7.021696186,4.3
Peter Lake,2013-05-27,,,,0.73979892,
Peter Lake,2013-05-28,0.5,368.44899,3.49961,,
Peter Lake,2013-05-29,0.5,352.61769,4.14998,,
Peter Lake,2013-05-30,0.5,371.53119,2.91118,,
Peter Lake,2013-05-31,0.5,373.29645,12.82158,,
Peter Lake,2013-06-01,0.5,370.73262,4.92423,,
Peter Lake,2013-06-02,0.5,282.09135,-0.15485,,
Peter Lake,2013-06-03,0.0,,,,17.1
Peter Lake,2013-06-03,0.25,,,,
Peter Lake,2013-06-03,0.5,288.47991,-3.097,,16.9
Peter Lake,2013-06-03,0.75,,,,
Peter Lake,2013-06-03,1.0,,,,16.7
Peter Lake,2013-06-03,1.5,,,,16.5
Peter Lake,2013-06-03,2.0,,,,13.5
Peter Lake,2013-06-03,2.5,,,,10.9
Peter Lake,2013-06-03,3.0,,,,8.9
Peter Lake,2013-06-03,3.5,,,,7.6
Peter Lake,2013-06-03,4.0,,,0.912048347,6.6
Peter Lake,2013-06-03,4.5,,,,5.9
Peter Lake,2013-06-03,5.0,,,,5.4
Peter Lake,2013-06-03,5.5,,,,4.9
Peter Lake,2013-06-03,6.0,,,,4.6
Peter Lake,2013-06-03,6.5,,,,4.5
Peter Lake,2013-06-03,7.0,,,,4.5
Peter Lake,2013-06-03,8.0,,,,4.5
Peter Lake,2013-06-03,9.0,,,,4.4
Peter Lake,2013-06-03,10.0,,,,4.4
Peter Lake,2013-06-03,11.0,,,,4.3
Peter Lake,2013-06-03,12.0,,,18.51837573,4.4
Peter Lake,2013-06-03,,,,0.888115788,
Peter Lake,2013-06-04,0.5,275.24046,9.75555,,
Peter Lake,2013-06-05,0.5,324.54165,7.52571,,
Peter Lake,2013-06-06,0.5,275.77284,9.04324,,
Peter Lake,2013-06-07,0.5,273.50322,9.69361,,
Peter Lake,2013-06-08,0.5,291.71622,4.11901,,
Peter Lake,2013-06-09,0.5,311.80656,4.86229,,
Peter Lake,2013-06-10,0.0,,,,17.9
Peter Lake,2013-06-10,0.25,,,,
Peter Lake,2013-06-10,0.5,351.02055,4.92423,,17.2
Peter Lake,2013-06-10,0.75,,,,
Peter Lake,2013-06-10,1.0,,,,17.0
Peter Lake,2013-06-10,1.5,,,,16.6
Peter Lake,2013-06-10,2.0,,,,15.1
Peter Lake,2013-06-10,2.5,,,,12.4
Peter Lake,2013-06-10,3.0,,,,9.9
Peter Lake,2013-06-10,3.5,,,,8.3
Peter Lake,2013-06-10,4.0,,,1.138699439,7.1
Peter Lake,2013-06-10,4.5,,,,6.1
Peter Lake,2013-06-10,5.0,,,,5.5
Peter Lake,2013-06-10,5.5,,,,5.0
Peter Lake,2013-06-10,6.0,,,,4.6
Peter Lake,2013-06-10,6.5,,,,4.6
Peter Lake,2013-06-10,7.0,,,,4.6
Peter Lake,2013-06-10,8.0,,,,4.5
Peter Lake,2013-06-10,9.0,,,,4.4
Peter Lake,2013-06-10,10.0,,,,4.4
Peter Lake,2013-06-10,12.0,,,5.791462899,
Peter Lake,2013-06-10,,,,0.566221493,
Peter Lake,2013-06-11,0.5,323.85516,18.48909,,
Peter Lake,2013-06-12,0.5,305.92236,6.13206,,
Peter Lake,2013-06-13,0.5,355.54578,6.62758,,
Peter Lake,2013-06-14,0.5,330.79011,7.18504,,
Peter Lake,2013-06-15,0.5,324.93393,6.22497,,
Peter Lake,2013-06-16,0.5,342.29232,3.18991,,
Peter Lake,2013-06-17,0.0,,,,20.3
Peter Lake,2013-06-17,0.25,,,,
Peter Lake,2013-06-17,0.5,373.99695,2.13693,,20.3
Peter Lake,2013-06-17,0.75,,,,
Peter Lake,2013-06-17,1.0,,,,20.2
Peter Lake,2013-06-17,1.5,,,,19.5
Peter Lake,2013-06-17,2.0,,,,16.5
Peter Lake,2013-06-17,2.5,,,,13.6
Peter Lake,2013-06-17,3.0,,,,11.0
Peter Lake,2013-06-17,3.5,,,,9.3
Peter Lake,2013-06-17,4.0,,,1.052830352,7.7
Peter Lake,2013-06-17,4.5,,,,6.7
Peter Lake,2013-06-17,5.0,,,,6.0
Peter Lake,2013-06-17,5.5,,,,5.4
Peter Lake,2013-06-17,6.0,,,,4.7
Peter Lake,2013-06-17,6.5,,,,4.7
Peter Lake,2013-06-17,7.0,,,,4.7
Peter Lake,2013-06-17,8.0,,,,4.6
Peter Lake,2013-06-17,9.0,,,,4.5
Peter Lake,2013-06-17,10.0,,,,4.4
Peter Lake,2013-06-17,11.0,,,,4.4
Peter Lake,2013-06-17,12.0,,,14.30818982,4.4
Peter Lake,2013-06-17,,,,0.739944869,
Peter Lake,2013-06-18,0.5,336.64629,3.4067,,
Peter Lake,2013-06-19,0.5,324.52764,2.19887,,
Peter Lake,2013-06-20,0.5,392.47614,2.7873,,
Peter Lake,2013-06-21,0.5,335.86173,2.01305,,
Peter Lake,2013-06-22,0.5,342.60054,2.4776,,
Peter Lake,2013-06-23,0.5,372.17565,1.51753,,
Peter Lake,2013-06-24,0.0,,,,22.8
Peter Lake,2013-06-24,0.25,,,,
Peter Lake,2013-06-24,0.5,416.02695,2.19887,,22.5
Peter Lake,2013-06-24,0.75,,,,
Peter Lake,2013-06-24,1.0,,,,22.2
Peter Lake,2013-06-24,1.5,,,,20.6
Peter Lake,2013-06-24,2.0,,,,18.5
Peter Lake,2013-06-24,2.5,,,,15.4
Peter Lake,2013-06-24,3.0,,,,12.2
Peter Lake,2013-06-24,3.5,,,,10.7
Peter Lake,2013-06-24,4.0,,,2.836274758,8.8
Peter Lake,2013-06-24,4.5,,,,7.6
Peter Lake,2013-06-24,5.0,,,,6.6
Peter Lake,2013-06-24,5.5,,,,5.8
Peter Lake,2013-06-24,6.0,,,,5.0
Peter Lake,2013-06-24,6.5,,,,4.8
Peter Lake,2013-06-24,7.0,,,,4.8
Peter Lake,2013-06-24,8.0,,,,4.8
Peter Lake,2013-06-24,9.0,,,,4.5
Peter Lake,2013-06-24,10.0,,,,4.5
Peter Lake,2013-06-24,11.0,,,,4.4
Peter Lake,2013-06-24,12.0,,,2.178247685,4.4
Peter Lake,2013-06-24,,,,83.29358757,
Peter Lake,2013-06-25,0.5,339.44829,0.80522,,
Peter Lake,2013-06-26,0.5,330.17367,1.05298,,
Peter Lake,2013-06-27,0.5,333.52206,5.01714,,
Peter Lake,2013-06-28,0.5,435.52887,2.29178,,
Peter Lake,2013-06-29,0.5,348.5688,1.70335,,
Peter Lake,2013-06-30,0.5,348.1485,0.74328,,
Peter Lake,2013-07-01,0.0,,,,22.8
Peter Lake,2013-07-01,0.25,,,,
Peter Lake,2013-07-01,0.5,353.78052,2.97312,,22.7
Peter Lake,2013-07-01,0.75,,,,
Peter Lake,2013-07-01,1.0,,,,22.5
Peter Lake,2013-07-01,1.5,,,,22.1
Peter Lake,2013-07-01,2.0,,,,19.5
Peter Lake,2013-07-01,2.5,,,,15.6
Peter Lake,2013-07-01,3.0,,,,12.8
Peter Lake,2013-07-01,3.5,,,,10.8
Peter Lake,2013-07-01,4.0,,,0.750282764,9.0
Peter Lake,2013-07-01,4.5,,,,7.6
Peter Lake,2013-07-01,5.0,,,,6.6
Peter Lake,2013-07-01,5.5,,,,5.8
Peter Lake,2013-07-01,6.0,,,,5.0
Peter Lake,2013-07-01,6.5,,,,5.0
Peter Lake,2013-07-01,7.0,,,,4.9
Peter Lake,2013-07-01,8.0,,,,4.8
Peter Lake,2013-07-01,9.0,,,,4.7
Peter Lake,2013-07-01,10.0,,,,4.5
Peter Lake,2013-07-01,11.0,,,,4.4
Peter Lake,2013-07-01,12.0,,,31.35974832,4.4
Peter Lake,2013-07-01,,,,0.83278522,
Peter Lake,2013-07-02,0.5,361.99038,1.5485,,
Peter Lake,2013-07-03,0.5,452.01864,9.75555,,
Peter Lake,2013-07-04,0.5,328.36638,1.76529,,
Peter Lake,2013-07-05,0.5,351.80511,2.69439,,
Peter Lake,2013-07-06,0.5,330.15966,2.41566,,
Peter Lake,2013-07-07,0.5,431.52201,3.00409,,
Peter Lake,2013-07-08,0.0,,,,25.4
Peter Lake,2013-07-08,0.25,,,,
Peter Lake,2013-07-08,0.5,346.48131,3.15894,,25.4
Peter Lake,2013-07-08,0.75,,,,
Peter Lake,2013-07-08,1.0,,,,25.3
Peter Lake,2013-07-08,1.5,,,,24.9
Peter Lake,2013-07-08,2.0,,,,21.5
Peter Lake,2013-07-08,2.5,,,,17.8
Peter Lake,2013-07-08,3.0,,,,14.5
Peter Lake,2013-07-08,3.5,,,,11.6
Peter Lake,2013-07-08,4.0,,,1.15963764,9.9
Peter Lake,2013-07-08,4.5,,,,8.5
Peter Lake,2013-07-08,5.0,,,,7.3
Peter Lake,2013-07-08,5.5,,,,6.0
Peter Lake,2013-07-08,6.0,,,,5.2
Peter Lake,2013-07-08,6.5,,,,5.1
Peter Lake,2013-07-08,7.0,,,,5.0
Peter Lake,2013-07-08,8.0,,,,4.8
Peter Lake,2013-07-08,9.0,,,,4.6
Peter Lake,2013-07-08,10.0,,,,4.5
Peter Lake,2013-07-08,11.0,,,,4.5
Peter Lake,2013-07-08,12.0,,,31.80468458,4.5
Peter Lake,2013-07-08,,,,0.581983731,
Peter Lake,2013-07-09,0.5,352.29546,2.1679,,
Peter Lake,2013-07-10,0.5,350.90847,2.7873,,
Peter Lake,2013-07-11,0.5,325.3122,7.03019,,
Peter Lake,2013-07-12,0.5,324.68175,12.26412,,
Peter Lake,2013-07-13,0.5,398.52846,19.2014,,
Peter Lake,2013-07-14,0.5,391.10316,15.05142,,
Peter Lake,2013-07-15,0.0,,,,25.7
Peter Lake,2013-07-15,0.25,,,,
Peter Lake,2013-07-15,0.5,405.26727,17.3432,,25.7
Peter Lake,2013-07-15,0.75,,,,
Peter Lake,2013-07-15,1.0,,,,25.2
Peter Lake,2013-07-15,1.5,,,,25.0
Peter Lake,2013-07-15,2.0,,,,22.1
Peter Lake,2013-07-15,2.5,,,,18.6
Peter Lake,2013-07-15,3.0,,,,14.9
Peter Lake,2013-07-15,3.5,,,,12.2
Peter Lake,2013-07-15,4.0,,,10.43050303,10.2
Peter Lake,2013-07-15,4.5,,,,8.4
Peter Lake,2013-07-15,5.0,,,,7.4
Peter Lake,2013-07-15,5.5,,,,6.2
Peter Lake,2013-07-15,6.0,,,,5.3
Peter Lake,2013-07-15,6.5,,,,5.2
Peter Lake,2013-07-15,7.0,,,,5.2
Peter Lake,2013-07-15,8.0,,,,4.8
Peter Lake,2013-07-15,9.0,,,,4.6
Peter Lake,2013-07-15,10.0,,,,4.6
Peter Lake,2013-07-15,11.0,,,,4.5
Peter Lake,2013-07-15,12.0,,,30.46783425,4.5
Peter Lake,2013-07-15,,,,0.435879102,
Peter Lake,2013-07-16,0.5,435.9912,18.82976,,
Peter Lake,2013-07-18,0.5,320.88504,17.86969,,
Peter Lake,2013-07-19,0.5,316.51392,9.69361,,
Peter Lake,2013-07-20,0.5,364.55421,19.38722,,
Peter Lake,2013-07-21,0.5,351.95922,16.07343,,
Peter Lake,2013-07-22,0.0,,,,23.9
Peter Lake,2013-07-22,0.25,,,,
Peter Lake,2013-07-22,0.5,380.72175,19.63498,,24.0
Peter Lake,2013-07-22,0.75,,,,
Peter Lake,2013-07-22,1.0,,,,24.0
Peter Lake,2013-07-22,1.5,,,,24.1
Peter Lake,2013-07-22,2.0,,,,22.8
Peter Lake,2013-07-22,2.5,,,,18.5
Peter Lake,2013-07-22,3.0,,,,15.1
Peter Lake,2013-07-22,3.5,,,,12.2
Peter Lake,2013-07-22,4.0,,,1.013300801,10.1
Peter Lake,2013-07-22,4.5,,,,8.5
Peter Lake,2013-07-22,5.0,,,,7.4
Peter Lake,2013-07-22,5.5,,,,6.2
Peter Lake,2013-07-22,6.0,,,,5.6
Peter Lake,2013-07-22,6.5,,,,5.4
Peter Lake,2013-07-22,7.0,,,,5.3
Peter Lake,2013-07-22,8.0,,,,4.9
Peter Lake,2013-07-22,9.0,,,,4.7
Peter Lake,2013-07-22,10.0,,,,4.6
Peter Lake,2013-07-22,11.0,,,,4.5
Peter Lake,2013-07-22,12.0,,,27.91405423,4.5
Peter Lake,2013-07-22,,,,0.950720514,
Peter Lake,2013-07-23,0.5,360.35121,15.08239,,
Peter Lake,2013-07-24,0.5,400.61595,6.78243,,
Peter Lake,2013-07-25,0.5,427.94946,23.38235,,
Peter Lake,2013-07-26,0.5,475.55544,12.88352,,
Peter Lake,2013-07-27,0.5,497.74728,29.48344,,
Peter Lake,2013-07-28,0.5,465.77646,31.43455,,
Peter Lake,2013-07-29,0.0,,,,18.5
Peter Lake,2013-07-29,0.25,,,,
Peter Lake,2013-07-29,0.5,424.85325,17.86969,,18.2
Peter Lake,2013-07-29,0.75,,,,
Peter Lake,2013-07-29,1.0,,,,18.1
Peter Lake,2013-07-29,1.5,,,,18.0
Peter Lake,2013-07-29,2.0,,,,17.9
Peter Lake,2013-07-29,2.5,,,,17.9
Peter Lake,2013-07-29,3.0,,,,16.2
Peter Lake,2013-07-29,3.5,,,,12.9
Peter Lake,2013-07-29,4.0,,,0.50722422,10.9
Peter Lake,2013-07-29,4.5,,,,9.3
Peter Lake,2013-07-29,5.0,,,,7.5
Peter Lake,2013-07-29,5.5,,,,6.5
Peter Lake,2013-07-29,6.0,,,,5.8
Peter Lake,2013-07-29,6.5,,,,5.6
Peter Lake,2013-07-29,7.0,,,,5.3
Peter Lake,2013-07-29,8.0,,,,5.0
Peter Lake,2013-07-29,9.0,,,,4.8
Peter Lake,2013-07-29,10.0,,,,4.6
Peter Lake,2013-07-29,11.0,,,,4.6
Peter Lake,2013-07-29,12.0,,,52.84109171,4.5
Peter Lake,2013-07-29,,,,0.882907953,
Peter Lake,2013-07-30,0.5,463.88511,28.67822,,
Peter Lake,2013-07-31,0.5,420.84639,16.32119,,
Peter Lake,2013-08-02,0.5,402.59136,24.21854,,
Peter Lake,2013-08-03,0.5,338.92992,21.3693,,
Peter Lake,2013-08-04,0.5,351.03456,18.61297,,
Peter Lake,2013-08-05,0.0,,,,19.9
Peter Lake,2013-08-05,0.25,,,,
Peter Lake,2013-08-05,0.5,372.93219,25.92189,,19.9
Peter Lake,2013-08-05,0.75,,,,
Peter Lake,2013-08-05,1.0,,,,19.9
Peter Lake,2013-08-05,1.5,,,,20.0
Peter Lake,2013-08-05,2.0,,,,19.4
Peter Lake,2013-08-05,2.5,,,,18.4
Peter Lake,2013-08-05,3.0,,,,16.3
Peter Lake,2013-08-05,3.5,,,,13.3
Peter Lake,2013-08-05,4.0,,,0.706863373,10.7
Peter Lake,2013-08-05,4.5,,,,9.3
Peter Lake,2013-08-05,5.0,,,,8.1
Peter Lake,2013-08-05,5.5,,,,6.8
Peter Lake,2013-08-05,6.0,,,,6.0
Peter Lake,2013-08-05,6.5,,,,5.6
Peter Lake,2013-08-05,7.0,,,,5.4
Peter Lake,2013-08-05,8.0,,,,5.0
Peter Lake,2013-08-05,9.0,,,,4.8
Peter Lake,2013-08-05,12.0,,,55.19694735,
Peter Lake,2013-08-05,,,,0.742342176,
Peter Lake,2013-08-06,0.5,462.52614,24.86891,,
Peter Lake,2013-08-07,0.5,493.5723,34.65543,,
Peter Lake,2013-08-08,0.5,460.76088,17.37417,,
Peter Lake,2013-08-09,0.5,559.65747,17.18835,,
Peter Lake,2013-08-10,0.5,365.73105,18.2723,,
Peter Lake,2013-08-11,0.5,376.46271,35.02707,,
Peter Lake,2013-08-12,0.0,,,,20.5
Peter Lake,2013-08-12,0.25,,,,
Peter Lake,2013-08-12,0.5,396.23082,15.73276,,20.4
Peter Lake,2013-08-12,0.75,,,,
Peter Lake,2013-08-12,1.0,,,,20.3
Peter Lake,2013-08-12,1.5,,,,20.2
Peter Lake,2013-08-12,2.0,,,,20.1
Peter Lake,2013-08-12,2.5,,,,18.4
Peter Lake,2013-08-12,3.0,,,,16.2
Peter Lake,2013-08-12,3.5,,,,13.4
Peter Lake,2013-08-12,4.0,,,0.879360528,11.3
Peter Lake,2013-08-12,4.5,,,,9.2
Peter Lake,2013-08-12,5.0,,,,7.8
Peter Lake,2013-08-12,5.5,,,,6.8
Peter Lake,2013-08-12,6.0,,,,6.3
Peter Lake,2013-08-12,6.5,,,,5.7
Peter Lake,2013-08-12,7.0,,,,5.3
Peter Lake,2013-08-12,8.0,,,,4.9
Peter Lake,2013-08-12,9.0,,,,4.7
Peter Lake,2013-08-12,10.0,,,,4.6
Peter Lake,2013-08-12,11.0,,,,4.6
Peter Lake,2013-08-12,12.0,,,51.95930269,4.5
Peter Lake,2013-08-12,,,,2.948418268,
Peter Lake,2013-08-13,0.5,354.48102,20.59505,,
Peter Lake,2013-08-14,0.5,375.39795,18.21036,,
Peter Lake,2013-08-15,0.5,418.29657,16.56895,,
Peter Lake,2013-08-16,0.5,415.91487,30.93903,,
Peter Lake,2013-08-17,0.5,406.90644,22.05064,,
Peter Lake,2013-08-18,0.5,426.53445,24.68309,,
Peter Lake,2013-08-19,0.0,,,,21.4
Peter Lake,2013-08-19,0.25,,,,
Peter Lake,2013-08-19,0.5,426.64653,20.06856,,21.5
Peter Lake,2013-08-19,0.75,,,,
Peter Lake,2013-08-19,1.0,,,,21.5
Peter Lake,2013-08-19,1.5,,,,21.1
Peter Lake,2013-08-19,2.0,,,,20.2
Peter Lake,2013-08-19,2.5,,,,18.7
Peter Lake,2013-08-19,3.0,,,,16.2
Peter Lake,2013-08-19,3.5,,,,13.7
Peter Lake,2013-08-19,4.0,,,2.07155376,11.2
Peter Lake,2013-08-19,4.5,,,,9.8
Peter Lake,2013-08-19,5.0,,,,8.1
Peter Lake,2013-08-19,5.5,,,,7.0
Peter Lake,2013-08-19,6.0,,,,6.2
Peter Lake,2013-08-19,6.5,,,,5.7
Peter Lake,2013-08-19,7.0,,,,5.4
Peter Lake,2013-08-19,8.0,,,,5.0
Peter Lake,2013-08-19,9.0,,,,4.8
Peter Lake,2013-08-19,10.0,,,,4.7
Peter Lake,2013-08-19,11.0,,,,4.6
Peter Lake,2013-08-19,12.0,,,53.10989076,4.6
Peter Lake,2013-08-19,,,,2.551713386,
Peter Lake,2013-08-20,0.5,553.9554,16.56895,,
Peter Lake,2013-08-21,0.5,380.83383,19.2014,,
Peter Lake,2013-08-22,0.5,450.37947,24.09466,,
Peter Lake,2013-08-23,0.5,581.9754,16.53798,,
Peter Lake,2013-08-24,0.5,505.15857,22.63907,,
Peter Lake,2013-08-25,0.5,563.63631,20.84281,,
Peter Lake,2013-08-26,0.0,,,,23.9
Peter Lake,2013-08-26,0.25,,,,
Peter Lake,2013-08-26,0.5,474.89697,14.12232,,24.1
Peter Lake,2013-08-26,0.75,,,,
Peter Lake,2013-08-26,1.0,,,,23.9
Peter Lake,2013-08-26,1.5,,,,23.1
Peter Lake,2013-08-26,2.0,,,,22.1
Peter Lake,2013-08-26,2.5,,,,19.7
Peter Lake,2013-08-26,3.0,,,,16.9
Peter Lake,2013-08-26,3.5,,,,13.9
Peter Lake,2013-08-26,4.0,,,4.52028772,11.6
Peter Lake,2013-08-26,4.5,,,,9.8
Peter Lake,2013-08-26,5.0,,,,8.1
Peter Lake,2013-08-26,5.5,,,,7.3
Peter Lake,2013-08-26,6.0,,,,6.5
Peter Lake,2013-08-26,6.5,,,,6.2
Peter Lake,2013-08-26,7.0,,,,5.7
Peter Lake,2013-08-26,8.0,,,,5.2
Peter Lake,2013-08-26,9.0,,,,4.9
Peter Lake,2013-08-26,10.0,,,,4.7
Peter Lake,2013-08-26,11.0,,,,4.6
Peter Lake,2013-08-26,12.0,,,52.4365439,4.6
Peter Lake,2013-08-26,,,,3.855289753,
Peter Lake,2013-08-27,0.5,543.54597,18.70588,,
Peter Lake,2013-08-28,0.5,457.49655,11.24211,,
Peter Lake,2013-08-29,0.5,467.86395,14.18426,,
Peter Lake,2013-08-30,0.5,494.31483,12.26412,,
Peter Lake,2013-08-31,0.5,427.97748,11.67569,,
Peter Lake,2013-08-31,4.0,358.3789438,15.44053434,,
Peter Lake,2013-08-31,12.0,1196.084355,93.91296417,,
Peter Lake,2013-08-31,,447.7079861,17.19409879,,
Peter Lake,2013-09-01,0.5,448.02579,15.20627,,
Peter Lake,2014-05-19,0.0,,,,12.9
Peter Lake,2014-05-19,0.25,,,,
Peter Lake,2014-05-19,0.5,,,,13.0
Peter Lake,2014-05-19,0.75,,,,
Peter Lake,2014-05-19,1.0,,,,12.3
Peter Lake,2014-05-19,1.5,,,,10.8
Peter Lake,2014-05-19,2.0,,,,8.9
Peter Lake,2014-05-19,2.5,,,,6.9
Peter Lake,2014-05-19,3.0,,,,5.6
Peter Lake,2014-05-19,3.5,,,,4.9
Peter Lake,2014-05-19,4.0,,,1.566666667,4.6
Peter Lake,2014-05-19,4.5,,,,4.3
Peter Lake,2014-05-19,5.0,,,,4.2
Peter Lake,2014-05-19,5.5,,,,4.2
Peter Lake,2014-05-19,6.0,,,,4.2
Peter Lake,2014-05-19,6.5,,,,4.2
Peter Lake,2014-05-19,7.0,,,,4.2
Peter Lake,2014-05-19,8.0,,,,4.1
Peter Lake,2014-05-19,9.0,,,,4.1
Peter Lake,2014-05-19,10.0,,,,4.1
Peter Lake,2014-05-19,11.0,,,,4.2
Peter Lake,2014-05-19,12.0,,,101.6666667,4.2
Peter Lake,2014-05-19,,,,-0.333333333,
Peter Lake,2014-05-26,0.0,,,,21.9
Peter Lake,2014-05-26,0.25,,,,
Peter Lake,2014-05-26,0.5,289.0,16.0,,20.9
Peter Lake,2014-05-26,0.75,,,,
Peter Lake,2014-05-26,1.0,,,,19.5
Peter Lake,2014-05-26,1.5,,,,15.0
Peter Lake,2014-05-26,2.0,,,,10.9
Peter Lake,2014-05-26,2.5,,,,8.4
Peter Lake,2014-05-26,3.0,,,,6.6
Peter Lake,2014-05-26,3.5,,,,5.7
Peter Lake,2014-05-26,4.0,,,-0.233333333,4.8
Peter Lake,2014-05-26,4.5,,,,4.4
Peter Lake,2014-05-26,5.0,,,,4.4
Peter Lake,2014-05-26,5.5,,,,4.3
Peter Lake,2014-05-26,6.0,,,,4.3
Peter Lake,2014-05-26,6.5,,,,4.3
Peter Lake,2014-05-26,7.0,,,,4.2
Peter Lake,2014-05-26,8.0,,,,4.2
Peter Lake,2014-05-26,9.0,,,,4.2
Peter Lake,2014-05-26,10.0,,,,4.2
Peter Lake,2014-05-26,11.0,,,,4.2
Peter Lake,2014-05-26,12.0,,,49.16666667,4.2
Peter Lake,2014-05-26,,,,-0.233333333,
Peter Lake,2014-05-27,0.5,246.0,11.0,,
Peter Lake,2014-05-28,0.5,297.0,12.0,,
Peter Lake,2014-05-29,0.5,280.0,8.0,,
Peter Lake,2014-05-30,0.5,256.0,9.0,,
Peter Lake,2014-05-31,0.5,272.0,12.0,,
Peter Lake,2014-06-01,0.5,289.0,9.0,,
Peter Lake,2014-06-02,0.0,,,,22.1
Peter Lake,2014-06-02,0.25,,,,
Peter Lake,2014-06-02,0.5,325.0,10.0,,22.2
Peter Lake,2014-06-02,0.75,,,,
Peter Lake,2014-06-02,1.0,,,,22.2
Peter Lake,2014-06-02,1.5,,,,19.1
Peter Lake,2014-06-02,2.0,,,,14.1
Peter Lake,2014-06-02,2.5,,,,10.8
Peter Lake,2014-06-02,3.0,,,,8.3
Peter Lake,2014-06-02,3.5,,,,6.6
Peter Lake,2014-06-02,4.0,,,0.466666667,5.5
Peter Lake,2014-06-02,4.5,,,,4.9
Peter Lake,2014-06-02,5.0,,,,4.5
Peter Lake,2014-06-02,5.5,,,,4.4
Peter Lake,2014-06-02,6.0,,,,4.4
Peter Lake,2014-06-02,6.5,,,,4.4
Peter Lake,2014-06-02,7.0,,,,4.4
Peter Lake,2014-06-02,8.0,,,,4.2
Peter Lake,2014-06-02,9.0,,,,4.2
Peter Lake,2014-06-02,10.0,,,,4.2
Peter Lake,2014-06-02,11.0,,,,4.2
Peter Lake,2014-06-02,12.0,,,89.86666667,4.2
Peter Lake,2014-06-02,,,,0.066666667,
Peter Lake,2014-06-03,0.5,294.0,12.0,,
Peter Lake,2014-06-04,0.5,293.0,9.0,,
Peter Lake,2014-06-05,0.5,284.0,11.0,,
Peter Lake,2014-06-06,0.5,296.0,14.0,,
Peter Lake,2014-06-07,0.5,332.0,20.0,,
Peter Lake,2014-06-08,0.5,310.0,21.0,,
Peter Lake,2014-06-09,0.0,,,,19.5
Peter Lake,2014-06-09,0.25,,,,
Peter Lake,2014-06-09,0.5,301.0,19.0,,19.7
Peter Lake,2014-06-09,0.75,,,,
Peter Lake,2014-06-09,1.0,,,,19.7
Peter Lake,2014-06-09,1.5,,,,19.6
Peter Lake,2014-06-09,2.0,,,,15.9
Peter Lake,2014-06-09,2.5,,,,12.1
Peter Lake,2014-06-09,3.0,,,,9.5
Peter Lake,2014-06-09,3.5,,,,8.0
Peter Lake,2014-06-09,4.0,,,0.066666667,6.2
Peter Lake,2014-06-09,4.5,,,,5.2
Peter Lake,2014-06-09,5.0,,,,4.6
Peter Lake,2014-06-09,5.5,,,,4.6
Peter Lake,2014-06-09,6.0,,,,4.5
Peter Lake,2014-06-09,6.5,,,,4.5
Peter Lake,2014-06-09,7.0,,,,4.5
Peter Lake,2014-06-09,8.0,,,,4.4
Peter Lake,2014-06-09,9.0,,,,4.3
Peter Lake,2014-06-09,10.0,,,,4.2
Peter Lake,2014-06-09,11.0,,,,4.2
Peter Lake,2014-06-09,12.0,,,46.16666667,4.2
Peter Lake,2014-06-09,,,,0.266666667,
Peter Lake,2014-06-10,0.5,308.0,16.0,,
Peter Lake,2014-06-11,0.5,400.0,25.0,,
Peter Lake,2014-06-12,0.5,305.0,20.0,,
Peter Lake,2014-06-13,0.5,329.0,19.0,,
Peter Lake,2014-06-14,0.5,305.0,20.0,,
Peter Lake,2014-06-15,0.5,312.0,18.0,,
Peter Lake,2014-06-16,0.0,,,,
Peter Lake,2014-06-16,0.25,,,,
Peter Lake,2014-06-16,0.5,344.0,18.0,,
Peter Lake,2014-06-16,0.75,,,,
Peter Lake,2014-06-16,1.0,,,,
Peter Lake,2014-06-16,1.5,,,,
Peter Lake,2014-06-16,2.0,,,,
Peter Lake,2014-06-16,2.5,,,,
Peter Lake,2014-06-16,3.0,,,,
Peter Lake,2014-06-16,3.5,,,,
Peter Lake,2014-06-16,4.0,,,0.066666667,
Peter Lake,2014-06-16,4.5,,,,
Peter Lake,2014-06-16,5.0,,,,
Peter Lake,2014-06-16,5.5,,,,
Peter Lake,2014-06-16,6.0,,,,
Peter Lake,2014-06-16,6.5,,,,
Peter Lake,2014-06-16,7.0,,,,
Peter Lake,2014-06-16,8.0,,,,
Peter Lake,2014-06-16,9.0,,,,
Peter Lake,2014-06-16,10.0,,,,
Peter Lake,2014-06-16,11.0,,,,
Peter Lake,2014-06-16,12.0,,,65.56666667,
Peter Lake,2014-06-16,,,,-0.133333333,
Peter Lake,2014-06-17,0.5,316.0,19.0,,
Peter Lake,2014-06-18,0.5,366.0,23.0,,
Peter Lake,2014-06-19,0.5,385.0,28.0,,
Peter Lake,2014-06-20,0.5,333.0,22.0,,
Peter Lake,2014-06-21,0.5,320.0,23.0,,
Peter Lake,2014-06-22,0.5,308.0,23.0,,
Peter Lake,2014-06-23,0.0,,,,22.4
Peter Lake,2014-06-23,0.25,,,,
Peter Lake,2014-06-23,0.5,360.0,23.0,,22.2
Peter Lake,2014-06-23,0.75,,,,
Peter Lake,2014-06-23,1.0,,,,21.4
Peter Lake,2014-06-23,1.5,,,,20.5
Peter Lake,2014-06-23,2.0,,,,14.7
Peter Lake,2014-06-23,2.5,,,,14.4
Peter Lake,2014-06-23,3.0,,,,11.4
Peter Lake,2014-06-23,3.5,,,,11.3
Peter Lake,2014-06-23,4.0,,,,7.0
Peter Lake,2014-06-23,4.5,,,,6.0
Peter Lake,2014-06-23,5.0,,,,5.1
Peter Lake,2014-06-23,5.5,,,,4.8
Peter Lake,2014-06-23,6.0,,,,4.8
Peter Lake,2014-06-23,6.5,,,,4.8
Peter Lake,2014-06-23,7.0,,,,4.7
Peter Lake,2014-06-23,8.0,,,,4.5
Peter Lake,2014-06-23,9.0,,,,4.3
Peter Lake,2014-06-23,10.0,,,,4.3
Peter Lake,2014-06-23,11.0,,,,4.3
Peter Lake,2014-06-23,12.0,,,,4.3
Peter Lake,2014-06-24,0.5,326.0,26.0,,
Peter Lake,2014-06-24,4.0,,,-0.033333333,
Peter Lake,2014-06-24,12.0,,,45.76666667,
Peter Lake,2014-06-24,,,,-0.133333333,
Peter Lake,2014-06-25,0.5,345.0,22.0,,
Peter Lake,2014-06-26,0.5,337.0,25.0,,
Peter Lake,2014-06-27,0.5,318.0,15.0,,
Peter Lake,2014-06-28,0.5,344.0,15.0,,
Peter Lake,2014-06-29,0.5,360.0,16.0,,
Peter Lake,2014-06-30,0.0,,,,23.8
Peter Lake,2014-06-30,0.25,,,,
Peter Lake,2014-06-30,0.5,308.0,13.0,,23.7
Peter Lake,2014-06-30,0.75,,,,
Peter Lake,2014-06-30,1.0,,,,23.7
Peter Lake,2014-06-30,1.5,,,,23.3
Peter Lake,2014-06-30,2.0,,,,20.6
Peter Lake,2014-06-30,2.5,,,,16.3
Peter Lake,2014-06-30,3.0,,,,12.8
Peter Lake,2014-06-30,3.5,,,,10.1
Peter Lake,2014-06-30,4.0,,,0.966666667,7.6
Peter Lake,2014-06-30,4.5,,,,6.1
Peter Lake,2014-06-30,5.0,,,,5.3
Peter Lake,2014-06-30,5.5,,,,4.9
Peter Lake,2014-06-30,6.0,,,,4.8
Peter Lake,2014-06-30,6.5,,,,4.8
Peter Lake,2014-06-30,7.0,,,,4.7
Peter Lake,2014-06-30,8.0,,,,4.5
Peter Lake,2014-06-30,9.0,,,,4.3
Peter Lake,2014-06-30,10.0,,,,4.2
Peter Lake,2014-06-30,11.0,,,,4.2
Peter Lake,2014-06-30,12.0,,,71.06666667,4.3
Peter Lake,2014-06-30,,,,0.366666667,
Peter Lake,2014-07-01,0.5,355.0,20.0,,
Peter Lake,2014-07-02,0.5,304.0,14.0,,
Peter Lake,2014-07-03,0.5,331.0,16.0,,
Peter Lake,2014-07-04,0.5,322.0,13.0,,
Peter Lake,2014-07-05,0.5,303.0,14.0,,
Peter Lake,2014-07-06,0.5,342.0,17.0,,
Peter Lake,2014-07-07,0.0,,,,22.4
Peter Lake,2014-07-07,0.25,,,,
Peter Lake,2014-07-07,0.5,386.0,14.0,,22.9
Peter Lake,2014-07-07,0.75,,,,
Peter Lake,2014-07-07,1.0,,,,22.7
Peter Lake,2014-07-07,1.5,,,,22.7
Peter Lake,2014-07-07,2.0,,,,21.3
Peter Lake,2014-07-07,2.5,,,,18.1
Peter Lake,2014-07-07,3.0,,,,14.1
Peter Lake,2014-07-07,3.5,,,,10.9
Peter Lake,2014-07-07,4.0,,,1.366666667,8.3
Peter Lake,2014-07-07,4.5,,,,6.8
Peter Lake,2014-07-07,5.0,,,,5.6
Peter Lake,2014-07-07,5.5,,,,5.1
Peter Lake,2014-07-07,6.0,,,,5.0
Peter Lake,2014-07-07,6.5,,,,4.9
Peter Lake,2014-07-07,7.0,,,,4.8
Peter Lake,2014-07-07,8.0,,,,4.5
Peter Lake,2014-07-07,9.0,,,,4.3
Peter Lake,2014-07-07,10.0,,,,4.3
Peter Lake,2014-07-07,11.0,,,,4.3
Peter Lake,2014-07-07,12.0,,,47.06666667,4.3
Peter Lake,2014-07-07,,,,-0.033333333,
Peter Lake,2014-07-08,0.5,343.0,15.0,,
Peter Lake,2014-07-09,0.5,354.0,16.0,,
Peter Lake,2014-07-10,0.5,376.0,21.0,,
Peter Lake,2014-07-11,0.5,407.0,16.0,,
Peter Lake,2014-07-12,0.5,333.0,15.0,,
Peter Lake,2014-07-13,0.5,350.0,13.0,,
Peter Lake,2014-07-14,0.0,,,,21.8
Peter Lake,2014-07-14,0.25,,,,
Peter Lake,2014-07-14,0.5,388.0,16.0,,21.9
Peter Lake,2014-07-14,0.75,,,,
Peter Lake,2014-07-14,1.0,,,,21.8
Peter Lake,2014-07-14,1.5,,,,21.7
Peter Lake,2014-07-14,2.0,,,,21.4
Peter Lake,2014-07-14,2.5,,,,18.5
Peter Lake,2014-07-14,3.0,,,,15.0
Peter Lake,2014-07-14,3.5,,,,11.5
Peter Lake,2014-07-14,4.0,,,0.566666667,8.9
Peter Lake,2014-07-14,4.5,,,,7.0
Peter Lake,2014-07-14,5.0,,,,5.9
Peter Lake,2014-07-14,5.5,,,,5.3
Peter Lake,2014-07-14,6.0,,,,5.1
Peter Lake,2014-07-14,6.5,,,,4.9
Peter Lake,2014-07-14,7.0,,,,4.8
Peter Lake,2014-07-14,8.0,,,,4.6
Peter Lake,2014-07-14,9.0,,,,4.3
Peter Lake,2014-07-14,10.0,,,,4.3
Peter Lake,2014-07-14,11.0,,,,4.3
Peter Lake,2014-07-14,12.0,,,108.9666667,4.3
Peter Lake,2014-07-14,,,,39.66666667,
Peter Lake,2014-07-15,0.5,400.0,15.0,,
Peter Lake,2014-07-16,0.5,353.0,13.0,,
Peter Lake,2014-07-17,0.5,412.0,14.0,,
Peter Lake,2014-07-18,0.5,409.0,23.0,,
Peter Lake,2014-07-19,0.5,347.0,16.0,,
Peter Lake,2014-07-20,0.5,405.0,17.0,,
Peter Lake,2014-07-21,0.0,,,,23.3
Peter Lake,2014-07-21,0.25,,,,
Peter Lake,2014-07-21,0.5,403.0,18.0,,23.1
Peter Lake,2014-07-21,0.75,,,,
Peter Lake,2014-07-21,1.0,,,,22.8
Peter Lake,2014-07-21,1.5,,,,22.3
Peter Lake,2014-07-21,2.0,,,,20.9
Peter Lake,2014-07-21,2.5,,,,18.8
Peter Lake,2014-07-21,3.0,,,,15.5
Peter Lake,2014-07-21,3.5,,,,12.2
Peter Lake,2014-07-21,4.0,,,2.666666667,9.3
Peter Lake,2014-07-21,4.5,,,,7.3
Peter Lake,2014-07-21,5.0,,,,6.2
Peter Lake,2014-07-21,5.5,,,,5.7
Peter Lake,2014-07-21,6.0,,,,5.3
Peter Lake,2014-07-21,6.5,,,,5.0
Peter Lake,2014-07-21,7.0,,,,4.8
Peter Lake,2014-07-21,8.0,,,,4.5
Peter Lake,2014-07-21,9.0,,,,4.4
Peter Lake,2014-07-21,10.0,,,,4.3
Peter Lake,2014-07-21,11.0,,,,4.3
Peter Lake,2014-07-21,12.0,,,161.7666667,4.3
Peter Lake,2014-07-21,,,,-0.033333333,
Peter Lake,2014-07-22,0.5,418.0,19.0,,
Peter Lake,2014-07-23,0.5,363.0,16.0,,
Peter Lake,2014-07-24,0.5,406.0,18.0,,
Peter Lake,2014-07-25,0.5,427.0,20.0,,
Peter Lake,2014-07-26,0.5,360.0,21.0,,
Peter Lake,2014-07-27,0.5,438.0,26.0,,
Peter Lake,2014-07-28,0.0,,,,21.8
Peter Lake,2014-07-28,0.25,,,,
Peter Lake,2014-07-28,0.5,416.0,31.0,,21.8
Peter Lake,2014-07-28,0.75,,,,
Peter Lake,2014-07-28,1.0,,,,21.6
Peter Lake,2014-07-28,1.5,,,,21.5
Peter Lake,2014-07-28,2.0,,,,21.4
Peter Lake,2014-07-28,2.5,,,,15.5
Peter Lake,2014-07-28,3.0,,,,12.6
Peter Lake,2014-07-28,3.5,,,,11.6
Peter Lake,2014-07-28,4.0,,,2.566666667,10.2
Peter Lake,2014-07-28,4.5,,,,7.7
Peter Lake,2014-07-28,5.0,,,,6.5
Peter Lake,2014-07-28,5.5,,,,5.9
Peter Lake,2014-07-28,6.0,,,,5.4
Peter Lake,2014-07-28,6.5,,,,5.1
Peter Lake,2014-07-28,7.0,,,,5.0
Peter Lake,2014-07-28,8.0,,,,4.6
Peter Lake,2014-07-28,9.0,,,,4.4
Peter Lake,2014-07-28,10.0,,,,4.4
Peter Lake,2014-07-28,11.0,,,,4.4
Peter Lake,2014-07-28,12.0,,,97.06666667,4.4
Peter Lake,2014-07-28,,,,0.566666667,
Peter Lake,2014-07-29,0.5,427.0,13.0,,
Peter Lake,2014-07-30,0.5,390.0,11.0,,
Peter Lake,2014-07-31,0.5,416.0,11.0,,
Peter Lake,2014-08-01,0.5,403.0,12.0,,
Peter Lake,2014-08-02,0.5,380.0,13.0,,
Peter Lake,2014-08-03,0.5,414.0,12.0,,
Peter Lake,2014-08-04,0.0,,,,23.3
Peter Lake,2014-08-04,0.25,,,,
Peter Lake,2014-08-04,0.5,469.0,18.0,,23.1
Peter Lake,2014-08-04,0.75,,,,
Peter Lake,2014-08-04,1.0,,,,23.1
Peter Lake,2014-08-04,1.5,,,,22.9
Peter Lake,2014-08-04,2.0,,,,21.7
Peter Lake,2014-08-04,2.5,,,,20.0
Peter Lake,2014-08-04,3.0,,,,16.5
Peter Lake,2014-08-04,3.5,,,,13.0
Peter Lake,2014-08-04,4.0,,,1.066666667,9.9
Peter Lake,2014-08-04,4.5,,,,8.3
Peter Lake,2014-08-04,5.0,,,,6.9
Peter Lake,2014-08-04,5.5,,,,6.0
Peter Lake,2014-08-04,6.0,,,,5.5
Peter Lake,2014-08-04,6.5,,,,5.1
Peter Lake,2014-08-04,7.0,,,,4.9
Peter Lake,2014-08-04,8.0,,,,4.6
Peter Lake,2014-08-04,9.0,,,,4.4
Peter Lake,2014-08-04,10.0,,,,4.4
Peter Lake,2014-08-04,11.0,,,,4.4
Peter Lake,2014-08-04,12.0,,,97.46666667,4.4
Peter Lake,2014-08-04,,,,0.066666667,
Peter Lake,2014-08-05,0.5,424.0,12.0,,
Peter Lake,2014-08-06,0.5,445.0,15.0,,
Peter Lake,2014-08-07,0.5,442.0,15.0,,
Peter Lake,2014-08-08,0.5,462.0,14.0,,
Peter Lake,2014-08-09,0.5,383.0,11.0,,
Peter Lake,2014-08-10,0.5,411.0,9.0,,
Peter Lake,2014-08-11,0.0,,,,23.9
Peter Lake,2014-08-11,0.25,,,,
Peter Lake,2014-08-11,0.5,449.0,13.0,,23.9
Peter Lake,2014-08-11,0.75,,,,
Peter Lake,2014-08-11,1.0,,,,23.9
Peter Lake,2014-08-11,1.5,,,,24.0
Peter Lake,2014-08-11,2.0,,,,22.9
Peter Lake,2014-08-11,2.5,,,,20.4
Peter Lake,2014-08-11,3.0,,,,16.6
Peter Lake,2014-08-11,3.5,,,,13.2
Peter Lake,2014-08-11,4.0,,,0.266666667,10.4
Peter Lake,2014-08-11,4.5,,,,8.6
Peter Lake,2014-08-11,5.0,,,,7.0
Peter Lake,2014-08-11,5.5,,,,6.2
Peter Lake,2014-08-11,6.0,,,,5.6
Peter Lake,2014-08-11,6.5,,,,5.3
Peter Lake,2014-08-11,7.0,,,,5.0
Peter Lake,2014-08-11,8.0,,,,4.6
Peter Lake,2014-08-11,9.0,,,,4.5
Peter Lake,2014-08-11,10.0,,,,4.4
Peter Lake,2014-08-11,11.0,,,,4.4
Peter Lake,2014-08-11,12.0,,,106.6666667,4.4
Peter Lake,2014-08-11,,,,0.066666667,
Peter Lake,2014-08-12,0.5,507.0,14.0,,
Peter Lake,2014-08-13,0.5,463.0,12.0,,
Peter Lake,2014-08-14,0.5,454.0,12.0,,
Peter Lake,2014-08-15,0.5,437.0,10.0,,
Peter Lake,2014-08-16,0.5,416.0,11.0,,
Peter Lake,2014-08-17,0.5,429.0,12.0,,
Peter Lake,2014-08-18,0.0,,,,21.1
Peter Lake,2014-08-18,0.25,,,,
Peter Lake,2014-08-18,0.5,481.0,11.0,,21.1
Peter Lake,2014-08-18,0.75,,,,
Peter Lake,2014-08-18,1.0,,,,21.1
Peter Lake,2014-08-18,1.5,,,,21.1
Peter Lake,2014-08-18,2.0,,,,21.1
Peter Lake,2014-08-18,2.5,,,,20.6
Peter Lake,2014-08-18,3.0,,,,17.5
Peter Lake,2014-08-18,3.5,,,,13.6
Peter Lake,2014-08-18,4.0,,,0.566666667,10.9
Peter Lake,2014-08-18,4.5,,,,9.1
Peter Lake,2014-08-18,5.0,,,,7.4
Peter Lake,2014-08-18,5.5,,,,6.5
Peter Lake,2014-08-18,6.0,,,,5.9
Peter Lake,2014-08-18,6.5,,,,5.3
Peter Lake,2014-08-18,7.0,,,,5.0
Peter Lake,2014-08-18,8.0,,,,4.7
Peter Lake,2014-08-18,9.0,,,,4.4
Peter Lake,2014-08-18,10.0,,,,4.4
Peter Lake,2014-08-18,11.0,,,,4.4
Peter Lake,2014-08-18,12.0,,,113.9666667,4.4
Peter Lake,2014-08-18,,,,0.066666667,
Peter Lake,2014-08-19,0.5,450.0,13.0,,
Peter Lake,2014-08-20,0.5,471.0,13.0,,
Peter Lake,2014-08-21,0.5,542.0,16.0,,
Peter Lake,2014-08-22,0.5,567.0,17.0,,
Peter Lake,2014-08-23,0.5,512.0,15.0,,
Peter Lake,2014-08-24,0.5,493.0,11.0,,
Peter Lake,2014-08-25,0.0,,,,22.1
Peter Lake,2014-08-25,0.25,,,,
Peter Lake,2014-08-25,0.5,495.0,11.0,,22.1
Peter Lake,2014-08-25,0.75,,,,
Peter Lake,2014-08-25,1.0,,,,22.0
Peter Lake,2014-08-25,1.5,,,,21.7
Peter Lake,2014-08-25,2.0,,,,21.0
Peter Lake,2014-08-25,2.5,,,,20.1
Peter Lake,2014-08-25,3.0,,,,17.8
Peter Lake,2014-08-25,3.5,,,,14.8
Peter Lake,2014-08-25,4.0,,,0.366666667,11.6
Peter Lake,2014-08-25,4.5,,,,9.4
Peter Lake,2014-08-25,5.0,,,,7.3
Peter Lake,2014-08-25,5.5,,,,6.7
Peter Lake,2014-08-25,6.0,,,,5.8
Peter Lake,2014-08-25,6.5,,,,5.4
Peter Lake,2014-08-25,7.0,,,,5.0
Peter Lake,2014-08-25,8.0,,,,4.5
Peter Lake,2014-08-25,9.0,,,,4.5
Peter Lake,2014-08-25,10.0,,,,4.4
Peter Lake,2014-08-25,11.0,,,,4.4
Peter Lake,2014-08-25,12.0,,,194.3666667,4.4
Peter Lake,2014-08-25,,,,3.366666667,
Peter Lake,2014-08-26,0.5,488.0,13.0,,
Peter Lake,2014-08-27,0.5,537.0,13.0,,
Peter Lake,2014-08-28,0.5,484.0,11.0,,
Peter Lake,2014-08-29,0.5,461.0,10.0,,
Peter Lake,2015-05-18,0.0,,,,15.5
Peter Lake,2015-05-18,0.25,,,,
Peter Lake,2015-05-18,0.5,302.5,14.0,,15.5
Peter Lake,2015-05-18,0.75,,,,
Peter Lake,2015-05-18,1.0,,,,15.5
Peter Lake,2015-05-18,1.5,,,,14.5
Peter Lake,2015-05-18,2.0,,,,13.7
Peter Lake,2015-05-18,2.5,,,,12.1
Peter Lake,2015-05-18,3.0,,,,9.8
Peter Lake,2015-05-18,3.5,,,,7.6
Peter Lake,2015-05-18,4.0,,,,6.5
Peter Lake,2015-05-18,4.5,,,,5.6
Peter Lake,2015-05-18,5.0,,,,5.4
Peter Lake,2015-05-18,5.5,,,,4.7
Peter Lake,2015-05-18,6.0,,,,4.6
Peter Lake,2015-05-18,6.5,,,,4.6
Peter Lake,2015-05-18,7.0,,,,4.5
Peter Lake,2015-05-18,8.0,,,,4.4
Peter Lake,2015-05-18,9.0,,,,4.4
Peter Lake,2015-05-18,10.0,,,,4.4
Peter Lake,2015-05-18,11.0,,,,4.4
Peter Lake,2015-05-18,12.0,,,,4.5
Peter Lake,2015-05-25,0.0,,,,17.4
Peter Lake,2015-05-25,0.25,,,,
Peter Lake,2015-05-25,0.5,254.5,12.0,,17.4
Peter Lake,2015-05-25,0.75,,,,
Peter Lake,2015-05-25,1.0,,,,16.0
Peter Lake,2015-05-25,1.5,,,,14.4
Peter Lake,2015-05-25,2.0,,,,13.6
Peter Lake,2015-05-25,2.5,,,,13.5
Peter Lake,2015-05-25,3.0,,,,11.2
Peter Lake,2015-05-25,3.5,,,,8.9
Peter Lake,2015-05-25,4.0,,,,7.5
Peter Lake,2015-05-25,4.5,,,,6.3
Peter Lake,2015-05-25,5.0,,,,5.6
Peter Lake,2015-05-25,5.5,,,,5.0
Peter Lake,2015-05-25,6.0,,,,4.8
Peter Lake,2015-05-25,6.5,,,,4.8
Peter Lake,2015-05-25,7.0,,,,4.7
Peter Lake,2015-05-25,8.0,,,,4.5
Peter Lake,2015-05-25,9.0,,,,4.4
Peter Lake,2015-05-25,10.0,,,,4.5
Peter Lake,2015-05-25,11.0,,,,4.5
Peter Lake,2015-05-25,12.0,,,,4.5
Peter Lake,2015-05-26,0.0,,,,18.0
Peter Lake,2015-05-26,0.5,,,,18.0
Peter Lake,2015-05-26,1.0,,,,17.6
Peter Lake,2015-05-26,1.5,,,,16.5
Peter Lake,2015-05-26,2.0,,,,15.3
Peter Lake,2015-05-26,2.5,,,,13.7
Peter Lake,2015-05-26,3.0,,,,11.8
Peter Lake,2015-05-26,3.5,,,,8.9
Peter Lake,2015-05-26,4.0,,,,7.4
Peter Lake,2015-05-26,4.5,,,,6.4
Peter Lake,2015-05-26,5.0,,,,5.7
Peter Lake,2015-05-26,5.5,,,,5.0
Peter Lake,2015-05-26,6.0,,,,4.8
Peter Lake,2015-05-26,7.0,,,,4.7
Peter Lake,2015-05-26,8.0,,,,4.5
Peter Lake,2015-05-26,9.0,,,,4.4
Peter Lake,2015-05-26,10.0,,,,4.4
Peter Lake,2015-05-26,11.0,,,,4.5
Peter Lake,2015-05-26,12.0,,,,4.5
Peter Lake,2015-06-01,0.0,,,,16.9
Peter Lake,2015-06-01,0.25,,,,
Peter Lake,2015-06-01,0.5,234.5,3.0,,16.9
Peter Lake,2015-06-01,0.75,,,,
Peter Lake,2015-06-01,1.0,,,,16.6
Peter Lake,2015-06-01,1.5,,,,16.5
Peter Lake,2015-06-01,2.0,,,,16.4
Peter Lake,2015-06-01,2.5,,,,15.1
Peter Lake,2015-06-01,3.0,,,,12.0
Peter Lake,2015-06-01,3.5,,,,9.9
Peter Lake,2015-06-01,4.0,,,,8.1
Peter Lake,2015-06-01,4.5,,,,6.7
Peter Lake,2015-06-01,5.0,,,,5.8
Peter Lake,2015-06-01,5.5,,,,5.1
Peter Lake,2015-06-01,6.0,,,,5.0
Peter Lake,2015-06-01,6.5,,,,4.9
Peter Lake,2015-06-01,7.0,,,,4.8
Peter Lake,2015-06-01,8.0,,,,4.5
Peter Lake,2015-06-01,9.0,,,,4.5
Peter Lake,2015-06-01,10.0,,,,4.5
Peter Lake,2015-06-01,11.0,,,,4.5
Peter Lake,2015-06-01,12.0,,,,4.5
Peter Lake,2015-06-05,0.0,,,,19.5
Peter Lake,2015-06-05,0.5,,,,19.5
Peter Lake,2015-06-05,1.0,,,,19.4
Peter Lake,2015-06-05,1.5,,,,18.9
Peter Lake,2015-06-05,2.0,,,,18.2
Peter Lake,2015-06-05,2.5,,,,16.1
Peter Lake,2015-06-05,3.0,,,,13.8
Peter Lake,2015-06-05,3.5,,,,10.5
Peter Lake,2015-06-05,4.0,,,,9.1
Peter Lake,2015-06-05,4.5,,,,7.3
Peter Lake,2015-06-05,5.0,,,,6.0
Peter Lake,2015-06-05,5.5,,,,5.3
Peter Lake,2015-06-05,6.0,,,,5.0
Peter Lake,2015-06-05,6.5,,,,5.0
Peter Lake,2015-06-05,7.0,,,,4.9
Peter Lake,2015-06-05,8.0,,,,4.6
Peter Lake,2015-06-05,9.0,,,,4.5
Peter Lake,2015-06-05,10.0,,,,4.5
Peter Lake,2015-06-05,11.0,,,,4.5
Peter Lake,2015-06-05,12.0,,,,4.5
Peter Lake,2015-06-08,0.0,,,,19.4
Peter Lake,2015-06-08,0.25,,,,
Peter Lake,2015-06-08,0.5,267.5,12.0,,19.4
Peter Lake,2015-06-08,0.75,,,,
Peter Lake,2015-06-08,1.0,,,,19.4
Peter Lake,2015-06-08,1.5,,,,19.3
Peter Lake,2015-06-08,2.0,,,,18.9
Peter Lake,2015-06-08,2.5,,,,16.3
Peter Lake,2015-06-08,3.0,,,,13.8
Peter Lake,2015-06-08,3.5,,,,11.1
Peter Lake,2015-06-08,4.0,,,,8.9
Peter Lake,2015-06-08,4.5,,,,7.3
Peter Lake,2015-06-08,5.0,,,,6.1
Peter Lake,2015-06-08,5.5,,,,5.3
Peter Lake,2015-06-08,6.0,,,,5.1
Peter Lake,2015-06-08,6.5,,,,5.1
Peter Lake,2015-06-08,7.0,,,,5.0
Peter Lake,2015-06-08,8.0,,,,4.7
Peter Lake,2015-06-08,9.0,,,,4.5
Peter Lake,2015-06-08,10.0,,,,4.5
Peter Lake,2015-06-08,11.0,,,,4.5
Peter Lake,2015-06-08,12.0,,,,4.5
Peter Lake,2015-06-14,0.0,,,,20.4
Peter Lake,2015-06-14,0.5,,,,20.4
Peter Lake,2015-06-14,1.0,,,,20.3
Peter Lake,2015-06-14,1.5,,,,20.3
Peter Lake,2015-06-14,2.0,,,,19.7
Peter Lake,2015-06-14,2.5,,,,17.8
Peter Lake,2015-06-14,3.0,,,,14.6
Peter Lake,2015-06-14,3.5,,,,12.2
Peter Lake,2015-06-14,4.0,,,,9.7
Peter Lake,2015-06-14,4.5,,,,7.8
Peter Lake,2015-06-14,5.0,,,,6.8
Peter Lake,2015-06-14,5.5,,,,5.5
Peter Lake,2015-06-14,6.0,,,,5.2
Peter Lake,2015-06-14,6.5,,,,5.2
Peter Lake,2015-06-14,7.0,,,,5.1
Peter Lake,2015-06-14,8.0,,,,4.7
Peter Lake,2015-06-14,9.0,,,,4.6
Peter Lake,2015-06-14,10.0,,,,4.5
Peter Lake,2015-06-14,11.0,,,,4.5
Peter Lake,2015-06-14,12.0,,,,4.5
Peter Lake,2015-06-15,0.0,,,,20.1
Peter Lake,2015-06-15,0.25,,,,
Peter Lake,2015-06-15,0.5,284.5,14.0,,20.1
Peter Lake,2015-06-15,0.75,,,,
Peter Lake,2015-06-15,1.0,,,,20.1
Peter Lake,2015-06-15,1.5,,,,20.1
Peter Lake,2015-06-15,2.0,,,,19.8
Peter Lake,2015-06-15,2.5,,,,17.3
Peter Lake,2015-06-15,3.0,,,,15.0
Peter Lake,2015-06-15,3.5,,,,12.3
Peter Lake,2015-06-15,4.0,,,,9.6
Peter Lake,2015-06-15,4.5,,,,7.7
Peter Lake,2015-06-15,5.0,,,,6.6
Peter Lake,2015-06-15,5.5,,,,5.6
Peter Lake,2015-06-15,6.0,,,,5.3
Peter Lake,2015-06-15,6.5,,,,5.2
Peter Lake,2015-06-15,7.0,,,,5.0
Peter Lake,2015-06-15,8.0,,,,4.7
Peter Lake,2015-06-15,9.0,,,,4.5
Peter Lake,2015-06-15,10.0,,,,4.5
Peter Lake,2015-06-15,11.0,,,,4.5
Peter Lake,2015-06-15,12.0,,,,4.5
Peter Lake,2015-06-22,0.0,,,,20.4
Peter Lake,2015-06-22,0.25,,,,
Peter Lake,2015-06-22,0.5,542.5,21.0,,20.4
Peter Lake,2015-06-22,0.75,,,,
Peter Lake,2015-06-22,1.0,,,,20.3
Peter Lake,2015-06-22,1.5,,,,20.0
Peter Lake,2015-06-22,2.0,,,,19.6
Peter Lake,2015-06-22,2.5,,,,18.6
Peter Lake,2015-06-22,3.0,,,,14.8
Peter Lake,2015-06-22,3.5,,,,12.8
Peter Lake,2015-06-22,4.0,,,,9.7
Peter Lake,2015-06-22,4.5,,,,8.4
Peter Lake,2015-06-22,5.0,,,,6.9
Peter Lake,2015-06-22,5.5,,,,5.6
Peter Lake,2015-06-22,6.0,,,,5.4
Peter Lake,2015-06-22,6.5,,,,5.3
Peter Lake,2015-06-22,7.0,,,,5.1
Peter Lake,2015-06-22,8.0,,,,4.8
Peter Lake,2015-06-22,9.0,,,,4.6
Peter Lake,2015-06-22,10.0,,,,4.5
Peter Lake,2015-06-22,11.0,,,,4.5
Peter Lake,2015-06-22,12.0,,,,4.6
Peter Lake,2015-06-29,0.0,,,,23.4
Peter Lake,2015-06-29,0.25,,,,
Peter Lake,2015-06-29,0.5,754.5,39.0,,23.4
Peter Lake,2015-06-29,0.75,,,,
Peter Lake,2015-06-29,1.0,,,,23.1
Peter Lake,2015-06-29,1.5,,,,22.0
Peter Lake,2015-06-29,2.0,,,,20.4
Peter Lake,2015-06-29,2.5,,,,18.9
Peter Lake,2015-06-29,3.0,,,,15.6
Peter Lake,2015-06-29,3.5,,,,13.0
Peter Lake,2015-06-29,4.0,,,,10.6
Peter Lake,2015-06-29,4.5,,,,8.6
Peter Lake,2015-06-29,5.0,,,,6.8
Peter Lake,2015-06-29,5.5,,,,6.0
Peter Lake,2015-06-29,6.0,,,,5.6
Peter Lake,2015-06-29,6.5,,,,5.5
Peter Lake,2015-06-29,7.0,,,,5.2
Peter Lake,2015-06-29,8.0,,,,4.9
Peter Lake,2015-06-29,9.0,,,,4.6
Peter Lake,2015-06-29,10.0,,,,4.6
Peter Lake,2015-06-29,11.0,,,,4.6
Peter Lake,2015-06-29,12.0,,,,4.6
Peter Lake,2015-07-06,0.0,,,,23.2
Peter Lake,2015-07-06,0.25,,,,
Peter Lake,2015-07-06,0.5,646.5,21.0,,23.3
Peter Lake,2015-07-06,0.75,,,,
Peter Lake,2015-07-06,1.0,,,,23.2
Peter Lake,2015-07-06,1.5,,,,22.7
Peter Lake,2015-07-06,2.0,,,,21.3
Peter Lake,2015-07-06,2.5,,,,19.4
Peter Lake,2015-07-06,3.0,,,,16.2
Peter Lake,2015-07-06,3.5,,,,13.4
Peter Lake,2015-07-06,4.0,,,,11.3
Peter Lake,2015-07-06,4.5,,,,9.0
Peter Lake,2015-07-06,5.0,,,,7.5
Peter Lake,2015-07-06,5.5,,,,6.4
Peter Lake,2015-07-06,6.0,,,,5.9
Peter Lake,2015-07-06,6.5,,,,5.6
Peter Lake,2015-07-06,7.0,,,,5.4
Peter Lake,2015-07-06,8.0,,,,4.9
Peter Lake,2015-07-06,9.0,,,,4.7
Peter Lake,2015-07-06,10.0,,,,4.6
Peter Lake,2015-07-06,11.0,,,,4.6
Peter Lake,2015-07-06,12.0,,,,4.6
Peter Lake,2015-07-13,0.0,,,,24.7
Peter Lake,2015-07-13,0.25,,,,
Peter Lake,2015-07-13,0.5,547.5,15.0,,24.7
Peter Lake,2015-07-13,0.75,,,,
Peter Lake,2015-07-13,1.0,,,,24.7
Peter Lake,2015-07-13,1.5,,,,24.1
Peter Lake,2015-07-13,2.0,,,,22.4
Peter Lake,2015-07-13,2.5,,,,20.0
Peter Lake,2015-07-13,3.0,,,,17.4
Peter Lake,2015-07-13,3.5,,,,14.1
Peter Lake,2015-07-13,4.0,,,,11.6
Peter Lake,2015-07-13,4.5,,,,9.4
Peter Lake,2015-07-13,5.0,,,,7.5
Peter Lake,2015-07-13,5.5,,,,6.3
Peter Lake,2015-07-13,6.0,,,,5.9
Peter Lake,2015-07-13,6.5,,,,5.5
Peter Lake,2015-07-13,7.0,,,,5.2
Peter Lake,2015-07-13,8.0,,,,4.8
Peter Lake,2015-07-13,9.0,,,,4.6
Peter Lake,2015-07-13,10.0,,,,4.6
Peter Lake,2015-07-13,11.0,,,,4.6
Peter Lake,2015-07-13,12.0,,,,4.6
Peter Lake,2015-07-20,0.0,,,,24.1
Peter Lake,2015-07-20,0.25,,,,
Peter Lake,2015-07-20,0.5,586.5,15.0,,24.1
Peter Lake,2015-07-20,0.75,,,,
Peter Lake,2015-07-20,1.0,,,,24.1
Peter Lake,2015-07-20,1.5,,,,24.0
Peter Lake,2015-07-20,2.0,,,,23.9
Peter Lake,2015-07-20,2.5,,,,20.5
Peter Lake,2015-07-20,3.0,,,,18.4
Peter Lake,2015-07-20,3.5,,,,14.4
Peter Lake,2015-07-20,4.0,,,,12.1
Peter Lake,2015-07-20,4.5,,,,9.4
Peter Lake,2015-07-20,5.0,,,,8.1
Peter Lake,2015-07-20,5.5,,,,6.7
Peter Lake,2015-07-20,6.0,,,,6.2
Peter Lake,2015-07-20,6.5,,,,5.5
Peter Lake,2015-07-20,7.0,,,,5.3
Peter Lake,2015-07-20,8.0,,,,4.8
Peter Lake,2015-07-20,9.0,,,,4.7
Peter Lake,2015-07-20,10.0,,,,4.6
Peter Lake,2015-07-20,11.0,,,,4.6
Peter Lake,2015-07-20,12.0,,,,4.6
Peter Lake,2015-07-27,0.0,,,,26.0
Peter Lake,2015-07-27,0.25,,,,
Peter Lake,2015-07-27,0.5,567.5,13.0,,25.9
Peter Lake,2015-07-27,0.75,,,,
Peter Lake,2015-07-27,1.0,,,,25.7
Peter Lake,2015-07-27,1.5,,,,25.6
Peter Lake,2015-07-27,2.0,,,,24.3
Peter Lake,2015-07-27,2.5,,,,22.2
Peter Lake,2015-07-27,3.0,,,,18.5
Peter Lake,2015-07-27,3.5,,,,15.0
Peter Lake,2015-07-27,4.0,,,,12.1
Peter Lake,2015-07-27,4.5,,,,10.2
Peter Lake,2015-07-27,5.0,,,,8.2
Peter Lake,2015-07-27,5.5,,,,7.1
Peter Lake,2015-07-27,6.0,,,,6.3
Peter Lake,2015-07-27,6.5,,,,5.9
Peter Lake,2015-07-27,7.0,,,,5.5
Peter Lake,2015-07-27,8.0,,,,4.9
Peter Lake,2015-07-27,9.0,,,,4.7
Peter Lake,2015-07-27,10.0,,,,4.6
Peter Lake,2015-07-27,11.0,,,,4.6
Peter Lake,2015-07-27,12.0,,,,4.6
Peter Lake,2015-08-03,0.0,,,,22.7
Peter Lake,2015-08-03,0.25,,,,
Peter Lake,2015-08-03,0.5,442.5,14.0,,22.8
Peter Lake,2015-08-03,0.75,,,,
Peter Lake,2015-08-03,1.0,,,,22.8
Peter Lake,2015-08-03,1.5,,,,22.8
Peter Lake,2015-08-03,2.0,,,,22.8
Peter Lake,2015-08-03,2.5,,,,22.7
Peter Lake,2015-08-03,3.0,,,,20.0
Peter Lake,2015-08-03,3.5,,,,16.2
Peter Lake,2015-08-03,4.0,,,,13.0
Peter Lake,2015-08-03,4.5,,,,10.6
Peter Lake,2015-08-03,5.0,,,,8.5
Peter Lake,2015-08-03,5.5,,,,7.4
Peter Lake,2015-08-03,6.0,,,,6.6
Peter Lake,2015-08-03,6.5,,,,5.9
Peter Lake,2015-08-03,7.0,,,,5.5
Peter Lake,2015-08-03,8.0,,,,4.8
Peter Lake,2015-08-03,9.0,,,,4.7
Peter Lake,2015-08-03,10.0,,,,4.6
Peter Lake,2015-08-03,11.0,,,,4.6
Peter Lake,2015-08-03,12.0,,,,4.6
Peter Lake,2015-08-10,0.0,,,,22.2
Peter Lake,2015-08-10,0.25,,,,
Peter Lake,2015-08-10,0.5,402.5,10.0,,21.9
Peter Lake,2015-08-10,0.75,,,,
Peter Lake,2015-08-10,1.0,,,,21.8
Peter Lake,2015-08-10,1.5,,,,21.7
Peter Lake,2015-08-10,2.0,,,,21.7
Peter Lake,2015-08-10,2.5,,,,21.6
Peter Lake,2015-08-10,3.0,,,,20.0
Peter Lake,2015-08-10,3.5,,,,17.5
Peter Lake,2015-08-10,4.0,,,,14.0
Peter Lake,2015-08-10,4.5,,,,11.4
Peter Lake,2015-08-10,5.0,,,,9.2
Peter Lake,2015-08-10,5.5,,,,7.6
Peter Lake,2015-08-10,6.0,,,,6.8
Peter Lake,2015-08-10,6.5,,,,6.1
Peter Lake,2015-08-10,7.0,,,,5.5
Peter Lake,2015-08-10,8.0,,,,5.0
Peter Lake,2015-08-10,9.0,,,,4.7
Peter Lake,2015-08-10,10.0,,,,4.7
Peter Lake,2015-08-10,11.0,,,,4.6
Peter Lake,2015-08-10,12.0,,,,4.6
Peter Lake,2015-08-17,0.0,,,,24.5
Peter Lake,2015-08-17,0.25,,,,
Peter Lake,2015-08-17,0.5,333.5,9.0,,24.8
Peter Lake,2015-08-17,0.75,,,,
Peter Lake,2015-08-17,1.0,,,,24.8
Peter Lake,2015-08-17,1.5,,,,24.8
Peter Lake,2015-08-17,2.0,,,,24.0
Peter Lake,2015-08-17,2.5,,,,22.9
Peter Lake,2015-08-17,3.0,,,,20.9
Peter Lake,2015-08-17,3.5,,,,17.6
Peter Lake,2015-08-17,4.0,,,,14.8
Peter Lake,2015-08-17,4.5,,,,12.0
Peter Lake,2015-08-17,5.0,,,,9.8
Peter Lake,2015-08-17,5.5,,,,8.0
Peter Lake,2015-08-17,6.0,,,,7.0
Peter Lake,2015-08-17,6.5,,,,6.4
Peter Lake,2015-08-17,7.0,,,,5.7
Peter Lake,2015-08-17,8.0,,,,5.0
Peter Lake,2015-08-17,9.0,,,,4.8
Peter Lake,2015-08-17,10.0,,,,4.7
Peter Lake,2015-08-17,11.0,,,,4.7
Peter Lake,2015-08-17,12.0,,,,4.7
Peter Lake,2015-08-24,0.0,,,,19.6
Peter Lake,2015-08-24,0.25,,,,
Peter Lake,2015-08-24,0.5,339.5,2.0,,19.7
Peter Lake,2015-08-24,0.75,,,,
Peter Lake,2015-08-24,1.0,,,,19.7
Peter Lake,2015-08-24,1.5,,,,19.7
Peter Lake,2015-08-24,2.0,,,,19.7
Peter Lake,2015-08-24,2.5,,,,19.7
Peter Lake,2015-08-24,3.0,,,,19.7
Peter Lake,2015-08-24,3.5,,,,19.7
Peter Lake,2015-08-24,4.0,,,,15.7
Peter Lake,2015-08-24,4.5,,,,12.3
Peter Lake,2015-08-24,5.0,,,,9.9
Peter Lake,2015-08-24,5.5,,,,8.3
Peter Lake,2015-08-24,6.0,,,,7.3
Peter Lake,2015-08-24,6.5,,,,6.4
Peter Lake,2015-08-24,7.0,,,,5.8
Peter Lake,2015-08-24,8.0,,,,5.1
Peter Lake,2015-08-24,9.0,,,,4.8
Peter Lake,2015-08-24,10.0,,,,4.7
Peter Lake,2015-08-24,11.0,,,,4.7
Peter Lake,2015-08-24,12.0,,,,4.6
Peter Lake,2016-05-16,0.0,,,,11.6
Peter Lake,2016-05-16,0.25,,,,
Peter Lake,2016-05-16,0.5,,,,11.6
Peter Lake,2016-05-16,0.75,,,,
Peter Lake,2016-05-16,1.0,,,,11.5
Peter Lake,2016-05-16,1.5,,,,11.4
Peter Lake,2016-05-16,2.0,,,,11.2
Peter Lake,2016-05-16,2.5,,,,11.0
Peter Lake,2016-05-16,3.0,,,,7.6
Peter Lake,2016-05-16,3.5,,,,6.1
Peter Lake,2016-05-16,4.0,,,,5.5
Peter Lake,2016-05-16,4.5,,,,4.9
Peter Lake,2016-05-16,5.0,,,,4.8
Peter Lake,2016-05-16,5.5,,,,4.7
Peter Lake,2016-05-16,6.0,,,,4.7
Peter Lake,2016-05-16,6.5,,,,4.7
Peter Lake,2016-05-16,7.0,,,,4.7
Peter Lake,2016-05-16,8.0,,,,4.7
Peter Lake,2016-05-16,9.0,,,,4.7
Peter Lake,2016-05-16,10.0,,,,4.6
Peter Lake,2016-05-16,11.0,,,,4.5
Peter Lake,2016-05-16,12.0,,,,4.4
Peter Lake,2016-05-23,0.0,,,,19.1
Peter Lake,2016-05-23,0.25,,,,
Peter Lake,2016-05-23,0.5,290.0,11.0,,19.1
Peter Lake,2016-05-23,0.75,,,,
Peter Lake,2016-05-23,1.0,,,,18.8
Peter Lake,2016-05-23,1.5,,,,16.3
Peter Lake,2016-05-23,2.0,,,,14.1
Peter Lake,2016-05-23,2.5,,,,12.3
Peter Lake,2016-05-23,3.0,,,,9.8
Peter Lake,2016-05-23,3.5,,,,7.6
Peter Lake,2016-05-23,4.0,,,,6.0
Peter Lake,2016-05-23,4.5,,,,5.5
Peter Lake,2016-05-23,5.0,,,,4.9
Peter Lake,2016-05-23,5.5,,,,4.8
Peter Lake,2016-05-23,6.0,,,,4.8
Peter Lake,2016-05-23,6.5,,,,4.8
Peter Lake,2016-05-23,7.0,,,,4.8
Peter Lake,2016-05-23,8.0,,,,4.8
Peter Lake,2016-05-23,9.0,,,,4.7
Peter Lake,2016-05-23,10.0,,,,4.7
Peter Lake,2016-05-23,11.0,,,,4.5
Peter Lake,2016-05-23,12.0,,,,4.5
Peter Lake,2016-05-30,0.0,,,,20.9
Peter Lake,2016-05-30,0.25,,,,
Peter Lake,2016-05-30,0.5,280.0,7.0,,20.8
Peter Lake,2016-05-30,0.75,,,,
Peter Lake,2016-05-30,1.0,,,,20.4
Peter Lake,2016-05-30,1.5,,,,19.9
Peter Lake,2016-05-30,2.0,,,,17.4
Peter Lake,2016-05-30,2.5,,,,13.6
Peter Lake,2016-05-30,3.0,,,,11.0
Peter Lake,2016-05-30,3.5,,,,8.6
Peter Lake,2016-05-30,4.0,,,,6.8
Peter Lake,2016-05-30,4.5,,,,6.0
Peter Lake,2016-05-30,5.0,,,,5.5
Peter Lake,2016-05-30,5.5,,,,5.0
Peter Lake,2016-05-30,6.0,,,,4.9
Peter Lake,2016-05-30,6.5,,,,4.9
Peter Lake,2016-05-30,7.0,,,,4.9
Peter Lake,2016-05-30,8.0,,,,4.8
Peter Lake,2016-05-30,9.0,,,,4.8
Peter Lake,2016-05-30,10.0,,,,4.7
Peter Lake,2016-05-30,11.0,,,,4.6
Peter Lake,2016-05-30,12.0,,,,4.5
Peter Lake,2016-06-06,0.0,,,,18.5
Peter Lake,2016-06-06,0.25,,,,
Peter Lake,2016-06-06,0.5,280.0,9.0,,18.5
Peter Lake,2016-06-06,0.75,,,,
Peter Lake,2016-06-06,1.0,,,,18.5
Peter Lake,2016-06-06,1.5,,,,18.5
Peter Lake,2016-06-06,2.0,,,,18.4
Peter Lake,2016-06-06,2.5,,,,14.6
Peter Lake,2016-06-06,3.0,,,,11.7
Peter Lake,2016-06-06,3.5,,,,9.3
Peter Lake,2016-06-06,4.0,,,,7.4
Peter Lake,2016-06-06,4.5,,,,6.2
Peter Lake,2016-06-06,5.0,,,,5.7
Peter Lake,2016-06-06,5.5,,,,5.1
Peter Lake,2016-06-06,6.0,,,,5.0
Peter Lake,2016-06-06,6.5,,,,4.9
Peter Lake,2016-06-06,7.0,,,,4.9
Peter Lake,2016-06-06,8.0,,,,4.9
Peter Lake,2016-06-06,9.0,,,,4.8
Peter Lake,2016-06-06,10.0,,,,4.7
Peter Lake,2016-06-06,11.0,,,,4.6
Peter Lake,2016-06-06,12.0,,,,4.5
Peter Lake,2016-06-13,0.0,,,,20.8
Peter Lake,2016-06-13,0.25,,,,
Peter Lake,2016-06-13,0.5,300.0,9.0,,20.8
Peter Lake,2016-06-13,0.75,,,,
Peter Lake,2016-06-13,1.0,,,,20.8
Peter Lake,2016-06-13,1.5,,,,20.4
Peter Lake,2016-06-13,2.0,,,,18.4
Peter Lake,2016-06-13,2.5,,,,16.2
Peter Lake,2016-06-13,3.0,,,,13.1
Peter Lake,2016-06-13,3.5,,,,10.2
Peter Lake,2016-06-13,4.0,,,,8.4
Peter Lake,2016-06-13,4.5,,,,6.7
Peter Lake,2016-06-13,5.0,,,,5.9
Peter Lake,2016-06-13,5.5,,,,5.2
Peter Lake,2016-06-13,6.0,,,,5.1
Peter Lake,2016-06-13,6.5,,,,5.0
Peter Lake,2016-06-13,7.0,,,,5.0
Peter Lake,2016-06-13,8.0,,,,4.9
Peter Lake,2016-06-13,9.0,,,,4.8
Peter Lake,2016-06-13,10.0,,,,4.7
Peter Lake,2016-06-13,11.0,,,,4.7
Peter Lake,2016-06-13,12.0,,,,4.6
Peter Lake,2016-06-20,0.0,,,,24.1
Peter Lake,2016-06-20,0.25,,,,
Peter Lake,2016-06-20,0.5,350.0,11.0,,24.2
Peter Lake,2016-06-20,0.75,,,,
Peter Lake,2016-06-20,1.0,,,,22.3
Peter Lake,2016-06-20,1.5,,,,19.4
Peter Lake,2016-06-20,2.0,,,,20.2
Peter Lake,2016-06-20,2.5,,,,16.5
Peter Lake,2016-06-20,3.0,,,,13.7
Peter Lake,2016-06-20,3.5,,,,10.9
Peter Lake,2016-06-20,4.0,,,,8.6
Peter Lake,2016-06-20,4.5,,,,7.3
Peter Lake,2016-06-20,5.0,,,,6.2
Peter Lake,2016-06-20,5.5,,,,5.4
Peter Lake,2016-06-20,6.0,,,,5.3
Peter Lake,2016-06-20,6.5,,,,5.1
Peter Lake,2016-06-20,7.0,,,,5.0
Peter Lake,2016-06-20,8.0,,,,4.9
Peter Lake,2016-06-20,9.0,,,,4.8
Peter Lake,2016-06-27,0.0,,,,23.1
Peter Lake,2016-06-27,0.25,,,,
Peter Lake,2016-06-27,0.5,310.0,10.0,,23.1
Peter Lake,2016-06-27,0.75,,,,
Peter Lake,2016-06-27,1.0,,,,23.1
Peter Lake,2016-06-27,1.5,,,,23.1
Peter Lake,2016-06-27,2.0,,,,22.5
Peter Lake,2016-06-27,2.5,,,,18.3
Peter Lake,2016-06-27,3.0,,,,15.2
Peter Lake,2016-06-27,3.5,,,,11.6
Peter Lake,2016-06-27,4.0,,,,9.4
Peter Lake,2016-06-27,4.5,,,,7.7
Peter Lake,2016-06-27,5.0,,,,6.5
Peter Lake,2016-06-27,5.5,,,,5.6
Peter Lake,2016-06-27,6.0,,,,5.4
Peter Lake,2016-06-27,6.5,,,,5.2
Peter Lake,2016-06-27,7.0,,,,5.1
Peter Lake,2016-06-27,8.0,,,,4.9
Peter Lake,2016-06-27,9.0,,,,4.8
Peter Lake,2016-06-27,10.0,,,,4.8
Peter Lake,2016-06-27,11.0,,,,4.7
Peter Lake,2016-06-27,12.0,,,,4.6
Peter Lake,2016-07-04,0.0,,,,23.1
Peter Lake,2016-07-04,0.25,,,,
Peter Lake,2016-07-04,0.5,300.0,6.0,,23.0
Peter Lake,2016-07-04,0.75,,,,
Peter Lake,2016-07-04,1.0,,,,22.8
Peter Lake,2016-07-04,1.5,,,,22.7
Peter Lake,2016-07-04,2.0,,,,21.8
Peter Lake,2016-07-04,2.5,,,,19.5
Peter Lake,2016-07-04,3.0,,,,15.8
Peter Lake,2016-07-04,3.5,,,,12.2
Peter Lake,2016-07-04,4.0,,,,9.7
Peter Lake,2016-07-04,4.5,,,,8.0
Peter Lake,2016-07-04,5.0,,,,6.9
Peter Lake,2016-07-04,5.5,,,,6.1
Peter Lake,2016-07-04,6.0,,,,5.6
Peter Lake,2016-07-04,6.5,,,,5.4
Peter Lake,2016-07-04,7.0,,,,5.2
Peter Lake,2016-07-04,8.0,,,,5.0
Peter Lake,2016-07-04,9.0,,,,4.8
Peter Lake,2016-07-04,10.0,,,,4.8
Peter Lake,2016-07-04,11.0,,,,4.7
Peter Lake,2016-07-04,12.0,,,,4.7
Peter Lake,2016-07-11,0.0,,,,22.0
Peter Lake,2016-07-11,0.25,,,,
Peter Lake,2016-07-11,0.5,310.0,14.0,,22.0
Peter Lake,2016-07-11,0.75,,,,
Peter Lake,2016-07-11,1.0,,,,22.0
Peter Lake,2016-07-11,1.5,,,,22.0
Peter Lake,2016-07-11,2.0,,,,22.0
Peter Lake,2016-07-11,2.5,,,,20.3
Peter Lake,2016-07-11,3.0,,,,16.6
Peter Lake,2016-07-11,3.5,,,,13.2
Peter Lake,2016-07-11,4.0,,,,10.3
Peter Lake,2016-07-11,4.5,,,,8.4
Peter Lake,2016-07-11,5.0,,,,7.1
Peter Lake,2016-07-11,5.5,,,,6.1
Peter Lake,2016-07-11,6.0,,,,5.7
Peter Lake,2016-07-11,6.5,,,,5.4
Peter Lake,2016-07-11,7.0,,,,5.2
Peter Lake,2016-07-11,8.0,,,,4.9
Peter Lake,2016-07-11,9.0,,,,4.8
Peter Lake,2016-07-11,10.0,,,,4.8
Peter Lake,2016-07-11,11.0,,,,4.7
Peter Lake,2016-07-11,12.0,,,,4.7
Peter Lake,2016-07-18,0.0,,,,22.9
Peter Lake,2016-07-18,0.25,,,,
Peter Lake,2016-07-18,0.5,360.0,18.0,,22.8
Peter Lake,2016-07-18,0.75,,,,
Peter Lake,2016-07-18,1.0,,,,22.6
Peter Lake,2016-07-18,1.5,,,,22.6
Peter Lake,2016-07-18,2.0,,,,22.5
Peter Lake,2016-07-18,2.5,,,,21.2
Peter Lake,2016-07-18,3.0,,,,18.1
Peter Lake,2016-07-18,3.5,,,,14.2
Peter Lake,2016-07-18,4.0,,,,11.1
Peter Lake,2016-07-18,4.5,,,,9.2
Peter Lake,2016-07-18,5.0,,,,7.5
Peter Lake,2016-07-18,5.5,,,,6.3
Peter Lake,2016-07-18,6.0,,,,5.9
Peter Lake,2016-07-18,6.5,,,,5.5
Peter Lake,2016-07-18,7.0,,,,5.3
Peter Lake,2016-07-18,8.0,,,,5.0
Peter Lake,2016-07-18,9.0,,,,4.9
Peter Lake,2016-07-18,10.0,,,,4.8
Peter Lake,2016-07-18,11.0,,,,4.8
Peter Lake,2016-07-18,12.0,,,,4.7
Peter Lake,2016-07-25,0.0,,,,25.9
Peter Lake,2016-07-25,0.25,,,,
Peter Lake,2016-07-25,0.5,280.0,6.0,,25.9
Peter Lake,2016-07-25,0.75,,,,
Peter Lake,2016-07-25,1.0,,,,25.8
Peter Lake,2016-07-25,1.5,,,,25.6
Peter Lake,2016-07-25,2.0,,,,24.8
Peter Lake,2016-07-25,2.5,,,,21.6
Peter Lake,2016-07-25,3.0,,,,18.7
Peter Lake,2016-07-25,3.5,,,,15.1
Peter Lake,2016-07-25,4.0,,,,11.9
Peter Lake,2016-07-25,4.5,,,,9.5
Peter Lake,2016-07-25,5.0,,,,7.9
Peter Lake,2016-07-25,5.5,,,,6.8
Peter Lake,2016-07-25,6.0,,,,6.1
Peter Lake,2016-07-25,6.5,,,,5.7
Peter Lake,2016-07-25,7.0,,,,5.4
Peter Lake,2016-07-25,8.0,,,,5.0
Peter Lake,2016-07-25,9.0,,,,4.8
Peter Lake,2016-07-25,10.0,,,,4.8
Peter Lake,2016-07-25,11.0,,,,4.7
Peter Lake,2016-07-25,12.0,,,,4.7
Peter Lake,2016-08-01,0.0,,,,24.5
Peter Lake,2016-08-01,0.25,,,,
Peter Lake,2016-08-01,0.5,310.0,7.0,,24.5
Peter Lake,2016-08-01,0.75,,,,
Peter Lake,2016-08-01,1.0,,,,24.3
Peter Lake,2016-08-01,1.5,,,,24.2
Peter Lake,2016-08-01,2.0,,,,24.1
Peter Lake,2016-08-01,2.5,,,,23.1
Peter Lake,2016-08-01,3.0,,,,19.2
Peter Lake,2016-08-01,3.5,,,,15.4
Peter Lake,2016-08-01,4.0,,,,12.5
Peter Lake,2016-08-01,4.5,,,,10.2
Peter Lake,2016-08-01,5.0,,,,8.1
Peter Lake,2016-08-01,5.5,,,,7.1
Peter Lake,2016-08-01,6.0,,,,6.3
Peter Lake,2016-08-01,6.5,,,,5.8
Peter Lake,2016-08-01,7.0,,,,5.4
Peter Lake,2016-08-01,8.0,,,,5.0
Peter Lake,2016-08-01,9.0,,,,4.9
Peter Lake,2016-08-01,10.0,,,,4.8
Peter Lake,2016-08-01,11.0,,,,4.7
Peter Lake,2016-08-01,12.0,,,,4.7
Peter Lake,2016-08-08,0.0,,,,24.2
Peter Lake,2016-08-08,0.25,,,,
Peter Lake,2016-08-08,0.5,280.0,5.0,,24.1
Peter Lake,2016-08-08,0.75,,,,
Peter Lake,2016-08-08,1.0,,,,23.9
Peter Lake,2016-08-08,1.5,,,,23.9
Peter Lake,2016-08-08,2.0,,,,23.8
Peter Lake,2016-08-08,2.5,,,,23.7
Peter Lake,2016-08-08,3.0,,,,19.9
Peter Lake,2016-08-08,3.5,,,,16.3
Peter Lake,2016-08-08,4.0,,,,12.8
Peter Lake,2016-08-08,4.5,,,,10.3
Peter Lake,2016-08-08,5.0,,,,8.5
Peter Lake,2016-08-08,5.5,,,,7.1
Peter Lake,2016-08-08,6.0,,,,6.4
Peter Lake,2016-08-08,6.5,,,,5.8
Peter Lake,2016-08-08,7.0,,,,5.4
Peter Lake,2016-08-08,8.0,,,,5.1
Peter Lake,2016-08-08,9.0,,,,4.9
Peter Lake,2016-08-08,10.0,,,,4.8
Peter Lake,2016-08-08,11.0,,,,4.8
Peter Lake,2016-08-08,12.0,,,,4.7
Peter Lake,2016-08-15,0.0,,,,23.4
Peter Lake,2016-08-15,0.25,,,,
Peter Lake,2016-08-15,0.5,310.0,6.0,,23.1
Peter Lake,2016-08-15,0.75,,,,
Peter Lake,2016-08-15,1.0,,,,23.0
Peter Lake,2016-08-15,1.5,,,,22.9
Peter Lake,2016-08-15,2.0,,,,22.9
Peter Lake,2016-08-15,2.5,,,,22.8
Peter Lake,2016-08-15,3.0,,,,20.9
Peter Lake,2016-08-15,3.5,,,,17.4
Peter Lake,2016-08-15,4.0,,,,13.4
Peter Lake,2016-08-15,4.5,,,,11.5
Peter Lake,2016-08-15,5.0,,,,8.9
Peter Lake,2016-08-15,5.5,,,,7.5
Peter Lake,2016-08-15,6.0,,,,6.7
Peter Lake,2016-08-15,6.5,,,,6.1
Peter Lake,2016-08-15,7.0,,,,5.6
Peter Lake,2016-08-15,8.0,,,,5.1
Peter Lake,2016-08-15,9.0,,,,4.9
Peter Lake,2016-08-15,10.0,,,,4.8
Peter Lake,2016-08-15,11.0,,,,4.8
Peter Lake,2016-08-15,12.0,,,,4.7
